Time Interval, Browse Path, Value Source, Data Type
"0","Exchange/DataCenterDemo/Site1/DataHall2/Section1/Heatmap/Aisle1/Sensor1/Temperature","random(18.0, 23.9, true)","Double"
"0","Exchange/DataCenterDemo/Site1/DataHall2/Section1/UPS/UPS2B/Output/SystemOutputVoltageAB","random(480.0, 480.5, true)","Double"
"0","Exchange/DataCenterDemo/Site1/DataHall2/Section4/PDU/PDU6A/Outlet/Outlet4/RmsCurrent","random(10.0, 30.0, true)","Double"
"0","Exchange/DataCenterDemo/Site1/DataHall2/Section1/PDU/PDU2B/Outlet/Outlet3/RmsCurrent","random(10.0, 30.0, true)","Double"
"0","Exchange/DataCenterDemo/Site1/DataHall2/Section4/PDU/PDU5B/Outlet/Outlet16/RmsCurrent","random(10.0, 30.0, true)","Double"
"0","Exchange/DataCenterDemo/Site1/DataHall1/Section2/PDU/PDU1A/Outlet/Outlet2/RmsCurrent","random(10.0, 30.0, true)","Double"
"0","Exchange/DataCenterDemo/Site1/DataHall2/Section2/PDU/PDU1B/Outlet/Outlet7/RmsCurrent","random(10.0, 30.0, true)","Double"
"0","Exchange/DataCenterDemo/Site1/DataHall1/Section4/PDU/PDU2B/Outlet/Outlet15/RmsCurrent","random(10.0, 30.0, true)","Double"
"0","Exchange/DataCenterDemo/Site1/DataHall2/Section2/PDU/PDU9B/Outlet/Outlet2/RmsCurrent","random(10.0, 30.0, true)","Double"
"0","Exchange/DataCenterDemo/Site1/DataHall2/Section3/Section/UpsCapacity","cosine(0.9, 0.98, 97.337, true)","Double"
"0","Exchange/DataCenterDemo/Site1/DataHall2/Section3/PDU/PDU8B/Outlet/Outlet6/RmsCurrent","random(10.0, 30.0, true)","Double"
"0","Exchange/DataCenterDemo/Site1/DataHall1/Section1/PDU/PDU10A/Outlet/Outlet11/RmsCurrent","random(10.0, 30.0, true)","Double"
"0","Exchange/DataCenterDemo/Site1/DataHall1/Section2/PDU/PDU11B/Outlet/Outlet11/RmsCurrent","random(10.0, 30.0, true)","Double"
"0","Exchange/DataCenterDemo/Site1/DataHall1/Section4/PDU/PDU7A/Outlet/Outlet5/RmsCurrent","random(10.0, 30.0, true)","Double"
"0","Exchange/DataCenterDemo/Site1/DataHall1/Section3/PDU/PDU2B/Outlet/Outlet8/RmsCurrent","random(10.0, 30.0, true)","Double"
"0","Exchange/DataCenterDemo/Site1/DataHall1/Section2/PDU/PDU3B/Outlet/Outlet4/RmsCurrent","random(10.0, 30.0, true)","Double"
"0","Exchange/DataCenterDemo/Site1/DataHall2/Section3/PDU/PDU6B/Outlet/Outlet16/RmsCurrent","random(10.0, 30.0, true)","Double"
"0","Exchange/DataCenterDemo/Site1/DataHall1/Section4/PDU/PDU8A/Outlet/Outlet1/RmsCurrent","random(10.0, 30.0, true)","Double"
"0","Exchange/DataCenterDemo/Site1/DataHall1/Section2/AHU/AHU6/Fan/FanSpeedFeedback","cosine(70.0, 100.0, 109.65, true)","Double"
"0","Exchange/DataCenterDemo/Site1/DataHall1/Section2/PDU/PDU12A/Outlet/Outlet13/RmsCurrent","random(10.0, 30.0, true)","Double"
"0","Exchange/DataCenterDemo/Site1/DataHall1/Section3/AHU/AHU1/Temperature/ReturnAirTemperature","sine(30.0, 34.0, 194.16, true)","Double"
"0","Exchange/DataCenterDemo/Site1/DataHall2/Section4/PDU/PDU11B/Outlet/Outlet13/RmsCurrent","random(10.0, 30.0, true)","Double"
"0","Exchange/DataCenterDemo/Site1/DataHall2/Section4/PDU/PDU8B/Outlet/Outlet6/RmsCurrent","random(10.0, 30.0, true)","Double"
"0","Exchange/DataCenterDemo/Site1/DataHall2/Section4/AHU/AHU2/Status/IsAhuRunning","1.0","Double"
"0","Exchange/DataCenterDemo/Site1/DataHall2/Section4/PDU/PDU5A/Outlet/Outlet8/RmsCurrent","random(10.0, 30.0, true)","Double"
"0","Exchange/DataCenterDemo/Site1/DataHall1/Section3/PDU/PDU9B/Outlet/Outlet7/RmsCurrent","random(10.0, 30.0, true)","Double"
"0","Exchange/DataCenterDemo/Site1/DataHall1/Section4/Heatmap/Aisle5/Sensor2/Temperature","random(18.0, 23.9, true)","Double"
"0","Exchange/DataCenterDemo/Site1/DataHall2/Section4/PDU/PDU7A/Outlet/Outlet16/RmsCurrent","random(10.0, 30.0, true)","Double"
"0","Exchange/DataCenterDemo/Site1/DataHall1/Section2/PDU/PDU10B/Outlet/Outlet13/RmsCurrent","random(10.0, 30.0, true)","Double"
"0","Exchange/DataCenterDemo/Site1/Site/WaterUsageEffectiveness","ramp(1.8, 9.0, 10.0, true)","Double"
"0","Exchange/DataCenterDemo/Site1/DataHall1/Section3/PDU/PDU12B/Outlet/Outlet15/RmsCurrent","random(10.0, 30.0, true)","Double"
"0","Exchange/DataCenterDemo/Site1/DataHall2/Section2/PDU/PDU2B/Outlet/Outlet3/RmsCurrent","random(10.0, 30.0, true)","Double"
"0","Exchange/DataCenterDemo/Site1/DataHall2/Section3/UPS/UPS1B/Output/SystemOutputVoltageAB","random(480.0, 480.5, true)","Double"
"0","Exchange/DataCenterDemo/Site1/DataHall1/Section1/PDU/PDU3B/Outlet/Outlet4/RmsCurrent","random(10.0, 30.0, true)","Double"
"0","Exchange/DataCenterDemo/Site1/DataHall1/Section3/PDU/PDU8A/Outlet/Outlet1/RmsCurrent","random(10.0, 30.0, true)","Double"
"0","Exchange/DataCenterDemo/Site1/DataHall2/Section4/Heatmap/Aisle2/Sensor3/Humidity","cosine(42.0, 44.0, 103.594, true)","Double"
"0","Exchange/DataCenterDemo/Site1/DataHall2/Section1/PDU/PDU9B/Outlet/Outlet2/RmsCurrent","random(10.0, 30.0, true)","Double"
"0","Exchange/DataCenterDemo/Site1/DataHall2/Section2/Breaker/Breaker4B/Metering/VoltageMeanLL","random(470.0, 490.0, true)","Double"
"0","Exchange/DataCenterDemo/Site1/DataHall1/Section4/PDU/PDU3B/Outlet/Outlet13/RmsCurrent","random(10.0, 30.0, true)","Double"
"0","Exchange/DataCenterDemo/Site1/DataHall1/Section1/PDU/PDU2B/Outlet/Outlet8/RmsCurrent","random(10.0, 30.0, true)","Double"
"0","Exchange/DataCenterDemo/Site1/DataHall1/Section3/PDU/PDU7A/Outlet/Outlet5/RmsCurrent","random(10.0, 30.0, true)","Double"
"0","Exchange/DataCenterDemo/Site1/DataHall1/Section4/PDU/PDU2B/Outlet/Outlet8/RmsCurrent","random(10.0, 30.0, true)","Double"
"0","Exchange/DataCenterDemo/Site1/DataHall2/Section2/PDU/PDU11A/Outlet/Outlet9/RmsCurrent","random(10.0, 30.0, true)","Double"
"0","Exchange/DataCenterDemo/Site1/DataHall1/Section2/PQM/PQM2A/Voltage/VoltageAB","cosine(478.0, 481.0, 90.01, true)","Double"
"0","Exchange/DataCenterDemo/Site1/DataHall2/Section2/Heatmap/Aisle5/Sensor2/Temperature","random(18.0, 23.9, true)","Double"
"0","Exchange/DataCenterDemo/Site1/DataHall2/Section4/PDU/PDU9B/Outlet/Outlet2/RmsCurrent","random(10.0, 30.0, true)","Double"
"0","Exchange/DataCenterDemo/Site1/DataHall2/Section3/PDU/PDU8A/Outlet/Outlet16/RmsCurrent","random(10.0, 30.0, true)","Double"
"0","Exchange/DataCenterDemo/Site1/DataHall1/Section3/PDU/PDU4B/Outlet/Outlet13/RmsCurrent","random(10.0, 30.0, true)","Double"
"0","Exchange/DataCenterDemo/Site1/DataHall1/Section2/PDU/PDU8A/Outlet/Outlet1/RmsCurrent","random(10.0, 30.0, true)","Double"
"0","Exchange/DataCenterDemo/Site1/DataHall1/Section4/UPS/UPS2A/Input/SystemInputVoltageCA","random(470.0, 490.0, true)","Double"
"0","Exchange/DataCenterDemo/Site1/DataHall1/Section2/PQM/PQM2A/Voltage/VoltageAN","cosine(276.0, 278.0, 94.231, true)","Double"
"0","Exchange/DataCenterDemo/Site1/DataHall2/Section2/PDU/PDU6A/Outlet/Outlet4/RmsCurrent","random(10.0, 30.0, true)","Double"
"0","Exchange/DataCenterDemo/Site1/DataHall2/Section3/PDU/PDU5A/Outlet/Outlet8/RmsCurrent","random(10.0, 30.0, true)","Double"
"0","Exchange/DataCenterDemo/Site1/DataHall2/Section4/Breaker/Breaker3A/Metering/VoltageMeanLL","random(470.0, 490.0, true)","Double"
"0","Exchange/DataCenterDemo/Site1/DataHall2/Section4/PDU/PDU7B/Outlet/Outlet12/RmsCurrent","random(10.0, 30.0, true)","Double"
"0","Exchange/DataCenterDemo/Site1/DataHall2/Section1/PDU/PDU12A/Outlet/Outlet7/RmsCurrent","random(10.0, 30.0, true)","Double"
"0","Exchange/DataCenterDemo/Site1/DataHall1/Section1/PDU/PDU5B/Outlet/Outlet15/RmsCurrent","random(10.0, 30.0, true)","Double"
"0","Exchange/DataCenterDemo/Site1/DataHall1/Section4/UPS/UPS2A/Input/SystemInputVoltageBC","random(470.0, 490.0, true)","Double"
"0","Exchange/DataCenterDemo/Site1/DataHall2/Section3/PDU/PDU11A/Outlet/Outlet11/RmsCurrent","random(10.0, 30.0, true)","Double"
"0","Exchange/DataCenterDemo/Site1/DataHall1/Section3/PDU/PDU5A/Outlet/Outlet15/RmsCurrent","random(10.0, 30.0, true)","Double"
"0","Exchange/DataCenterDemo/Site1/DataHall1/Section4/PDU/PDU4B/Outlet/Outlet11/RmsCurrent","random(10.0, 30.0, true)","Double"
"0","Exchange/DataCenterDemo/Site1/DataHall2/Section4/PDU/PDU8A/Outlet/Outlet14/RmsCurrent","random(10.0, 30.0, true)","Double"
"0","Exchange/DataCenterDemo/Site1/DataHall1/Section4/PDU/PDU1A/Outlet/Outlet2/RmsCurrent","random(10.0, 30.0, true)","Double"
"0","Exchange/DataCenterDemo/Site1/DataHall2/Section1/PDU/PDU1B/Outlet/Outlet7/RmsCurrent","random(10.0, 30.0, true)","Double"
"0","Exchange/DataCenterDemo/Site1/DataHall1/Section1/PDU/PDU8A/Outlet/Outlet1/RmsCurrent","random(10.0, 30.0, true)","Double"
"0","Exchange/DataCenterDemo/Site1/DataHall1/Section2/PQM/PQM2A/Voltage/VoltageBC","cosine(478.0, 481.0, 103.756, true)","Double"
"0","Exchange/DataCenterDemo/Site1/DataHall2/Section1/PQM/PQM2A/Voltage/VoltageAB","cosine(478.0, 481.0, 109.99, true)","Double"
"0","Exchange/DataCenterDemo/Site1/DataHall2/Section4/AHU/AHU7/Temperature/ReturnAirTemperature","sine(30.0, 34.0, 198.842, true)","Double"
"0","Exchange/DataCenterDemo/Site1/DataHall1/Section2/PDU/PDU7A/Outlet/Outlet5/RmsCurrent","random(10.0, 30.0, true)","Double"
"0","Exchange/DataCenterDemo/Site1/DataHall1/Section4/AHU/AHU4/Fan/SupplyAirStaticPressure","cosine(210.0, 225.0, 100.219, true)","Double"
"0","Exchange/DataCenterDemo/Site1/DataHall2/Section1/PQM/PQM2A/Voltage/VoltageAN","cosine(276.0, 278.0, 105.023, true)","Double"
"0","Exchange/DataCenterDemo/Site1/DataHall1/Section2/PQM/PQM2A/Voltage/VoltageBN","cosine(276.0, 278.0, 109.828, true)","Double"
"0","Exchange/DataCenterDemo/Site1/DataHall2/Section3/PDU/PDU6A/Outlet/Outlet4/RmsCurrent","random(10.0, 30.0, true)","Double"
"0","Exchange/DataCenterDemo/Site1/DataHall1/Section2/PDU/PDU5B/Outlet/Outlet13/RmsCurrent","random(10.0, 30.0, true)","Double"
"0","Exchange/DataCenterDemo/Site1/DataHall2/Section2/PDU/PDU9A/Outlet/Outlet16/RmsCurrent","random(10.0, 30.0, true)","Double"
"0","Exchange/DataCenterDemo/Site1/DataHall1/Section2/Heatmap/Aisle5/Sensor1/Temperature","random(18.0, 23.9, true)","Double"
"0","Exchange/DataCenterDemo/Architecture/EAM/Agents/Edge 2/Independent/Metrics/Sessions/Designers","random(0.0, 2.0, true)","Double"
"0","Exchange/DataCenterDemo/Architecture/EAM/Agents/Edge 4/Independent/Metrics/Sessions/Perspective Sessions","random(10.0, 20.0, true)","Double"
"0","Exchange/DataCenterDemo/Site1/DataHall1/Section3/PDU/PDU1A/Outlet/Outlet2/RmsCurrent","random(10.0, 30.0, true)","Double"
"0","Exchange/DataCenterDemo/Site1/DataHall2/Section4/AHU/AHU6/Fan/FanSpeedFeedback","cosine(70.0, 100.0, 90.014, true)","Double"
"0","Exchange/DataCenterDemo/Site1/DataHall1/Section1/AHU/AHU3/Temperature/MixedAirTemperature","cosine(14.0, 16.0, 91.422, true)","Double"
"0","Exchange/DataCenterDemo/Site1/DataHall1/Section4/PDU/PDU4A/Outlet/Outlet15/RmsCurrent","random(10.0, 30.0, true)","Double"
"0","Exchange/DataCenterDemo/Site1/DataHall2/Section2/PDU/PDU5A/Outlet/Outlet8/RmsCurrent","random(10.0, 30.0, true)","Double"
"0","Exchange/DataCenterDemo/Site1/DataHall1/Section4/UPS/UPS1B/Output/SystemOutputVoltageCA","random(480.0, 480.5, true)","Double"
"0","Exchange/DataCenterDemo/Site1/DataHall1/Section4/UPS/UPS2A/Input/SystemInputVoltageAB","random(470.0, 490.0, true)","Double"
"0","Exchange/DataCenterDemo/Site1/DataHall1/Section1/Heatmap/Aisle10/Sensor3/Humidity","cosine(42.0, 44.0, 101.978, true)","Double"
"0","Exchange/DataCenterDemo/Site1/DataHall1/Section4/PDU/PDU9B/Outlet/Outlet7/RmsCurrent","random(10.0, 30.0, true)","Double"
"0","Exchange/DataCenterDemo/Site1/DataHall2/Section4/PDU/PDU10B/Outlet/Outlet15/RmsCurrent","random(10.0, 30.0, true)","Double"
"0","Exchange/DataCenterDemo/Site1/DataHall1/Section2/PQM/PQM2A/Voltage/VoltageCA","cosine(478.0, 481.0, 106.864, true)","Double"
"0","Exchange/DataCenterDemo/Site1/DataHall2/Section3/PDU/PDU8B/Outlet/Outlet12/RmsCurrent","random(10.0, 30.0, true)","Double"
"0","Exchange/DataCenterDemo/Site1/DataHall2/Section1/PQM/PQM2A/Voltage/VoltageBC","cosine(478.0, 481.0, 95.438, true)","Double"
"0","Exchange/DataCenterDemo/Site1/DataHall2/Section1/PQM/PQM2A/Voltage/VoltageBN","cosine(276.0, 278.0, 90.047, true)","Double"
"0","Exchange/DataCenterDemo/Site1/DataHall1/Section1/PDU/PDU6B/Outlet/Outlet13/RmsCurrent","random(10.0, 30.0, true)","Double"
"0","Exchange/DataCenterDemo/Site1/DataHall1/Section2/UPS/UPS2B/Output/SystemOutputVoltageCA","random(480.0, 480.5, true)","Double"
"0","Exchange/DataCenterDemo/Site1/DataHall1/Section2/PQM/PQM2A/Voltage/VoltageCN","cosine(276.0, 278.0, 97.589, true)","Double"
"0","Exchange/DataCenterDemo/Site1/DataHall1/Section4/PDU/PDU6A/Outlet/Outlet11/RmsCurrent","random(10.0, 30.0, true)","Double"
"0","Exchange/DataCenterDemo/Site1/DataHall1/Section1/PDU/PDU7A/Outlet/Outlet15/RmsCurrent","random(10.0, 30.0, true)","Double"
"0","Exchange/DataCenterDemo/Site1/DataHall2/Section4/PDU/PDU9A/Outlet/Outlet12/RmsCurrent","random(10.0, 30.0, true)","Double"
"0","Exchange/DataCenterDemo/Site1/DataHall2/Section4/PDU/PDU8B/Outlet/Outlet10/RmsCurrent","random(10.0, 30.0, true)","Double"
"0","Exchange/DataCenterDemo/Site1/DataHall1/Section1/UPS/UPS1B/Output/SystemOutputCurrentA","random(1500.0, 1800.0, true)","Double"
"0","Exchange/DataCenterDemo/Site1/DataHall1/Section1/PDU/PDU10A/Outlet/Outlet8/RmsCurrent","random(10.0, 30.0, true)","Double"
"0","Exchange/DataCenterDemo/Site1/DataHall1/Section1/UPS/UPS1B/Output/SystemOutputCurrentC","random(1500.0, 1800.0, true)","Double"
"0","Exchange/DataCenterDemo/Site1/DataHall1/Section1/UPS/UPS1B/Output/SystemOutputCurrentB","random(1500.0, 1800.0, true)","Double"
"0","Exchange/DataCenterDemo/Site1/DataHall1/Section4/PQM/PQM2B/PQ/ThdVoltageAN","3.3","Double"
"0","Exchange/DataCenterDemo/Site1/DataHall1/Section4/UPS/UPS1B/Output/SystemOutputVoltageBC","random(480.0, 480.5, true)","Double"
"0","Exchange/DataCenterDemo/Site1/DataHall2/Section1/AHU/AHU7/Fan/FanSpeedCommand","square(70.0, 100.0, 91.039, true)","Double"
"0","Exchange/DataCenterDemo/Site1/DataHall2/Section1/PQM/PQM2A/Voltage/VoltageCA","cosine(478.0, 481.0, 93.807, true)","Double"
"0","Exchange/DataCenterDemo/Site1/DataHall2/Section1/Breaker/Breaker4A/Metering/VoltageMeanLL","random(470.0, 490.0, true)","Double"
"0","Exchange/DataCenterDemo/Site1/DataHall1/Section2/AHU/AHU2/Temperature/SupplyAirTemperature","sine(21.0, 22.0, 97.078, true)","Double"
"0","Exchange/DataCenterDemo/Site1/DataHall1/Section2/PDU/PDU6B/Outlet/Outlet11/RmsCurrent","random(10.0, 30.0, true)","Double"
"0","Exchange/DataCenterDemo/Site1/DataHall1/Section2/PDU/PDU7A/Outlet/Outlet13/RmsCurrent","random(10.0, 30.0, true)","Double"
"0","Exchange/DataCenterDemo/Site1/DataHall1/Section2/PDU/PDU10A/Outlet/Outlet6/RmsCurrent","random(10.0, 30.0, true)","Double"
"0","Exchange/DataCenterDemo/Site1/DataHall2/Section2/PDU/PDU9B/Outlet/Outlet12/RmsCurrent","random(10.0, 30.0, true)","Double"
"0","Exchange/DataCenterDemo/Site1/DataHall1/Section2/AHU/AHU6/Fan/SupplyAirStaticPressure","cosine(210.0, 225.0, 107.421, true)","Double"
"0","Exchange/DataCenterDemo/Site1/DataHall1/Section1/Heatmap/Aisle9/Sensor1/Temperature","random(18.0, 23.9, true)","Double"
"0","Exchange/DataCenterDemo/Site1/DataHall2/Section3/Heatmap/Aisle10/Sensor3/Temperature","random(38.0, 43.9, true)","Double"
"0","Exchange/DataCenterDemo/Site1/DataHall2/Section1/PQM/PQM2A/Voltage/VoltageCN","cosine(276.0, 278.0, 103.261, true)","Double"
"0","Exchange/DataCenterDemo/Site1/DataHall2/Section4/Section/CoolingCapacity","cosine(0.6, 0.65, 99.96, true)","Double"
"0","Exchange/DataCenterDemo/Site1/DataHall1/Section1/Heatmap/Aisle1/Sensor1/Humidity","cosine(46.0, 48.0, 109.968, true)","Double"
"0","Exchange/DataCenterDemo/Site1/DataHall1/Section2/PDU/PDU6A/Outlet/Outlet15/RmsCurrent","random(10.0, 30.0, true)","Double"
"0","Exchange/DataCenterDemo/Site1/DataHall1/Section2/Heatmap/Aisle13/Sensor3/Humidity","cosine(46.0, 48.0, 100.752, true)","Double"
"0","Exchange/DataCenterDemo/Site1/DataHall1/Section3/PDU/PDU6A/Outlet/Outlet9/RmsCurrent","random(10.0, 30.0, true)","Double"
"0","Exchange/DataCenterDemo/Site1/DataHall1/Section3/PDU/PDU7A/Outlet/Outlet11/RmsCurrent","random(10.0, 30.0, true)","Double"
"0","Exchange/DataCenterDemo/Site1/DataHall1/Section4/PDU/PDU5A/Outlet/Outlet13/RmsCurrent","random(10.0, 30.0, true)","Double"
"0","Exchange/DataCenterDemo/Site1/DataHall1/Section4/UPS/UPS1B/Output/SystemOutputVoltageAB","random(480.0, 480.5, true)","Double"
"0","Exchange/DataCenterDemo/Site1/DataHall1/Section1/PDU/PDU11A/Outlet/Outlet4/RmsCurrent","random(10.0, 30.0, true)","Double"
"0","Exchange/DataCenterDemo/Site1/DataHall2/Section3/Breaker/Breaker1A/Metering/VoltageMeanLL","random(470.0, 490.0, true)","Double"
"0","Exchange/DataCenterDemo/Site1/DataHall2/Section3/PDU/PDU9A/Outlet/Outlet14/RmsCurrent","random(10.0, 30.0, true)","Double"
"0","Exchange/DataCenterDemo/Site1/DataHall2/Section3/PDU/PDU9B/Outlet/Outlet10/RmsCurrent","random(10.0, 30.0, true)","Double"
"0","Exchange/DataCenterDemo/Site1/DataHall1/Section1/PDU/PDU8A/Outlet/Outlet13/RmsCurrent","random(10.0, 30.0, true)","Double"
"0","Exchange/DataCenterDemo/Site1/DataHall1/Section3/PDU/PDU5B/Outlet/Outlet11/RmsCurrent","random(10.0, 30.0, true)","Double"
"0","Exchange/DataCenterDemo/Site1/DataHall1/Section3/AHU/AHU5/Fan/SupplyAirStaticPressure","cosine(210.0, 225.0, 95.84, true)","Double"
"0","Exchange/DataCenterDemo/Site1/DataHall1/Section2/AHU/AHU6/Status/IsAhuRunning","1.0","Double"
"0","Exchange/DataCenterDemo/Site1/DataHall1/Section4/PDU/PDU10A/Outlet/Outlet2/RmsCurrent","random(10.0, 30.0, true)","Double"
"0","Exchange/DataCenterDemo/Site1/DataHall1/Section1/Heatmap/Aisle11/Sensor2/Humidity","cosine(46.0, 48.0, 106.126, true)","Double"
"0","Exchange/DataCenterDemo/Site1/DataHall1/Section2/PDU/PDU11A/Outlet/Outlet2/RmsCurrent","random(10.0, 30.0, true)","Double"
"0","Exchange/DataCenterDemo/Site1/DataHall2/Section2/AHU/AHU7/Temperature/MixedAirTemperature","cosine(14.0, 16.0, 99.516, true)","Double"
"0","Exchange/DataCenterDemo/Site1/DataHall1/Section3/PDU/PDU3B/Outlet/Outlet4/RmsCurrent","random(10.0, 30.0, true)","Double"
"0","Exchange/DataCenterDemo/Site1/DataHall2/Section1/PDU/PDU12A/Outlet/Outlet10/RmsCurrent","random(10.0, 30.0, true)","Double"
"0","Exchange/DataCenterDemo/Site1/DataHall2/Section2/Heatmap/Aisle6/Sensor1/Humidity","cosine(42.0, 44.0, 93.333, true)","Double"
"0","Exchange/DataCenterDemo/Site1/DataHall2/Section3/UPS/UPS1B/Output/SystemOutputVoltageBC","random(480.0, 480.5, true)","Double"
"0","Exchange/DataCenterDemo/Site1/DataHall2/Section1/AHU/AHU2/Status/IsAhuRunning","1.0","Double"
"0","Exchange/DataCenterDemo/Site1/DataHall1/Section3/AHU/AHU6/Fan/FanSpeedCommand","square(70.0, 100.0, 90.1, true)","Double"
"0","Exchange/DataCenterDemo/Architecture/EAM/Agents/Edge 2/Independent/Metrics/System/CPU Usage","ramp(3.0, 18.0, 0.971, true)","Double"
"0","Exchange/DataCenterDemo/Site1/DataHall1/Section3/Breaker/Breaker4A/Metering/VoltageMeanLL","random(470.0, 490.0, true)","Double"
"0","Exchange/DataCenterDemo/Site1/DataHall1/Section1/PDU/PDU4A/Outlet/Outlet4/RmsCurrent","random(10.0, 30.0, true)","Double"
"0","Exchange/DataCenterDemo/Site1/DataHall2/Section1/PQM/PQM1B/PQ/ThdVoltageAN","3.3","Double"
"0","Exchange/DataCenterDemo/Site1/DataHall2/Section3/PDU/PDU2B/Outlet/Outlet3/RmsCurrent","random(10.0, 30.0, true)","Double"
"0","Exchange/DataCenterDemo/Site1/DataHall2/Section1/PDU/PDU8B/Outlet/Outlet6/RmsCurrent","random(10.0, 30.0, true)","Double"
"0","Exchange/DataCenterDemo/Site1/DataHall1/Section1/PDU/PDU3A/Outlet/Outlet8/RmsCurrent","random(10.0, 30.0, true)","Double"
"0","Exchange/DataCenterDemo/Site1/DataHall2/Section2/Heatmap/Aisle6/Sensor3/Temperature","random(38.0, 43.9, true)","Double"
"0","Exchange/DataCenterDemo/Site1/DataHall2/Section4/PDU/PDU12B/Outlet/Outlet11/RmsCurrent","random(10.0, 30.0, true)","Double"
"0","Exchange/DataCenterDemo/Site1/DataHall1/Section1/PDU/PDU10B/Outlet/Outlet4/RmsCurrent","random(10.0, 30.0, true)","Double"
"0","Exchange/DataCenterDemo/Site1/DataHall2/Section3/PDU/PDU10A/Outlet/Outlet13/RmsCurrent","random(10.0, 30.0, true)","Double"
"0","Exchange/DataCenterDemo/Site1/DataHall2/Section3/PDU/PDU9B/Outlet/Outlet2/RmsCurrent","random(10.0, 30.0, true)","Double"
"0","Exchange/DataCenterDemo/Site1/DataHall2/Section3/UPS/UPS1B/Output/SystemOutputVoltageCA","random(480.0, 480.5, true)","Double"
"0","Exchange/DataCenterDemo/Site1/DataHall1/Section3/PDU/PDU10A/Outlet/Outlet4/RmsCurrent","random(10.0, 30.0, true)","Double"
"0","Exchange/DataCenterDemo/Site1/DataHall2/Section3/Heatmap/Aisle4/Sensor2/Humidity","cosine(42.0, 44.0, 98.199, true)","Double"
"0","Exchange/DataCenterDemo/Site1/DataHall2/Section4/PDU/PDU12A/Outlet/Outlet15/RmsCurrent","random(10.0, 30.0, true)","Double"
"0","Exchange/DataCenterDemo/Site1/DataHall1/Section2/PDU/PDU10B/Outlet/Outlet2/RmsCurrent","random(10.0, 30.0, true)","Double"
"0","Exchange/DataCenterDemo/Site1/DataHall2/Section3/PDU/PDU1B/Outlet/Outlet7/RmsCurrent","random(10.0, 30.0, true)","Double"
"0","Exchange/DataCenterDemo/Site1/DataHall1/Section2/PDU/PDU11A/Outlet/Outlet15/RmsCurrent","random(10.0, 30.0, true)","Double"
"0","Exchange/DataCenterDemo/Site1/DataHall1/Section1/AHU/AHU7/Fan/SupplyAirStaticPressure","cosine(210.0, 225.0, 90.531, true)","Double"
"0","Exchange/DataCenterDemo/Site1/DataHall2/Section2/AHU/AHU5/Temperature/SupplyAirTemperature","sine(21.0, 22.0, 104.951, true)","Double"
"0","Exchange/DataCenterDemo/Site1/DataHall1/Section1/PDU/PDU9B/Outlet/Outlet7/RmsCurrent","random(10.0, 30.0, true)","Double"
"0","Exchange/DataCenterDemo/Site1/DataHall1/Section3/PDU/PDU6A/Outlet/Outlet13/RmsCurrent","random(10.0, 30.0, true)","Double"
"0","Exchange/DataCenterDemo/Site1/DataHall1/Section1/PDU/PDU7B/Outlet/Outlet11/RmsCurrent","random(10.0, 30.0, true)","Double"
"0","Exchange/DataCenterDemo/Site1/DataHall2/Section3/PQM/PQM2A/PQ/ThdVoltageAN","3.3","Double"
"0","Exchange/DataCenterDemo/Site1/DataHall2/Section1/PDU/PDU9A/Outlet/Outlet6/RmsCurrent","random(10.0, 30.0, true)","Double"
"0","Exchange/DataCenterDemo/Site1/DataHall2/Section4/PDU/PDU9A/Outlet/Outlet6/RmsCurrent","random(10.0, 30.0, true)","Double"
"0","Exchange/DataCenterDemo/Site1/DataHall2/Section1/PDU/PDU5B/Outlet/Outlet5/RmsCurrent","random(10.0, 30.0, true)","Double"
"0","Exchange/DataCenterDemo/Site1/DataHall2/Section2/PQM/PQM1B/Voltage/VoltageBC","cosine(478.0, 481.0, 99.775, true)","Double"
"0","Exchange/DataCenterDemo/Site1/DataHall2/Section3/Breaker/Breaker3B/Metering/CurrentA","random(4300.0, 5800.0, true)","Double"
"0","Exchange/DataCenterDemo/Site1/DataHall1/Section4/Heatmap/Aisle6/Sensor3/Temperature","random(38.0, 43.9, true)","Double"
"0","Exchange/DataCenterDemo/Site1/DataHall2/Section3/Breaker/Breaker3B/Metering/CurrentB","random(4300.0, 5800.0, true)","Double"
"0","Exchange/DataCenterDemo/Site1/DataHall2/Section3/Breaker/Breaker3B/Metering/CurrentC","random(4300.0, 5800.0, true)","Double"
"0","Exchange/DataCenterDemo/Site1/DataHall1/Section3/PQM/PQM1B/Voltage/VoltageCA","cosine(478.0, 481.0, 109.348, true)","Double"
"0","Exchange/DataCenterDemo/Site1/DataHall2/Section4/PDU/PDU4B/Outlet/Outlet8/RmsCurrent","random(10.0, 30.0, true)","Double"
"0","Exchange/DataCenterDemo/Site1/DataHall1/Section3/PDU/PDU3A/Outlet/Outlet8/RmsCurrent","random(10.0, 30.0, true)","Double"
"0","Exchange/DataCenterDemo/Site1/DataHall2/Section1/PDU/PDU3B/Outlet/Outlet12/RmsCurrent","random(10.0, 30.0, true)","Double"
"0","Exchange/DataCenterDemo/Site1/DataHall2/Section4/PDU/PDU3A/Outlet/Outlet2/RmsCurrent","random(10.0, 30.0, true)","Double"
"0","Exchange/DataCenterDemo/Site1/DataHall1/Section1/Heatmap/Aisle2/Sensor1/Temperature","random(38.0, 43.9, true)","Double"
"0","Exchange/DataCenterDemo/Site1/DataHall2/Section4/Breaker/Breaker1B/Metering/VoltageMeanLL","random(470.0, 490.0, true)","Double"
"0","Exchange/DataCenterDemo/Site1/DataHall2/Section4/PDU/PDU3A/Outlet/Outlet10/RmsCurrent","random(10.0, 30.0, true)","Double"
"0","Exchange/DataCenterDemo/Site1/DataHall2/Section3/AHU/AHU1/Fan/FanSpeedCommand","square(70.0, 100.0, 108.088, true)","Double"
"0","Exchange/DataCenterDemo/Site1/DataHall2/Section1/PDU/PDU4A/Outlet/Outlet14/RmsCurrent","random(10.0, 30.0, true)","Double"
"0","Exchange/DataCenterDemo/Site1/DataHall1/Section3/PQM/PQM1B/Voltage/VoltageBN","cosine(276.0, 278.0, 108.039, true)","Double"
"0","Exchange/DataCenterDemo/Site1/DataHall2/Section1/Heatmap/Aisle6/Sensor2/Humidity","cosine(42.0, 44.0, 98.543, true)","Double"
"0","Exchange/DataCenterDemo/Site1/DataHall2/Section4/AHU/AHU2/Temperature/SupplyAirTemperature","sine(21.0, 22.0, 105.773, true)","Double"
"0","Exchange/DataCenterDemo/Site1/DataHall2/Section2/PQM/PQM1B/Voltage/VoltageAN","cosine(276.0, 278.0, 108.291, true)","Double"
"0","Exchange/DataCenterDemo/Site1/DataHall2/Section2/PDU/PDU3B/Outlet/Outlet10/RmsCurrent","random(10.0, 30.0, true)","Double"
"0","Exchange/DataCenterDemo/Site1/DataHall2/Section1/PDU/PDU10B/Outlet/Outlet10/RmsCurrent","random(10.0, 30.0, true)","Double"
"0","Exchange/DataCenterDemo/Site1/DataHall2/Section2/PDU/PDU4A/Outlet/Outlet12/RmsCurrent","random(10.0, 30.0, true)","Double"
"0","Exchange/DataCenterDemo/Site1/DataHall2/Section4/Heatmap/Aisle4/Sensor2/Temperature","random(38.0, 43.9, true)","Double"
"0","Exchange/DataCenterDemo/Site1/DataHall2/Section4/PDU/PDU2A/Outlet/Outlet6/RmsCurrent","random(10.0, 30.0, true)","Double"
"0","Exchange/DataCenterDemo/Site1/DataHall1/Section3/UPS/UPS2B/Input/SystemInputPowerFactor","random(0.95, 0.98, true)","Double"
"0","Exchange/DataCenterDemo/Site1/DataHall2/Section4/PDU/PDU5B/Outlet/Outlet4/RmsCurrent","random(10.0, 30.0, true)","Double"
"0","Exchange/DataCenterDemo/Site1/DataHall2/Section1/PDU/PDU4B/Outlet/Outlet10/RmsCurrent","random(10.0, 30.0, true)","Double"
"0","Exchange/DataCenterDemo/Site1/DataHall2/Section3/Heatmap/Aisle5/Sensor1/Humidity","cosine(46.0, 48.0, 93.733, true)","Double"
"0","Exchange/DataCenterDemo/Site1/DataHall1/Section3/PDU/PDU4A/Outlet/Outlet4/RmsCurrent","random(10.0, 30.0, true)","Double"
"0","Exchange/DataCenterDemo/Site1/DataHall2/Section2/PQM/PQM1B/Voltage/VoltageCA","cosine(478.0, 481.0, 91.003, true)","Double"
"0","Exchange/DataCenterDemo/Site1/DataHall2/Section1/PDU/PDU11A/Outlet/Outlet12/RmsCurrent","random(10.0, 30.0, true)","Double"
"0","Exchange/DataCenterDemo/Site1/DataHall2/Section1/PDU/PDU6B/Outlet/Outlet1/RmsCurrent","random(10.0, 30.0, true)","Double"
"0","Exchange/DataCenterDemo/Site1/DataHall2/Section1/PDU/PDU4B/Outlet/Outlet9/RmsCurrent","random(10.0, 30.0, true)","Double"
"0","Exchange/DataCenterDemo/Site1/DataHall2/Section4/AHU/AHU1/Fan/SupplyAirStaticPressure","cosine(210.0, 225.0, 108.191, true)","Double"
"0","Exchange/DataCenterDemo/Site1/DataHall2/Section2/PDU/PDU2B/Outlet/Outlet12/RmsCurrent","random(10.0, 30.0, true)","Double"
"0","Exchange/DataCenterDemo/Architecture/EAM/Agents/Backend - Backup/Backup/Metrics/Sessions/Perspective Sessions","random(10.0, 20.0, true)","Double"
"0","Exchange/DataCenterDemo/Site1/DataHall1/Section3/PQM/PQM1B/Voltage/VoltageCN","cosine(276.0, 278.0, 102.063, true)","Double"
"0","Exchange/DataCenterDemo/Site1/DataHall2/Section4/PDU/PDU2A/Outlet/Outlet7/RmsCurrent","random(10.0, 30.0, true)","Double"
"0","Exchange/DataCenterDemo/Site1/DataHall2/Section2/PQM/PQM1B/Voltage/VoltageBN","cosine(276.0, 278.0, 91.466, true)","Double"
"0","Exchange/DataCenterDemo/Site1/DataHall2/Section4/AHU/AHU4/Temperature/MixedAirTemperature","cosine(14.0, 16.0, 100.491, true)","Double"
"0","Exchange/DataCenterDemo/Site1/DataHall2/Section3/PDU/PDU3A/Outlet/Outlet12/RmsCurrent","random(10.0, 30.0, true)","Double"
"0","Exchange/DataCenterDemo/Site1/DataHall1/Section1/PDU/PDU7B/Outlet/Outlet1/RmsCurrent","random(10.0, 30.0, true)","Double"
"0","Exchange/DataCenterDemo/Site1/DataHall1/Section2/PDU/PDU6B/Outlet/Outlet5/RmsCurrent","random(10.0, 30.0, true)","Double"
"0","Exchange/DataCenterDemo/Site1/DataHall1/Section3/PQM/PQM1B/Voltage/VoltageAB","cosine(478.0, 481.0, 91.202, true)","Double"
"0","Exchange/DataCenterDemo/Site1/DataHall2/Section1/PDU/PDU10A/Outlet/Outlet15/RmsCurrent","random(10.0, 30.0, true)","Double"
"0","Exchange/DataCenterDemo/Site1/DataHall1/Section3/PDU/PDU6B/Outlet/Outlet6/RmsCurrent","random(10.0, 30.0, true)","Double"
"0","Exchange/DataCenterDemo/Site1/DataHall2/Section3/AHU/AHU2/Fan/SupplyAirStaticPressure","cosine(210.0, 225.0, 90.207, true)","Double"
"0","Exchange/DataCenterDemo/Site1/DataHall2/Section3/PDU/PDU2A/Outlet/Outlet14/RmsCurrent","random(10.0, 30.0, true)","Double"
"0","Exchange/DataCenterDemo/Site1/DataHall1/Section2/UPS/UPS2B/Output/SystemOutputVoltageAB","random(480.0, 480.5, true)","Double"
"0","Exchange/DataCenterDemo/Site1/DataHall2/Section1/PDU/PDU6A/Outlet/Outlet10/RmsCurrent","random(10.0, 30.0, true)","Double"
"0","Exchange/DataCenterDemo/Site1/DataHall2/Section4/PDU/PDU1B/Outlet/Outlet10/RmsCurrent","random(10.0, 30.0, true)","Double"
"0","Exchange/DataCenterDemo/Site1/DataHall1/DataHall/PowerUsageEffectiveness","random(1.15, 1.3, false)","Double"
"0","Exchange/DataCenterDemo/Site1/DataHall2/Section1/Heatmap/Aisle4/Sensor3/Humidity","cosine(42.0, 44.0, 95.841, true)","Double"
"0","Exchange/DataCenterDemo/Site1/DataHall1/Section1/Section/CoolingCapacity","cosine(0.6, 0.65, 90.077, true)","Double"
"0","Exchange/DataCenterDemo/Site1/DataHall2/Section4/PDU/PDU9A/Outlet/Outlet5/RmsCurrent","random(10.0, 30.0, true)","Double"
"0","Exchange/DataCenterDemo/Site1/DataHall2/Section4/PDU/PDU2A/Outlet/Outlet12/RmsCurrent","random(10.0, 30.0, true)","Double"
"0","Exchange/DataCenterDemo/Site1/DataHall2/Section1/PDU/PDU3A/Outlet/Outlet16/RmsCurrent","random(10.0, 30.0, true)","Double"
"0","Exchange/DataCenterDemo/Site1/DataHall2/Section2/AHU/AHU3/Fan/SupplyAirStaticPressure","cosine(210.0, 225.0, 109.794, true)","Double"
"0","Exchange/DataCenterDemo/Site1/DataHall1/Section4/AHU/AHU4/Temperature/ReturnAirTemperature","sine(30.0, 34.0, 196.744, true)","Double"
"0","Exchange/DataCenterDemo/Site1/DataHall2/Section2/PQM/PQM1B/Voltage/VoltageAB","cosine(478.0, 481.0, 109.184, true)","Double"
"0","Exchange/DataCenterDemo/Site1/DataHall1/Section3/PQM/PQM1B/Voltage/VoltageBC","cosine(478.0, 481.0, 99.338, true)","Double"
"0","Exchange/DataCenterDemo/Site1/DataHall1/Section2/PDU/PDU5B/Outlet/Outlet9/RmsCurrent","random(10.0, 30.0, true)","Double"
"0","Exchange/DataCenterDemo/Site1/DataHall1/Section2/PDU/PDU7B/Outlet/Outlet1/RmsCurrent","random(10.0, 30.0, true)","Double"
"0","Exchange/DataCenterDemo/Site1/DataHall1/Section2/PDU/PDU6B/Outlet/Outlet6/RmsCurrent","random(10.0, 30.0, true)","Double"
"0","Exchange/DataCenterDemo/Site1/DataHall1/Section2/UPS/UPS2B/Output/SystemOutputVoltageBC","random(480.0, 480.5, true)","Double"
"0","Exchange/DataCenterDemo/Site1/DataHall1/Section3/UPS/UPS1B/Battery/BatteryCapacityRemaining","ramp(95.0, 99.0, 108.143, true)","Double"
"0","Exchange/DataCenterDemo/Site1/DataHall2/Section2/PDU/PDU3A/Outlet/Outlet14/RmsCurrent","random(10.0, 30.0, true)","Double"
"0","Exchange/DataCenterDemo/Site1/DataHall2/Section3/PDU/PDU4B/Outlet/Outlet8/RmsCurrent","random(10.0, 30.0, true)","Double"
"0","Exchange/DataCenterDemo/Site1/DataHall1/Section3/PQM/PQM1B/Voltage/VoltageAN","cosine(276.0, 278.0, 91.246, true)","Double"
"0","Exchange/DataCenterDemo/Site1/DataHall2/Section1/PDU/PDU10B/Outlet/Outlet11/RmsCurrent","random(10.0, 30.0, true)","Double"
"0","Exchange/DataCenterDemo/Site1/DataHall2/Section1/PDU/PDU10A/Outlet/Outlet14/RmsCurrent","random(10.0, 30.0, true)","Double"
"0","Exchange/DataCenterDemo/Site1/DataHall2/Section3/PDU/PDU5B/Outlet/Outlet4/RmsCurrent","random(10.0, 30.0, true)","Double"
"0","Exchange/DataCenterDemo/Site1/DataHall1/Section2/PDU/PDU7B/Outlet/Outlet2/RmsCurrent","random(10.0, 30.0, true)","Double"
"0","Exchange/DataCenterDemo/Site1/DataHall2/Section3/PDU/PDU2B/Outlet/Outlet10/RmsCurrent","random(10.0, 30.0, true)","Double"
"0","Exchange/DataCenterDemo/Site1/DataHall1/Section4/AHU/AHU7/Temperature/MixedAirTemperature","cosine(14.0, 16.0, 108.343, true)","Double"
"0","Exchange/DataCenterDemo/Site1/DataHall1/Section1/PDU/PDU4A/Outlet/Outlet3/RmsCurrent","random(10.0, 30.0, true)","Double"
"0","Exchange/DataCenterDemo/Site1/DataHall2/Section4/PDU/PDU12A/Outlet/Outlet1/RmsCurrent","random(10.0, 30.0, true)","Double"
"0","Exchange/DataCenterDemo/Site1/DataHall1/Section4/PDU/PDU12B/Outlet/Outlet3/RmsCurrent","random(10.0, 30.0, true)","Double"
"0","Exchange/DataCenterDemo/Site1/DataHall1/Section4/PQM/PQM2A/Freq/Frequency","ramp(59.7, 60.3, 0.902, true)","Double"
"0","Exchange/DataCenterDemo/Site1/DataHall2/Section3/Heatmap/Aisle9/Sensor3/Temperature","random(18.0, 23.9, true)","Double"
"0","Exchange/DataCenterDemo/Site1/DataHall1/Section1/PDU/PDU5B/Outlet/Outlet9/RmsCurrent","random(10.0, 30.0, true)","Double"
"0","Exchange/DataCenterDemo/Site1/DataHall2/Section1/PDU/PDU12A/Outlet/Outlet11/RmsCurrent","random(10.0, 30.0, true)","Double"
"0","Exchange/DataCenterDemo/Site1/DataHall2/Section1/PDU/PDU5A/Outlet/Outlet8/RmsCurrent","random(10.0, 30.0, true)","Double"
"0","Exchange/DataCenterDemo/Site1/DataHall1/Section2/AHU/AHU7/Temperature/ReturnAirTemperature","sine(30.0, 34.0, 194.839, true)","Double"
"0","Exchange/DataCenterDemo/Site1/DataHall1/Section1/AHU/AHU5/Fan/FanSpeedCommand","square(70.0, 100.0, 109.994, true)","Double"
"0","Exchange/DataCenterDemo/Site1/DataHall1/Section3/PDU/PDU7B/Outlet/Outlet2/RmsCurrent","random(10.0, 30.0, true)","Double"
"0","Exchange/DataCenterDemo/Site1/DataHall1/Section1/PDU/PDU11A/Outlet/Outlet3/RmsCurrent","random(10.0, 30.0, true)","Double"
"0","Exchange/DataCenterDemo/Site1/DataHall1/Section3/Heatmap/Aisle1/Sensor1/Temperature","random(18.0, 23.9, true)","Double"
"0","Exchange/DataCenterDemo/Site1/DataHall2/Section2/PDU/PDU12A/Outlet/Outlet5/RmsCurrent","random(10.0, 30.0, true)","Double"
"0","Exchange/DataCenterDemo/Site1/DataHall1/Section4/AHU/AHU4/Fan/FanSpeedFeedback","cosine(70.0, 100.0, 108.531, true)","Double"
"0","Exchange/DataCenterDemo/Site1/DataHall2/Section4/Heatmap/Aisle10/Sensor3/Temperature","random(38.0, 43.9, true)","Double"
"0","Exchange/DataCenterDemo/Site1/DataHall2/Section4/Heatmap/Aisle12/Sensor1/Humidity","cosine(42.0, 44.0, 98.2, true)","Double"
"0","Exchange/DataCenterDemo/Site1/DataHall1/Section1/PDU/PDU3A/Outlet/Outlet7/RmsCurrent","random(10.0, 30.0, true)","Double"
"0","Exchange/DataCenterDemo/Site1/DataHall1/Section1/PDU/PDU6B/Outlet/Outlet5/RmsCurrent","random(10.0, 30.0, true)","Double"
"0","Exchange/DataCenterDemo/Site1/DataHall1/Section4/PDU/PDU9B/Outlet/Outlet14/RmsCurrent","random(10.0, 30.0, true)","Double"
"0","Exchange/DataCenterDemo/Site1/DataHall2/Section4/Heatmap/Aisle10/Sensor2/Humidity","cosine(42.0, 44.0, 106.862, true)","Double"
"0","Exchange/DataCenterDemo/Site1/DataHall2/Section4/UPS/UPS2B/Output/SystemOutputCurrentC","random(1500.0, 1800.0, true)","Double"
"0","Exchange/DataCenterDemo/Site1/DataHall1/Section4/PDU/PDU3B/Outlet/Outlet4/RmsCurrent","random(10.0, 30.0, true)","Double"
"0","Exchange/DataCenterDemo/Site1/DataHall2/Section3/PDU/PDU8A/Outlet/Outlet9/RmsCurrent","random(10.0, 30.0, true)","Double"
"0","Exchange/DataCenterDemo/Site1/DataHall1/Section4/PDU/PDU10A/Outlet/Outlet1/RmsCurrent","random(10.0, 30.0, true)","Double"
"0","Exchange/DataCenterDemo/Site1/DataHall2/Section1/PDU/PDU11A/Outlet/Outlet13/RmsCurrent","random(10.0, 30.0, true)","Double"
"0","Exchange/DataCenterDemo/Site1/DataHall2/Section1/AHU/AHU6/Temperature/SupplyAirTemperature","sine(21.0, 22.0, 98.894, true)","Double"
"0","Exchange/DataCenterDemo/Site1/DataHall2/Section2/Heatmap/Aisle5/Sensor2/Humidity","cosine(46.0, 48.0, 109.998, true)","Double"
"0","Exchange/DataCenterDemo/Site1/DataHall2/Section4/UPS/UPS2B/Output/SystemOutputCurrentB","random(1500.0, 1800.0, true)","Double"
"0","Exchange/DataCenterDemo/Site1/DataHall2/Section4/UPS/UPS2B/Output/SystemOutputCurrentA","random(1500.0, 1800.0, true)","Double"
"0","Exchange/DataCenterDemo/Site1/DataHall2/Section1/PDU/PDU6A/Outlet/Outlet4/RmsCurrent","random(10.0, 30.0, true)","Double"
"0","Exchange/DataCenterDemo/Site1/DataHall2/Section3/PDU/PDU9A/Outlet/Outlet5/RmsCurrent","random(10.0, 30.0, true)","Double"
"0","Exchange/DataCenterDemo/Site1/DataHall1/Section2/UPS/UPS2B/Input/SystemInputVoltageAB","random(470.0, 490.0, true)","Double"
"0","Exchange/DataCenterDemo/Site1/DataHall1/Section2/UPS/UPS2B/Input/SystemInputVoltageCA","random(470.0, 490.0, true)","Double"
"0","Exchange/DataCenterDemo/Site1/DataHall1/Section3/UPS/UPS1B/Input/SystemInputVoltageBC","random(470.0, 490.0, true)","Double"
"0","Exchange/DataCenterDemo/Site1/DataHall2/Section3/UPS/UPS2B/Input/SystemInputCurrentA","random(1600.0, 1900.0, true)","Double"
"0","Exchange/DataCenterDemo/Site1/DataHall1/Section2/PDU/PDU4B/Outlet/Outlet15/RmsCurrent","random(10.0, 30.0, true)","Double"
"0","Exchange/DataCenterDemo/Site1/DataHall2/Section3/UPS/UPS2B/Input/SystemInputCurrentB","random(1600.0, 1900.0, true)","Double"
"0","Exchange/DataCenterDemo/Site1/DataHall2/Section3/UPS/UPS2B/Input/SystemInputCurrentC","random(1600.0, 1900.0, true)","Double"
"0","Exchange/DataCenterDemo/Site1/DataHall2/Section2/Heatmap/Aisle3/Sensor3/Humidity","cosine(46.0, 48.0, 91.705, true)","Double"
"0","Exchange/DataCenterDemo/Site1/DataHall1/Section3/PDU/PDU10A/Outlet/Outlet10/RmsCurrent","random(10.0, 30.0, true)","Double"
"0","Exchange/DataCenterDemo/Site1/DataHall1/Section2/PDU/PDU10A/Outlet/Outlet5/RmsCurrent","random(10.0, 30.0, true)","Double"
"0","Exchange/DataCenterDemo/Site1/DataHall2/Section3/PDU/PDU11A/Outlet/Outlet7/RmsCurrent","random(10.0, 30.0, true)","Double"
"0","Exchange/DataCenterDemo/Site1/DataHall2/Section2/PDU/PDU5A/Outlet/Outlet10/RmsCurrent","random(10.0, 30.0, true)","Double"
"0","Exchange/DataCenterDemo/Site1/DataHall2/Section1/Breaker/Breaker2B/Metering/VoltageMeanLL","random(470.0, 490.0, true)","Double"
"0","Exchange/DataCenterDemo/Site1/DataHall2/Section2/Section/ItLoadMw","sine(850.0, 1150.0, 10.0, true)","Double"
"0","Exchange/DataCenterDemo/Site1/DataHall1/Section1/Heatmap/Aisle2/Sensor1/Humidity","cosine(42.0, 44.0, 109.349, true)","Double"
"0","Exchange/DataCenterDemo/Site1/DataHall1/Section2/Heatmap/Aisle12/Sensor3/Humidity","cosine(42.0, 44.0, 103.509, true)","Double"
"0","Exchange/DataCenterDemo/Site1/DataHall1/Section2/Breaker/Breaker2A/Metering/VoltageMeanLL","random(470.0, 490.0, true)","Double"
"0","Exchange/DataCenterDemo/Site1/DataHall2/Section4/PDU/PDU11A/Outlet/Outlet5/RmsCurrent","random(10.0, 30.0, true)","Double"
"0","Exchange/DataCenterDemo/Site1/DataHall2/Section2/PQM/PQM1B/Voltage/VoltageCN","cosine(276.0, 278.0, 98.811, true)","Double"
"0","Exchange/DataCenterDemo/Site1/DataHall2/Section4/PDU/PDU3A/Outlet/Outlet3/RmsCurrent","random(10.0, 30.0, true)","Double"
"0","Exchange/DataCenterDemo/Site1/DataHall1/Section3/PDU/PDU10A/Outlet/Outlet3/RmsCurrent","random(10.0, 30.0, true)","Double"
"0","Exchange/DataCenterDemo/Site1/DataHall1/Section2/UPS/UPS2B/Input/SystemInputVoltageBC","random(470.0, 490.0, true)","Double"
"0","Exchange/DataCenterDemo/Site1/DataHall1/Section3/AHU/AHU5/Fan/FanSpeedFeedback","cosine(70.0, 100.0, 90.1, true)","Double"
"0","Exchange/DataCenterDemo/Site1/DataHall1/Section3/PDU/PDU9B/Outlet/Outlet16/RmsCurrent","random(10.0, 30.0, true)","Double"
"0","Exchange/DataCenterDemo/Site1/DataHall1/Section3/UPS/UPS1B/Input/SystemInputVoltageCA","random(470.0, 490.0, true)","Double"
"0","Exchange/DataCenterDemo/Site1/DataHall2/Section3/PDU/PDU3A/Outlet/Outlet2/RmsCurrent","random(10.0, 30.0, true)","Double"
"0","Exchange/DataCenterDemo/Site1/DataHall1/Section3/UPS/UPS1B/Input/SystemInputVoltageAB","random(470.0, 490.0, true)","Double"
"0","Exchange/DataCenterDemo/Site1/DataHall2/Section4/Breaker/Breaker1B/Metering/CurrentA","random(4300.0, 5800.0, true)","Double"
"0","Exchange/DataCenterDemo/Site1/DataHall1/Section1/AHU/AHU7/Fan/FanSpeedFeedback","cosine(70.0, 100.0, 92.178, true)","Double"
"0","Exchange/DataCenterDemo/Site1/DataHall1/Section1/Heatmap/Aisle12/Sensor1/Humidity","cosine(42.0, 44.0, 90.014, true)","Double"
"0","Exchange/DataCenterDemo/Site1/DataHall1/Section1/PDU/PDU9B/Outlet/Outlet8/RmsCurrent","random(10.0, 30.0, true)","Double"
"0","Exchange/DataCenterDemo/Site1/DataHall1/Section3/PDU/PDU3B/Outlet/Outlet15/RmsCurrent","random(10.0, 30.0, true)","Double"
"0","Exchange/DataCenterDemo/Site1/DataHall2/Section3/PDU/PDU4A/Outlet/Outlet10/RmsCurrent","random(10.0, 30.0, true)","Double"
"0","Exchange/DataCenterDemo/Site1/DataHall1/Section2/PDU/PDU3A/Outlet/Outlet8/RmsCurrent","random(10.0, 30.0, true)","Double"
"0","Exchange/DataCenterDemo/Site1/DataHall1/Section4/PDU/PDU8B/Outlet/Outlet16/RmsCurrent","random(10.0, 30.0, true)","Double"
"0","Exchange/DataCenterDemo/Site1/DataHall2/Section2/PDU/PDU8B/Outlet/Outlet6/RmsCurrent","random(10.0, 30.0, true)","Double"
"0","Exchange/DataCenterDemo/Site1/DataHall2/Section4/PDU/PDU10A/Outlet/Outlet9/RmsCurrent","random(10.0, 30.0, true)","Double"
"0","Exchange/DataCenterDemo/Architecture/EAM/Agents/Backend - Master/Master/Metrics/Sessions/Perspective Sessions","random(10.0, 20.0, true)","Double"
"0","Exchange/DataCenterDemo/Site1/DataHall2/Section3/PDU/PDU12A/Outlet/Outlet3/RmsCurrent","random(10.0, 30.0, true)","Double"
"0","Exchange/DataCenterDemo/Site1/DataHall1/Section3/PQM/PQM1A/Freq/Frequency","ramp(59.7, 60.3, 0.94, true)","Double"
"0","Exchange/DataCenterDemo/Site1/DataHall2/Section1/PQM/PQM1B/Current/CurrentB","random(3750.0, 4100.0, true)","Double"
"0","Exchange/DataCenterDemo/Site1/DataHall2/Section4/PDU/PDU9A/Outlet/Outlet11/RmsCurrent","random(10.0, 30.0, true)","Double"
"0","Exchange/DataCenterDemo/Site1/DataHall2/Section1/PQM/PQM1B/Current/CurrentA","random(3750.0, 4100.0, true)","Double"
"0","Exchange/DataCenterDemo/Site1/DataHall1/Section2/PDU/PDU4A/Outlet/Outlet4/RmsCurrent","random(10.0, 30.0, true)","Double"
"0","Exchange/DataCenterDemo/Site1/DataHall2/Section1/PQM/PQM1B/Current/CurrentC","random(3750.0, 4100.0, true)","Double"
"0","Exchange/DataCenterDemo/Site1/DataHall2/Section3/PDU/PDU2A/Outlet/Outlet6/RmsCurrent","random(10.0, 30.0, true)","Double"
"0","Exchange/DataCenterDemo/Site1/DataHall2/Section1/PDU/PDU5A/Outlet/Outlet12/RmsCurrent","random(10.0, 30.0, true)","Double"
"0","Exchange/DataCenterDemo/Site1/DataHall2/Section4/Breaker/Breaker1B/Metering/CurrentB","random(4300.0, 5800.0, true)","Double"
"0","Exchange/DataCenterDemo/Site1/DataHall1/Section2/PDU/PDU11A/Outlet/Outlet1/RmsCurrent","random(10.0, 30.0, true)","Double"
"0","Exchange/DataCenterDemo/Site1/DataHall2/Section4/Breaker/Breaker1B/Metering/CurrentC","random(4300.0, 5800.0, true)","Double"
"0","Exchange/DataCenterDemo/Site1/DataHall2/Section4/Breaker/Breaker3B/Metering/CurrentA","random(4300.0, 5800.0, true)","Double"
"0","Exchange/DataCenterDemo/Site1/DataHall2/Section4/Heatmap/Aisle5/Sensor3/Temperature","random(18.0, 23.9, true)","Double"
"0","Exchange/DataCenterDemo/Site1/DataHall2/Section4/Breaker/Breaker3B/Metering/CurrentB","random(4300.0, 5800.0, true)","Double"
"0","Exchange/DataCenterDemo/Site1/DataHall1/Section4/PDU/PDU6A/Outlet/Outlet9/RmsCurrent","random(10.0, 30.0, true)","Double"
"0","Exchange/DataCenterDemo/Site1/DataHall2/Section4/Breaker/Breaker3B/Metering/CurrentC","random(4300.0, 5800.0, true)","Double"
"0","Exchange/DataCenterDemo/Site1/DataHall2/Section4/UPS/UPS1B/Input/SystemInputPowerFactor","random(0.95, 0.98, true)","Double"
"0","Exchange/DataCenterDemo/Site1/DataHall1/Section1/PDU/PDU5B/Outlet/Outlet14/RmsCurrent","random(10.0, 30.0, true)","Double"
"0","Exchange/DataCenterDemo/Site1/DataHall2/Section1/PDU/PDU12A/Outlet/Outlet6/RmsCurrent","random(10.0, 30.0, true)","Double"
"0","Exchange/DataCenterDemo/Site1/DataHall1/Section4/UPS/UPS2B/Battery/BatteryCapacityRemaining","ramp(95.0, 99.0, 109.736, true)","Double"
"0","Exchange/DataCenterDemo/Site1/DataHall2/Section3/PDU/PDU2B/Outlet/Outlet2/RmsCurrent","random(10.0, 30.0, true)","Double"
"0","Exchange/DataCenterDemo/Site1/DataHall1/Section4/PDU/PDU4B/Outlet/Outlet10/RmsCurrent","random(10.0, 30.0, true)","Double"
"0","Exchange/DataCenterDemo/Site1/DataHall1/Section4/PDU/PDU5A/Outlet/Outlet12/RmsCurrent","random(10.0, 30.0, true)","Double"
"0","Exchange/DataCenterDemo/Site1/DataHall1/Section1/PDU/PDU6A/Outlet/Outlet16/RmsCurrent","random(10.0, 30.0, true)","Double"
"0","Exchange/DataCenterDemo/Site1/DataHall1/Section4/PDU/PDU1A/Outlet/Outlet1/RmsCurrent","random(10.0, 30.0, true)","Double"
"0","Exchange/DataCenterDemo/Site1/DataHall2/Section3/PDU/PDU11A/Outlet/Outlet10/RmsCurrent","random(10.0, 30.0, true)","Double"
"0","Exchange/DataCenterDemo/Site1/DataHall1/Section1/PDU/PDU8A/Outlet/Outlet2/RmsCurrent","random(10.0, 30.0, true)","Double"
"0","Exchange/DataCenterDemo/Site1/DataHall2/Section4/AHU/AHU7/Fan/SupplyAirStaticPressure","cosine(210.0, 225.0, 101.982, true)","Double"
"0","Exchange/DataCenterDemo/Site1/DataHall2/Section4/PDU/PDU11A/Outlet/Outlet4/RmsCurrent","random(10.0, 30.0, true)","Double"
"0","Exchange/DataCenterDemo/Site1/DataHall2/Section4/Heatmap/Aisle11/Sensor1/Humidity","cosine(46.0, 48.0, 101.02, true)","Double"
"0","Exchange/DataCenterDemo/Site1/DataHall1/Section2/Heatmap/Aisle3/Sensor3/Temperature","random(18.0, 23.9, true)","Double"
"0","Exchange/DataCenterDemo/Site1/DataHall1/Section4/Heatmap/Aisle12/Sensor3/Temperature","random(38.0, 43.9, true)","Double"
"0","Exchange/DataCenterDemo/Site1/DataHall2/Section2/PDU/PDU9A/Outlet/Outlet15/RmsCurrent","random(10.0, 30.0, true)","Double"
"0","Exchange/DataCenterDemo/Site1/DataHall1/Section3/AHU/AHU5/Temperature/SupplyAirTemperature","sine(21.0, 22.0, 95.837, true)","Double"
"0","Exchange/DataCenterDemo/Site1/DataHall2/Section2/PDU/PDU8B/Outlet/Outlet13/RmsCurrent","random(10.0, 30.0, true)","Double"
"0","Exchange/DataCenterDemo/Site1/DataHall1/Section3/PDU/PDU5B/Outlet/Outlet10/RmsCurrent","random(10.0, 30.0, true)","Double"
"0","Exchange/DataCenterDemo/Site1/DataHall2/Section1/PDU/PDU6A/Outlet/Outlet5/RmsCurrent","random(10.0, 30.0, true)","Double"
"0","Exchange/DataCenterDemo/Site1/DataHall2/Section1/PDU/PDU9B/Outlet/Outlet3/RmsCurrent","random(10.0, 30.0, true)","Double"
"0","Exchange/DataCenterDemo/Site1/DataHall2/Section1/Heatmap/Aisle6/Sensor1/Humidity","cosine(42.0, 44.0, 109.602, true)","Double"
"0","Exchange/DataCenterDemo/Site1/DataHall2/Section1/AHU/AHU4/Fan/FanSpeedFeedback","cosine(70.0, 100.0, 100.396, true)","Double"
"0","Exchange/DataCenterDemo/Site1/DataHall1/Section2/PDU/PDU4B/Outlet/Outlet14/RmsCurrent","random(10.0, 30.0, true)","Double"
"0","Exchange/DataCenterDemo/Site1/DataHall2/Section2/PDU/PDU11A/Outlet/Outlet8/RmsCurrent","random(10.0, 30.0, true)","Double"
"0","Exchange/DataCenterDemo/Site1/DataHall1/Section4/PDU/PDU2B/Outlet/Outlet7/RmsCurrent","random(10.0, 30.0, true)","Double"
"0","Exchange/DataCenterDemo/Site1/DataHall2/Section4/PDU/PDU11B/Outlet/Outlet2/RmsCurrent","random(10.0, 30.0, true)","Double"
"0","Exchange/DataCenterDemo/Site1/DataHall1/Section3/Heatmap/Aisle12/Sensor3/Temperature","random(38.0, 43.9, true)","Double"
"0","Exchange/DataCenterDemo/Site1/DataHall2/Section3/PDU/PDU7B/Outlet/Outlet13/RmsCurrent","random(10.0, 30.0, true)","Double"
"0","Exchange/DataCenterDemo/Site1/DataHall2/Section1/PDU/PDU12B/Outlet/Outlet4/RmsCurrent","random(10.0, 30.0, true)","Double"
"0","Exchange/DataCenterDemo/Site1/DataHall2/Section1/UPS/UPS1A/Output/SystemOutputVoltageCA","random(480.0, 480.5, true)","Double"
"0","Exchange/DataCenterDemo/Site1/DataHall2/Section2/UPS/UPS2B/Output/SystemOutputCurrentC","random(1500.0, 1800.0, true)","Double"
"0","Exchange/DataCenterDemo/Site1/DataHall2/Section2/UPS/UPS2B/Output/SystemOutputCurrentA","random(1500.0, 1800.0, true)","Double"
"0","Exchange/DataCenterDemo/Site1/DataHall2/Section4/PDU/PDU8B/Outlet/Outlet5/RmsCurrent","random(10.0, 30.0, true)","Double"
"0","Exchange/DataCenterDemo/Site1/DataHall2/Section2/UPS/UPS2B/Output/SystemOutputCurrentB","random(1500.0, 1800.0, true)","Double"
"0","Exchange/DataCenterDemo/Site1/DataHall2/Section3/PDU/PDU5A/Outlet/Outlet9/RmsCurrent","random(10.0, 30.0, true)","Double"
"0","Exchange/DataCenterDemo/Site1/DataHall2/Section2/Heatmap/Aisle7/Sensor1/Humidity","cosine(46.0, 48.0, 91.516, true)","Double"
"0","Exchange/DataCenterDemo/Site1/DataHall1/Section2/PDU/PDU9B/Outlet/Outlet8/RmsCurrent","random(10.0, 30.0, true)","Double"
"0","Exchange/DataCenterDemo/Site1/DataHall1/Section3/PDU/PDU12B/Outlet/Outlet16/RmsCurrent","random(10.0, 30.0, true)","Double"
"0","Exchange/DataCenterDemo/Site1/DataHall2/Section4/PDU/PDU10B/Outlet/Outlet16/RmsCurrent","random(10.0, 30.0, true)","Double"
"0","Exchange/DataCenterDemo/Site1/DataHall1/Section3/PDU/PDU1A/Outlet/Outlet1/RmsCurrent","random(10.0, 30.0, true)","Double"
"0","Exchange/DataCenterDemo/Site1/DataHall2/Section1/PDU/PDU1B/Outlet/Outlet8/RmsCurrent","random(10.0, 30.0, true)","Double"
"0","Exchange/DataCenterDemo/Site1/DataHall2/Section2/Breaker/Breaker1B/Metering/CurrentA","random(4300.0, 5800.0, true)","Double"
"0","Exchange/DataCenterDemo/Site1/DataHall2/Section2/Breaker/Breaker1B/Metering/CurrentB","random(4300.0, 5800.0, true)","Double"
"0","Exchange/DataCenterDemo/Site1/DataHall2/Section2/Breaker/Breaker1B/Metering/CurrentC","random(4300.0, 5800.0, true)","Double"
"0","Exchange/DataCenterDemo/Site1/DataHall1/Section3/PDU/PDU9B/Outlet/Outlet8/RmsCurrent","random(10.0, 30.0, true)","Double"
"0","Exchange/DataCenterDemo/Site1/DataHall1/Section4/PDU/PDU11B/Outlet/Outlet7/RmsCurrent","random(10.0, 30.0, true)","Double"
"0","Exchange/DataCenterDemo/Site1/DataHall1/Section3/PDU/PDU4A/Outlet/Outlet16/RmsCurrent","random(10.0, 30.0, true)","Double"
"0","Exchange/DataCenterDemo/Site1/DataHall2/Section1/UPS/UPS1A/Output/SystemOutputVoltageBC","random(480.0, 480.5, true)","Double"
"0","Exchange/DataCenterDemo/Site1/DataHall2/Section3/PDU/PDU7A/Outlet/Outlet1/RmsCurrent","random(10.0, 30.0, true)","Double"
"0","Exchange/DataCenterDemo/Site1/DataHall2/Section4/PDU/PDU7A/Outlet/Outlet15/RmsCurrent","random(10.0, 30.0, true)","Double"
"0","Exchange/DataCenterDemo/Site1/DataHall2/Section2/PDU/PDU2B/Outlet/Outlet2/RmsCurrent","random(10.0, 30.0, true)","Double"
"0","Exchange/DataCenterDemo/Site1/DataHall2/Section3/AHU/AHU4/Temperature/ReturnAirTemperature","sine(30.0, 34.0, 201.496, true)","Double"
"0","Exchange/DataCenterDemo/Site1/DataHall1/Section1/AHU/AHU4/Temperature/ReturnAirTemperature","sine(30.0, 34.0, 192.326, true)","Double"
"0","Exchange/DataCenterDemo/Site1/DataHall1/Section2/PDU/PDU8A/Outlet/Outlet2/RmsCurrent","random(10.0, 30.0, true)","Double"
"0","Exchange/DataCenterDemo/Site1/DataHall2/Section1/Heatmap/Aisle8/Sensor1/Temperature","random(38.0, 43.9, true)","Double"
"0","Exchange/DataCenterDemo/Site1/DataHall2/Section4/PDU/PDU10B/Outlet/Outlet14/RmsCurrent","random(10.0, 30.0, true)","Double"
"0","Exchange/DataCenterDemo/Site1/DataHall1/Section2/Heatmap/Aisle12/Sensor3/Temperature","random(38.0, 43.9, true)","Double"
"0","Exchange/DataCenterDemo/Site1/DataHall1/Section3/Breaker/Breaker2B/Metering/VoltageMeanLL","random(470.0, 490.0, true)","Double"
"0","Exchange/DataCenterDemo/Site1/DataHall1/Section4/PDU/PDU9B/Outlet/Outlet8/RmsCurrent","random(10.0, 30.0, true)","Double"
"0","Exchange/DataCenterDemo/Site1/DataHall2/Section4/AHU/AHU7/Temperature/SupplyAirTemperature","sine(21.0, 22.0, 91.287, true)","Double"
"0","Exchange/DataCenterDemo/Site1/DataHall2/Section3/PDU/PDU8A/Outlet/Outlet15/RmsCurrent","random(10.0, 30.0, true)","Double"
"0","Exchange/DataCenterDemo/Site1/DataHall2/Section1/PDU/PDU2B/Outlet/Outlet2/RmsCurrent","random(10.0, 30.0, true)","Double"
"0","Exchange/DataCenterDemo/Site1/DataHall1/Section3/PDU/PDU12B/Outlet/Outlet5/RmsCurrent","random(10.0, 30.0, true)","Double"
"0","Exchange/DataCenterDemo/Site1/DataHall2/Section3/AHU/AHU3/Status/IsAhuRunning","1.0","Double"
"0","Exchange/DataCenterDemo/Site1/DataHall2/Section3/Heatmap/Aisle7/Sensor1/Temperature","random(18.0, 23.9, true)","Double"
"0","Exchange/DataCenterDemo/Site1/DataHall2/Section1/UPS/UPS1A/Output/SystemOutputVoltageAB","random(480.0, 480.5, true)","Double"
"0","Exchange/DataCenterDemo/Site1/DataHall1/Section2/PDU/PDU5A/Outlet/Outlet16/RmsCurrent","random(10.0, 30.0, true)","Double"
"0","Exchange/DataCenterDemo/Site1/DataHall1/Section1/PDU/PDU3A/Outlet/Outlet10/RmsCurrent","random(10.0, 30.0, true)","Double"
"0","Exchange/DataCenterDemo/Site1/DataHall2/Section1/Breaker/Breaker1B/Metering/CurrentA","random(4300.0, 5800.0, true)","Double"
"0","Exchange/DataCenterDemo/Site1/DataHall2/Section2/PDU/PDU6A/Outlet/Outlet5/RmsCurrent","random(10.0, 30.0, true)","Double"
"0","Exchange/DataCenterDemo/Site1/DataHall1/Section4/PDU/PDU12A/Outlet/Outlet8/RmsCurrent","random(10.0, 30.0, true)","Double"
"0","Exchange/DataCenterDemo/Site1/DataHall2/Section1/Breaker/Breaker1B/Metering/CurrentB","random(4300.0, 5800.0, true)","Double"
"0","Exchange/DataCenterDemo/Site1/DataHall1/Section4/UPS/UPS1A/Battery/BatteryCapacityRemaining","ramp(95.0, 99.0, 94.013, true)","Double"
"0","Exchange/DataCenterDemo/Site1/DataHall2/Section1/Breaker/Breaker1B/Metering/CurrentC","random(4300.0, 5800.0, true)","Double"
"0","Exchange/DataCenterDemo/Site1/DataHall2/Section1/PDU/PDU9B/Outlet/Outlet13/RmsCurrent","random(10.0, 30.0, true)","Double"
"0","Exchange/DataCenterDemo/Site1/DataHall1/Section2/PDU/PDU3A/Outlet/Outlet7/RmsCurrent","random(10.0, 30.0, true)","Double"
"0","Exchange/DataCenterDemo/Site1/DataHall1/Section4/PDU/PDU4A/Outlet/Outlet16/RmsCurrent","random(10.0, 30.0, true)","Double"
"0","Exchange/DataCenterDemo/Site1/DataHall1/Section1/Heatmap/Aisle12/Sensor3/Temperature","random(38.0, 43.9, true)","Double"
"0","Exchange/DataCenterDemo/Site1/DataHall2/Section4/Heatmap/Aisle4/Sensor1/Humidity","cosine(42.0, 44.0, 108.709, true)","Double"
"0","Exchange/DataCenterDemo/Site1/DataHall2/Section2/PDU/PDU8B/Outlet/Outlet5/RmsCurrent","random(10.0, 30.0, true)","Double"
"0","Exchange/DataCenterDemo/Site1/DataHall2/Section4/PDU/PDU8A/Outlet/Outlet9/RmsCurrent","random(10.0, 30.0, true)","Double"
"0","Exchange/DataCenterDemo/Site1/DataHall2/Section3/Heatmap/Aisle10/Sensor1/Humidity","cosine(42.0, 44.0, 106.732, true)","Double"
"0","Exchange/DataCenterDemo/Site1/DataHall1/Section4/PDU/PDU3B/Outlet/Outlet14/RmsCurrent","random(10.0, 30.0, true)","Double"
"0","Exchange/DataCenterDemo/Site1/DataHall1/Section4/PDU/PDU7B/Outlet/Outlet2/RmsCurrent","random(10.0, 30.0, true)","Double"
"0","Exchange/DataCenterDemo/Site1/DataHall2/Section3/Breaker/Breaker1B/Metering/CurrentA","random(4300.0, 5800.0, true)","Double"
"0","Exchange/DataCenterDemo/Site1/DataHall2/Section3/Breaker/Breaker1B/Metering/CurrentB","random(4300.0, 5800.0, true)","Double"
"0","Exchange/DataCenterDemo/Site1/DataHall1/Section1/AHU/AHU7/Status/IsAhuRunning","1.0","Double"
"0","Exchange/DataCenterDemo/Site1/DataHall1/Section3/Section/EnergyEfficiencyRatio","cosine(7.7, 8.2, 109.736, true)","Double"
"0","Exchange/DataCenterDemo/Site1/DataHall2/Section1/PDU/PDU4B/Outlet/Outlet11/RmsCurrent","random(10.0, 30.0, true)","Double"
"0","Exchange/DataCenterDemo/Site1/DataHall2/Section1/PDU/PDU5A/Outlet/Outlet13/RmsCurrent","random(10.0, 30.0, true)","Double"
"0","Exchange/DataCenterDemo/Site1/DataHall2/Section1/AHU/AHU1/Temperature/MixedAirTemperature","cosine(14.0, 16.0, 92.757, true)","Double"
"0","Exchange/DataCenterDemo/Site1/DataHall2/Section3/Breaker/Breaker1B/Metering/CurrentC","random(4300.0, 5800.0, true)","Double"
"0","Exchange/DataCenterDemo/Site1/DataHall2/Section3/PDU/PDU7B/Outlet/Outlet15/RmsCurrent","random(10.0, 30.0, true)","Double"
"0","Exchange/DataCenterDemo/Site1/DataHall2/Section4/PDU/PDU8B/Outlet/Outlet7/RmsCurrent","random(10.0, 30.0, true)","Double"
"0","Exchange/DataCenterDemo/Site1/DataHall1/Section2/PDU/PDU9B/Outlet/Outlet6/RmsCurrent","random(10.0, 30.0, true)","Double"
"0","Exchange/DataCenterDemo/Site1/DataHall1/Section1/Heatmap/Aisle1/Sensor2/Humidity","cosine(46.0, 48.0, 96.575, true)","Double"
"0","Exchange/DataCenterDemo/Site1/DataHall1/Section4/PDU/PDU7A/Outlet/Outlet4/RmsCurrent","random(10.0, 30.0, true)","Double"
"0","Exchange/DataCenterDemo/Site1/DataHall2/Section3/PDU/PDU11A/Outlet/Outlet8/RmsCurrent","random(10.0, 30.0, true)","Double"
"0","Exchange/DataCenterDemo/Site1/DataHall1/Section2/PDU/PDU2A/Outlet/Outlet10/RmsCurrent","random(10.0, 30.0, true)","Double"
"0","Exchange/DataCenterDemo/Site1/DataHall1/Section3/PDU/PDU4B/Outlet/Outlet14/RmsCurrent","random(10.0, 30.0, true)","Double"
"0","Exchange/DataCenterDemo/Site1/DataHall1/Section1/Breaker/Breaker1B/Metering/VoltageMeanLL","random(470.0, 490.0, true)","Double"
"0","Exchange/DataCenterDemo/Site1/DataHall2/Section3/Heatmap/Aisle8/Sensor2/Temperature","random(38.0, 43.9, true)","Double"
"0","Exchange/DataCenterDemo/Site1/DataHall2/Section4/PDU/PDU1A/Outlet/Outlet14/RmsCurrent","random(10.0, 30.0, true)","Double"
"0","Exchange/DataCenterDemo/Site1/DataHall1/Section2/AHU/AHU7/Temperature/SupplyAirTemperature","sine(21.0, 22.0, 106.736, true)","Double"
"0","Exchange/DataCenterDemo/Site1/DataHall2/Section2/PDU/PDU4A/Outlet/Outlet13/RmsCurrent","random(10.0, 30.0, true)","Double"
"0","Exchange/DataCenterDemo/Site1/DataHall2/Section1/PDU/PDU1B/Outlet/Outlet16/RmsCurrent","random(10.0, 30.0, true)","Double"
"0","Exchange/DataCenterDemo/Site1/DataHall1/Section3/PDU/PDU1A/Outlet/Outlet10/RmsCurrent","random(10.0, 30.0, true)","Double"
"0","Exchange/DataCenterDemo/Site1/DataHall2/Section2/PDU/PDU8B/Outlet/Outlet15/RmsCurrent","random(10.0, 30.0, true)","Double"
"0","Exchange/DataCenterDemo/Site1/DataHall2/Section4/Heatmap/Aisle4/Sensor2/Humidity","cosine(42.0, 44.0, 91.907, true)","Double"
"0","Exchange/DataCenterDemo/Site1/DataHall1/Section4/PDU/PDU3A/Outlet/Outlet16/RmsCurrent","random(10.0, 30.0, true)","Double"
"0","Exchange/DataCenterDemo/Site1/DataHall2/Section4/PDU/PDU5B/Outlet/Outlet5/RmsCurrent","random(10.0, 30.0, true)","Double"
"0","Exchange/DataCenterDemo/Site1/DataHall2/Section4/PDU/PDU5A/Outlet/Outlet7/RmsCurrent","random(10.0, 30.0, true)","Double"
"0","Exchange/DataCenterDemo/Site1/DataHall2/Section2/PDU/PDU12A/Outlet/Outlet6/RmsCurrent","random(10.0, 30.0, true)","Double"
"0","Exchange/DataCenterDemo/Site1/DataHall1/Section4/PDU/PDU9B/Outlet/Outlet15/RmsCurrent","random(10.0, 30.0, true)","Double"
"0","Exchange/DataCenterDemo/Site1/DataHall2/Section4/PDU/PDU7A/Outlet/Outlet1/RmsCurrent","random(10.0, 30.0, true)","Double"
"0","Exchange/DataCenterDemo/Site1/DataHall2/Section2/PDU/PDU3A/Outlet/Outlet2/RmsCurrent","random(10.0, 30.0, true)","Double"
"0","Exchange/DataCenterDemo/Site1/DataHall1/Section4/PDU/PDU3B/Outlet/Outlet5/RmsCurrent","random(10.0, 30.0, true)","Double"
"0","Exchange/DataCenterDemo/Site1/DataHall2/Section3/Section/ItLoadMw","sine(850.0, 1150.0, 10.0, true)","Double"
"0","Exchange/DataCenterDemo/Site1/DataHall2/Section2/PDU/PDU11B/Outlet/Outlet15/RmsCurrent","random(10.0, 30.0, true)","Double"
"0","Exchange/DataCenterDemo/Site1/DataHall2/Section4/AHU/AHU3/Fan/FanSpeedCommand","square(70.0, 100.0, 109.99, true)","Double"
"0","Exchange/DataCenterDemo/Site1/DataHall1/Section2/PDU/PDU3B/Outlet/Outlet3/RmsCurrent","random(10.0, 30.0, true)","Double"
"0","Exchange/DataCenterDemo/Site1/DataHall1/Section1/PQM/PQM1B/Current/CurrentA","random(3750.0, 4100.0, true)","Double"
"0","Exchange/DataCenterDemo/Site1/DataHall2/Section3/PDU/PDU1B/Outlet/Outlet12/RmsCurrent","random(10.0, 30.0, true)","Double"
"0","Exchange/DataCenterDemo/Site1/DataHall1/Section1/PQM/PQM1B/Current/CurrentC","random(3750.0, 4100.0, true)","Double"
"0","Exchange/DataCenterDemo/Site1/DataHall1/Section1/PQM/PQM1B/Current/CurrentB","random(3750.0, 4100.0, true)","Double"
"0","Exchange/DataCenterDemo/Site1/DataHall1/Section4/Heatmap/Aisle9/Sensor3/Humidity","cosine(46.0, 48.0, 96.908, true)","Double"
"0","Exchange/DataCenterDemo/Site1/DataHall2/Section4/PDU/PDU12A/Outlet/Outlet2/RmsCurrent","random(10.0, 30.0, true)","Double"
"0","Exchange/DataCenterDemo/Site1/DataHall1/Section1/PDU/PDU12B/Outlet/Outlet9/RmsCurrent","random(10.0, 30.0, true)","Double"
"0","Exchange/DataCenterDemo/Site1/DataHall1/Section3/AHU/AHU1/Temperature/MixedAirTemperature","cosine(14.0, 16.0, 90.374, true)","Double"
"0","Exchange/DataCenterDemo/Site1/DataHall1/Section3/PDU/PDU3B/Outlet/Outlet14/RmsCurrent","random(10.0, 30.0, true)","Double"
"0","Exchange/DataCenterDemo/Site1/DataHall2/Section4/PDU/PDU2B/Outlet/Outlet4/RmsCurrent","random(10.0, 30.0, true)","Double"
"0","Exchange/DataCenterDemo/Site1/DataHall2/Section4/PDU/PDU6B/Outlet/Outlet13/RmsCurrent","random(10.0, 30.0, true)","Double"
"0","Exchange/DataCenterDemo/Site1/DataHall2/Section2/PDU/PDU1B/Outlet/Outlet8/RmsCurrent","random(10.0, 30.0, true)","Double"
"0","Exchange/DataCenterDemo/Site1/DataHall2/Section4/PDU/PDU5A/Outlet/Outlet9/RmsCurrent","random(10.0, 30.0, true)","Double"
"0","Exchange/DataCenterDemo/Site1/DataHall1/Section4/Heatmap/Aisle8/Sensor1/Temperature","random(38.0, 43.9, true)","Double"
"0","Exchange/DataCenterDemo/Site1/DataHall2/Section1/PDU/PDU12B/Outlet/Outlet2/RmsCurrent","random(10.0, 30.0, true)","Double"
"0","Exchange/DataCenterDemo/Site1/DataHall1/Section1/PDU/PDU1A/Outlet/Outlet14/RmsCurrent","random(10.0, 30.0, true)","Double"
"0","Exchange/DataCenterDemo/Site1/DataHall2/Section2/PDU/PDU11B/Outlet/Outlet6/RmsCurrent","random(10.0, 30.0, true)","Double"
"0","Exchange/DataCenterDemo/Site1/DataHall2/Section4/UPS/UPS2B/Input/SystemInputCurrentC","random(1600.0, 1900.0, true)","Double"
"0","Exchange/DataCenterDemo/Site1/DataHall2/Section1/UPS/UPS2A/Input/SystemInputPowerFactor","random(0.95, 0.98, true)","Double"
"0","Exchange/DataCenterDemo/Site1/DataHall2/Section2/PDU/PDU9A/Outlet/Outlet5/RmsCurrent","random(10.0, 30.0, true)","Double"
"0","Exchange/DataCenterDemo/Site1/DataHall2/Section3/PDU/PDU12A/Outlet/Outlet2/RmsCurrent","random(10.0, 30.0, true)","Double"
"0","Exchange/DataCenterDemo/Site1/DataHall1/Section2/PDU/PDU3B/Outlet/Outlet5/RmsCurrent","random(10.0, 30.0, true)","Double"
"0","Exchange/DataCenterDemo/Site1/DataHall1/Section4/PDU/PDU8A/Outlet/Outlet2/RmsCurrent","random(10.0, 30.0, true)","Double"
"0","Exchange/DataCenterDemo/Site1/DataHall2/Section4/PDU/PDU2B/Outlet/Outlet2/RmsCurrent","random(10.0, 30.0, true)","Double"
"0","Exchange/DataCenterDemo/Site1/DataHall2/Section3/Heatmap/Aisle2/Sensor3/Temperature","random(38.0, 43.9, true)","Double"
"0","Exchange/DataCenterDemo/Site1/DataHall2/Section4/UPS/UPS2B/Input/SystemInputCurrentA","random(1600.0, 1900.0, true)","Double"
"0","Exchange/DataCenterDemo/Site1/DataHall2/Section4/UPS/UPS2B/Input/SystemInputCurrentB","random(1600.0, 1900.0, true)","Double"
"0","Exchange/DataCenterDemo/Site1/DataHall1/Section4/PDU/PDU12A/Outlet/Outlet11/RmsCurrent","random(10.0, 30.0, true)","Double"
"0","Exchange/DataCenterDemo/Site1/DataHall2/Section2/AHU/AHU1/Status/IsAhuRunning","1.0","Double"
"0","Exchange/DataCenterDemo/Site1/DataHall2/Section2/PDU/PDU11B/Outlet/Outlet4/RmsCurrent","random(10.0, 30.0, true)","Double"
"0","Exchange/DataCenterDemo/Site1/DataHall1/Section4/PDU/PDU2B/Outlet/Outlet14/RmsCurrent","random(10.0, 30.0, true)","Double"
"0","Exchange/DataCenterDemo/Site1/DataHall2/Section4/PDU/PDU6B/Outlet/Outlet15/RmsCurrent","random(10.0, 30.0, true)","Double"
"0","Exchange/DataCenterDemo/Site1/DataHall2/Section2/PDU/PDU9B/Outlet/Outlet3/RmsCurrent","random(10.0, 30.0, true)","Double"
"0","Exchange/DataCenterDemo/Site1/DataHall2/Section3/PDU/PDU10B/Outlet/Outlet8/RmsCurrent","random(10.0, 30.0, true)","Double"
"0","Exchange/DataCenterDemo/Site1/DataHall1/Section1/PDU/PDU6A/Outlet/Outlet8/RmsCurrent","random(10.0, 30.0, true)","Double"
"0","Exchange/DataCenterDemo/Site1/DataHall1/Section4/PDU/PDU11B/Outlet/Outlet9/RmsCurrent","random(10.0, 30.0, true)","Double"
"0","Exchange/DataCenterDemo/Site1/DataHall1/Section3/PDU/PDU9B/Outlet/Outlet15/RmsCurrent","random(10.0, 30.0, true)","Double"
"0","Exchange/DataCenterDemo/Site1/DataHall1/Section4/PDU/PDU10A/Outlet/Outlet3/RmsCurrent","random(10.0, 30.0, true)","Double"
"0","Exchange/DataCenterDemo/Site1/DataHall1/Section1/PDU/PDU11A/Outlet/Outlet5/RmsCurrent","random(10.0, 30.0, true)","Double"
"0","Exchange/DataCenterDemo/Site1/DataHall2/Section3/PDU/PDU2A/Outlet/Outlet7/RmsCurrent","random(10.0, 30.0, true)","Double"
"0","Exchange/DataCenterDemo/Site1/DataHall2/Section4/Heatmap/Aisle5/Sensor1/Humidity","cosine(46.0, 48.0, 109.736, true)","Double"
"0","Exchange/DataCenterDemo/Site1/DataHall2/Section2/PDU/PDU1B/Outlet/Outlet15/RmsCurrent","random(10.0, 30.0, true)","Double"
"0","Exchange/DataCenterDemo/Site1/DataHall1/Section4/PDU/PDU6B/Outlet/Outlet5/RmsCurrent","random(10.0, 30.0, true)","Double"
"0","Exchange/DataCenterDemo/Site1/DataHall1/Section2/PDU/PDU1A/Outlet/Outlet11/RmsCurrent","random(10.0, 30.0, true)","Double"
"0","Exchange/DataCenterDemo/Site1/DataHall1/Section1/PDU/PDU6B/Outlet/Outlet6/RmsCurrent","random(10.0, 30.0, true)","Double"
"0","Exchange/DataCenterDemo/Site1/DataHall1/Section3/PDU/PDU12B/Outlet/Outlet7/RmsCurrent","random(10.0, 30.0, true)","Double"
"0","Exchange/DataCenterDemo/Site1/DataHall2/Section4/AHU/AHU3/Temperature/MixedAirTemperature","cosine(14.0, 16.0, 93.808, true)","Double"
"0","Exchange/DataCenterDemo/Site1/DataHall1/Section4/PDU/PDU11A/Outlet/Outlet14/RmsCurrent","random(10.0, 30.0, true)","Double"
"0","Exchange/DataCenterDemo/Site1/DataHall2/Section2/PDU/PDU2A/Outlet/Outlet7/RmsCurrent","random(10.0, 30.0, true)","Double"
"0","Exchange/DataCenterDemo/Site1/DataHall1/Section4/PDU/PDU10B/Outlet/Outlet12/RmsCurrent","random(10.0, 30.0, true)","Double"
"0","Exchange/DataCenterDemo/Site1/DataHall2/Section4/AHU/AHU2/Temperature/ReturnAirTemperature","sine(30.0, 34.0, 192.497, true)","Double"
"0","Exchange/DataCenterDemo/Site1/DataHall1/Section3/PDU/PDU6B/Outlet/Outlet5/RmsCurrent","random(10.0, 30.0, true)","Double"
"0","Exchange/DataCenterDemo/Site1/DataHall1/Section4/Heatmap/Aisle11/Sensor2/Temperature","random(18.0, 23.9, true)","Double"
"0","Exchange/DataCenterDemo/Site1/DataHall2/Section1/Heatmap/Aisle2/Sensor2/Temperature","random(38.0, 43.9, true)","Double"
"0","Exchange/DataCenterDemo/Site1/DataHall1/Section2/Breaker/Breaker6A/Metering/CurrentC","random(4300.0, 5800.0, true)","Double"
"0","Exchange/DataCenterDemo/Site1/DataHall1/Section2/Heatmap/Aisle2/Sensor2/Temperature","random(38.0, 43.9, true)","Double"
"0","Exchange/DataCenterDemo/Site1/DataHall1/Section2/Breaker/Breaker6A/Metering/CurrentB","random(4300.0, 5800.0, true)","Double"
"0","Exchange/DataCenterDemo/Site1/DataHall1/Section2/Breaker/Breaker6A/Metering/CurrentA","random(4300.0, 5800.0, true)","Double"
"0","Exchange/DataCenterDemo/Site1/DataHall1/Section2/PDU/PDU10A/Outlet/Outlet7/RmsCurrent","random(10.0, 30.0, true)","Double"
"0","Exchange/DataCenterDemo/Site1/DataHall2/Section4/PDU/PDU1B/Outlet/Outlet11/RmsCurrent","random(10.0, 30.0, true)","Double"
"0","Exchange/DataCenterDemo/Site1/DataHall2/Section2/Breaker/Breaker6A/Metering/VoltageMeanLL","random(470.0, 490.0, true)","Double"
"0","Exchange/DataCenterDemo/Site1/DataHall1/Section1/AHU/AHU4/Status/IsAhuRunning","1.0","Double"
"0","Exchange/DataCenterDemo/Site1/DataHall1/Section3/Heatmap/Aisle9/Sensor3/Humidity","cosine(46.0, 48.0, 92.76, true)","Double"
"0","Exchange/DataCenterDemo/Site1/DataHall1/Section4/Heatmap/Aisle4/Sensor1/Temperature","random(38.0, 43.9, true)","Double"
"0","Exchange/DataCenterDemo/Site1/DataHall2/Section3/PDU/PDU9B/Outlet/Outlet11/RmsCurrent","random(10.0, 30.0, true)","Double"
"0","Exchange/DataCenterDemo/Site1/DataHall1/Section1/PDU/PDU2A/Outlet/Outlet11/RmsCurrent","random(10.0, 30.0, true)","Double"
"0","Exchange/DataCenterDemo/Site1/DataHall1/Section3/AHU/AHU2/Temperature/MixedAirTemperature","cosine(14.0, 16.0, 94.524, true)","Double"
"0","Exchange/DataCenterDemo/Site1/DataHall2/Section1/Heatmap/Aisle9/Sensor2/Temperature","random(18.0, 23.9, true)","Double"
"0","Exchange/DataCenterDemo/Site1/DataHall2/Section3/PDU/PDU3A/Outlet/Outlet13/RmsCurrent","random(10.0, 30.0, true)","Double"
"0","Exchange/DataCenterDemo/Site1/DataHall2/Section1/PDU/PDU2A/Outlet/Outlet7/RmsCurrent","random(10.0, 30.0, true)","Double"
"0","Exchange/DataCenterDemo/Site1/DataHall1/Section2/PDU/PDU8A/Outlet/Outlet11/RmsCurrent","random(10.0, 30.0, true)","Double"
"0","Exchange/DataCenterDemo/Site1/DataHall1/Section4/Breaker/Breaker4B/Metering/VoltageMeanLL","random(470.0, 490.0, true)","Double"
"0","Exchange/DataCenterDemo/Site1/DataHall2/DataHall/UpsCapacity","cosine(0.9, 0.98, 91.334, true)","Double"
"0","Exchange/DataCenterDemo/Architecture/EAM/Agents/Backend - Master/Master/Metrics/System/CPU Usage","ramp(3.0, 18.0, 1.091, true)","Double"
"0","Exchange/DataCenterDemo/Site1/DataHall1/Section2/Heatmap/Aisle6/Sensor2/Temperature","random(38.0, 43.9, true)","Double"
"0","Exchange/DataCenterDemo/Site1/DataHall1/Section4/PDU/PDU4A/Outlet/Outlet4/RmsCurrent","random(10.0, 30.0, true)","Double"
"0","Exchange/DataCenterDemo/Site1/DataHall2/Section2/PDU/PDU5A/Outlet/Outlet7/RmsCurrent","random(10.0, 30.0, true)","Double"
"0","Exchange/DataCenterDemo/Site1/DataHall1/Section4/PDU/PDU3A/Outlet/Outlet7/RmsCurrent","random(10.0, 30.0, true)","Double"
"0","Exchange/DataCenterDemo/Site1/DataHall2/Section3/PDU/PDU5B/Outlet/Outlet5/RmsCurrent","random(10.0, 30.0, true)","Double"
"0","Exchange/DataCenterDemo/Site1/DataHall2/Section3/PDU/PDU2B/Outlet/Outlet11/RmsCurrent","random(10.0, 30.0, true)","Double"
"0","Exchange/DataCenterDemo/Site1/DataHall1/Section4/PDU/PDU12B/Outlet/Outlet4/RmsCurrent","random(10.0, 30.0, true)","Double"
"0","Exchange/DataCenterDemo/Site1/DataHall2/Section2/PDU/PDU4B/Outlet/Outlet8/RmsCurrent","random(10.0, 30.0, true)","Double"
"0","Exchange/DataCenterDemo/Site1/DataHall2/Section4/PDU/PDU8B/Outlet/Outlet11/RmsCurrent","random(10.0, 30.0, true)","Double"
"0","Exchange/DataCenterDemo/Site1/DataHall1/Section3/UPS/UPS1A/Input/SystemInputPowerFactor","random(0.95, 0.98, true)","Double"
"0","Exchange/DataCenterDemo/Site1/DataHall1/Section3/PDU/PDU12A/Outlet/Outlet9/RmsCurrent","random(10.0, 30.0, true)","Double"
"0","Exchange/DataCenterDemo/Site1/DataHall2/Section1/PDU/PDU9B/Outlet/Outlet15/RmsCurrent","random(10.0, 30.0, true)","Double"
"0","Exchange/DataCenterDemo/Site1/DataHall2/Section2/PDU/PDU5B/Outlet/Outlet5/RmsCurrent","random(10.0, 30.0, true)","Double"
"0","Exchange/DataCenterDemo/Site1/DataHall2/Section3/PDU/PDU9A/Outlet/Outlet7/RmsCurrent","random(10.0, 30.0, true)","Double"
"0","Exchange/DataCenterDemo/Site1/DataHall1/Section3/Heatmap/Aisle11/Sensor2/Temperature","random(18.0, 23.9, true)","Double"
"0","Exchange/DataCenterDemo/Site1/DataHall2/Section1/PDU/PDU10A/Outlet/Outlet13/RmsCurrent","random(10.0, 30.0, true)","Double"
"0","Exchange/DataCenterDemo/Site1/DataHall2/Section3/PDU/PDU5A/Outlet/Outlet7/RmsCurrent","random(10.0, 30.0, true)","Double"
"0","Exchange/DataCenterDemo/Site1/DataHall1/Section4/PDU/PDU12A/Outlet/Outlet6/RmsCurrent","random(10.0, 30.0, true)","Double"
"0","Exchange/DataCenterDemo/Site1/DataHall2/Section2/Heatmap/Aisle6/Sensor2/Humidity","cosine(42.0, 44.0, 109.552, true)","Double"
"0","Exchange/DataCenterDemo/Site1/DataHall2/Section2/PDU/PDU12B/Outlet/Outlet12/RmsCurrent","random(10.0, 30.0, true)","Double"
"0","Exchange/DataCenterDemo/Site1/DataHall2/Section2/PDU/PDU3B/Outlet/Outlet11/RmsCurrent","random(10.0, 30.0, true)","Double"
"0","Exchange/DataCenterDemo/Site1/DataHall2/Section4/PDU/PDU2A/Outlet/Outlet13/RmsCurrent","random(10.0, 30.0, true)","Double"
"0","Exchange/DataCenterDemo/Site1/DataHall2/Section4/PDU/PDU9A/Outlet/Outlet7/RmsCurrent","random(10.0, 30.0, true)","Double"
"0","Exchange/DataCenterDemo/Site1/DataHall1/Section1/PDU/PDU9A/Outlet/Outlet11/RmsCurrent","random(10.0, 30.0, true)","Double"
"0","Exchange/DataCenterDemo/Site1/DataHall2/Section1/AHU/AHU3/Fan/SupplyAirStaticPressure","cosine(210.0, 225.0, 97.588, true)","Double"
"0","Exchange/DataCenterDemo/Site1/DataHall2/Section1/Breaker/Breaker5B/Metering/CurrentA","random(4300.0, 5800.0, true)","Double"
"0","Exchange/DataCenterDemo/Site1/DataHall2/Section1/Breaker/Breaker5B/Metering/CurrentB","random(4300.0, 5800.0, true)","Double"
"0","Exchange/DataCenterDemo/Site1/DataHall2/Section1/Breaker/Breaker5B/Metering/CurrentC","random(4300.0, 5800.0, true)","Double"
"0","Exchange/DataCenterDemo/Site1/DataHall2/Section4/AHU/AHU7/Fan/FanSpeedCommand","square(70.0, 100.0, 90.263, true)","Double"
"0","Exchange/DataCenterDemo/Site1/DataHall2/Section2/Heatmap/Aisle4/Sensor3/Humidity","cosine(42.0, 44.0, 93.596, true)","Double"
"0","Exchange/DataCenterDemo/Site1/DataHall2/Section3/Heatmap/Aisle4/Sensor1/Humidity","cosine(42.0, 44.0, 91.805, true)","Double"
"0","Exchange/DataCenterDemo/Site1/DataHall2/Section4/Heatmap/Aisle1/Sensor3/Humidity","cosine(46.0, 48.0, 106.059, true)","Double"
"0","Exchange/DataCenterDemo/Site1/DataHall1/Section1/AHU/AHU2/Temperature/MixedAirTemperature","cosine(14.0, 16.0, 96.91, true)","Double"
"0","Exchange/DataCenterDemo/Site1/DataHall2/Section1/PDU/PDU10A/Outlet/Outlet1/RmsCurrent","random(10.0, 30.0, true)","Double"
"0","Exchange/DataCenterDemo/Site1/DataHall1/Section1/PDU/PDU7A/Outlet/Outlet5/RmsCurrent","random(10.0, 30.0, true)","Double"
"0","Exchange/DataCenterDemo/Site1/DataHall2/Section3/PDU/PDU3A/Outlet/Outlet4/RmsCurrent","random(10.0, 30.0, true)","Double"
"0","Exchange/DataCenterDemo/Site1/DataHall1/Section2/PDU/PDU7B/Outlet/Outlet3/RmsCurrent","random(10.0, 30.0, true)","Double"
"0","Exchange/DataCenterDemo/Site1/DataHall1/Section2/AHU/AHU4/Fan/FanSpeedCommand","square(70.0, 100.0, 90.963, true)","Double"
"0","Exchange/DataCenterDemo/Site1/DataHall1/Section1/PDU/PDU10B/Outlet/Outlet3/RmsCurrent","random(10.0, 30.0, true)","Double"
"0","Exchange/DataCenterDemo/Site1/DataHall1/Section3/PDU/PDU3B/Outlet/Outlet5/RmsCurrent","random(10.0, 30.0, true)","Double"
"0","Exchange/DataCenterDemo/Site1/DataHall2/Section2/AHU/AHU2/Fan/SupplyAirStaticPressure","cosine(210.0, 225.0, 106.058, true)","Double"
"0","Exchange/DataCenterDemo/Site1/DataHall2/Section3/AHU/AHU4/Temperature/SupplyAirTemperature","sine(21.0, 22.0, 92.013, true)","Double"
"0","Exchange/DataCenterDemo/Site1/DataHall2/Section3/PDU/PDU11B/Outlet/Outlet3/RmsCurrent","random(10.0, 30.0, true)","Double"
"0","Exchange/DataCenterDemo/Site1/DataHall1/Section3/PDU/PDU5B/Outlet/Outlet8/RmsCurrent","random(10.0, 30.0, true)","Double"
"0","Exchange/DataCenterDemo/Site1/DataHall2/Section1/PDU/PDU3A/Outlet/Outlet2/RmsCurrent","random(10.0, 30.0, true)","Double"
"0","Exchange/DataCenterDemo/Site1/DataHall1/Section1/PDU/PDU7B/Outlet/Outlet3/RmsCurrent","random(10.0, 30.0, true)","Double"
"0","Exchange/DataCenterDemo/Site1/DataHall1/Section4/PDU/PDU10A/Outlet/Outlet15/RmsCurrent","random(10.0, 30.0, true)","Double"
"0","Exchange/DataCenterDemo/Site1/DataHall1/Section2/PDU/PDU10B/Outlet/Outlet12/RmsCurrent","random(10.0, 30.0, true)","Double"
"0","Exchange/DataCenterDemo/Site1/DataHall1/Section2/PDU/PDU11A/Outlet/Outlet14/RmsCurrent","random(10.0, 30.0, true)","Double"
"0","Exchange/DataCenterDemo/Site1/DataHall2/Section3/Breaker/Breaker6B/Metering/VoltageMeanLL","random(470.0, 490.0, true)","Double"
"0","Exchange/DataCenterDemo/Site1/DataHall2/Section4/PDU/PDU3A/Outlet/Outlet12/RmsCurrent","random(10.0, 30.0, true)","Double"
"0","Exchange/DataCenterDemo/Site1/DataHall1/Section1/PDU/PDU10A/Outlet/Outlet12/RmsCurrent","random(10.0, 30.0, true)","Double"
"0","Exchange/DataCenterDemo/Site1/DataHall1/Section1/PDU/PDU3B/Outlet/Outlet3/RmsCurrent","random(10.0, 30.0, true)","Double"
"0","Exchange/DataCenterDemo/Site1/DataHall2/Section4/UPS/UPS1A/Battery/BatteryCapacityRemaining","ramp(95.0, 99.0, 90.4, true)","Double"
"0","Exchange/DataCenterDemo/Site1/DataHall1/Section3/PDU/PDU3A/Outlet/Outlet7/RmsCurrent","random(10.0, 30.0, true)","Double"
"0","Exchange/DataCenterDemo/Site1/DataHall2/Section4/PDU/PDU1A/Outlet/Outlet9/RmsCurrent","random(10.0, 30.0, true)","Double"
"0","Exchange/DataCenterDemo/Site1/DataHall1/Section1/PDU/PDU8A/Outlet/Outlet12/RmsCurrent","random(10.0, 30.0, true)","Double"
"0","Exchange/DataCenterDemo/Site1/DataHall1/Section4/UPS/UPS1A/Input/SystemInputPowerFactor","random(0.95, 0.98, true)","Double"
"0","Exchange/DataCenterDemo/Site1/DataHall2/Section4/PDU/PDU9A/Outlet/Outlet4/RmsCurrent","random(10.0, 30.0, true)","Double"
"0","Exchange/DataCenterDemo/Site1/DataHall2/Section2/Breaker/Breaker5B/Metering/CurrentA","random(4300.0, 5800.0, true)","Double"
"0","Exchange/DataCenterDemo/Site1/DataHall2/Section2/Breaker/Breaker5B/Metering/CurrentB","random(4300.0, 5800.0, true)","Double"
"0","Exchange/DataCenterDemo/Site1/DataHall2/Section2/Breaker/Breaker5B/Metering/CurrentC","random(4300.0, 5800.0, true)","Double"
"0","Exchange/DataCenterDemo/Site1/DataHall1/Section2/UPS/UPS2A/Output/SystemOutputCurrentC","random(1500.0, 1800.0, true)","Double"
"0","Exchange/DataCenterDemo/Site1/DataHall1/Section2/PDU/PDU12B/Outlet/Outlet8/RmsCurrent","random(10.0, 30.0, true)","Double"
"0","Exchange/DataCenterDemo/Site1/DataHall1/Section2/UPS/UPS2A/Output/SystemOutputCurrentB","random(1500.0, 1800.0, true)","Double"
"0","Exchange/DataCenterDemo/Site1/DataHall1/Section2/UPS/UPS2A/Output/SystemOutputCurrentA","random(1500.0, 1800.0, true)","Double"
"0","Exchange/DataCenterDemo/Site1/DataHall2/Section3/AHU/AHU1/Fan/SupplyAirStaticPressure","cosine(210.0, 225.0, 91.287, true)","Double"
"0","Exchange/DataCenterDemo/Site1/DataHall1/Section1/PQM/PQM1B/PQ/ThdVoltageAN","3.3","Double"
"0","Exchange/DataCenterDemo/Site1/DataHall2/Section1/PDU/PDU11B/Outlet/Outlet7/RmsCurrent","random(10.0, 30.0, true)","Double"
"0","Exchange/DataCenterDemo/Site1/DataHall2/Section1/PDU/PDU4B/Outlet/Outlet8/RmsCurrent","random(10.0, 30.0, true)","Double"
"0","Exchange/DataCenterDemo/Site1/DataHall2/Section4/PDU/PDU10B/Outlet/Outlet5/RmsCurrent","random(10.0, 30.0, true)","Double"
"0","Exchange/DataCenterDemo/Site1/DataHall1/Section1/PDU/PDU12B/Outlet/Outlet16/RmsCurrent","random(10.0, 30.0, true)","Double"
"0","Exchange/DataCenterDemo/Site1/DataHall1/Section4/Heatmap/Aisle9/Sensor2/Temperature","random(18.0, 23.9, true)","Double"
"0","Exchange/DataCenterDemo/Site1/DataHall1/Section1/PDU/PDU9B/Outlet/Outlet6/RmsCurrent","random(10.0, 30.0, true)","Double"
"0","Exchange/DataCenterDemo/Site1/DataHall1/Section3/PDU/PDU8A/Outlet/Outlet2/RmsCurrent","random(10.0, 30.0, true)","Double"
"0","Exchange/DataCenterDemo/Site1/DataHall2/Section3/Heatmap/Aisle1/Sensor2/Temperature","random(18.0, 23.9, true)","Double"
"0","Exchange/DataCenterDemo/Site1/DataHall1/Section2/PDU/PDU7A/Outlet/Outlet12/RmsCurrent","random(10.0, 30.0, true)","Double"
"0","Exchange/DataCenterDemo/Site1/DataHall2/Section1/UPS/UPS2B/Output/SystemOutputVoltageCA","random(480.0, 480.5, true)","Double"
"0","Exchange/DataCenterDemo/Site1/DataHall2/Section1/PDU/PDU9A/Outlet/Outlet5/RmsCurrent","random(10.0, 30.0, true)","Double"
"0","Exchange/DataCenterDemo/Site1/DataHall1/Section2/PDU/PDU6B/Outlet/Outlet10/RmsCurrent","random(10.0, 30.0, true)","Double"
"0","Exchange/DataCenterDemo/Site1/DataHall2/Section4/Heatmap/Aisle3/Sensor2/Humidity","cosine(46.0, 48.0, 90.588, true)","Double"
"0","Exchange/DataCenterDemo/Site1/DataHall2/Section4/UPS/UPS2B/Battery/BatteryCapacityRemaining","ramp(95.0, 99.0, 101.275, true)","Double"
"0","Exchange/DataCenterDemo/Site1/DataHall2/Section3/PDU/PDU4A/Outlet/Outlet12/RmsCurrent","random(10.0, 30.0, true)","Double"
"0","Exchange/DataCenterDemo/Site1/DataHall2/Section1/Heatmap/Aisle3/Sensor3/Temperature","random(18.0, 23.9, true)","Double"
"0","Exchange/DataCenterDemo/Site1/DataHall2/Section1/PDU/PDU8B/Outlet/Outlet16/RmsCurrent","random(10.0, 30.0, true)","Double"
"0","Exchange/DataCenterDemo/Site1/DataHall1/Section2/Heatmap/Aisle7/Sensor3/Temperature","random(18.0, 23.9, true)","Double"
"0","Exchange/DataCenterDemo/Site1/DataHall2/Section3/AHU/AHU7/Status/IsAhuRunning","1.0","Double"
"0","Exchange/DataCenterDemo/Site1/DataHall1/Section2/PDU/PDU4A/Outlet/Outlet2/RmsCurrent","random(10.0, 30.0, true)","Double"
"0","Exchange/DataCenterDemo/Site1/DataHall2/Section4/PDU/PDU1B/Outlet/Outlet7/RmsCurrent","random(10.0, 30.0, true)","Double"
"0","Exchange/DataCenterDemo/Site1/DataHall2/Section4/PDU/PDU9A/Outlet/Outlet13/RmsCurrent","random(10.0, 30.0, true)","Double"
"0","Exchange/DataCenterDemo/Site1/DataHall2/Section1/Heatmap/Aisle7/Sensor1/Humidity","cosine(46.0, 48.0, 108.44, true)","Double"
"0","Exchange/DataCenterDemo/Site1/DataHall1/Section1/AHU/AHU1/Fan/SupplyAirStaticPressure","cosine(210.0, 225.0, 106.735, true)","Double"
"0","Exchange/DataCenterDemo/Site1/DataHall1/Section1/PDU/PDU4A/Outlet/Outlet5/RmsCurrent","random(10.0, 30.0, true)","Double"
"0","Exchange/DataCenterDemo/Site1/DataHall2/Section3/PDU/PDU8B/Outlet/Outlet5/RmsCurrent","random(10.0, 30.0, true)","Double"
"0","Exchange/DataCenterDemo/Site1/DataHall1/Section1/PDU/PDU1A/Outlet/Outlet2/RmsCurrent","random(10.0, 30.0, true)","Double"
"0","Exchange/DataCenterDemo/Site1/DataHall2/Section2/PDU/PDU10B/Outlet/Outlet9/RmsCurrent","random(10.0, 30.0, true)","Double"
"0","Exchange/DataCenterDemo/Site1/DataHall1/Section2/AHU/AHU2/Temperature/ReturnAirTemperature","sine(30.0, 34.0, 212.937, true)","Double"
"0","Exchange/DataCenterDemo/Site1/DataHall2/Section1/Heatmap/Aisle3/Sensor3/Humidity","cosine(46.0, 48.0, 98.547, true)","Double"
"0","Exchange/DataCenterDemo/Site1/DataHall2/Section4/PDU/PDU12B/Outlet/Outlet12/RmsCurrent","random(10.0, 30.0, true)","Double"
"0","Exchange/DataCenterDemo/Site1/DataHall2/Section1/UPS/UPS2B/Output/SystemOutputVoltageBC","random(480.0, 480.5, true)","Double"
"0","Exchange/DataCenterDemo/Site1/DataHall1/Section3/PDU/PDU6A/Outlet/Outlet12/RmsCurrent","random(10.0, 30.0, true)","Double"
"0","Exchange/DataCenterDemo/Site1/DataHall2/Section2/PDU/PDU5A/Outlet/Outlet12/RmsCurrent","random(10.0, 30.0, true)","Double"
"0","Exchange/DataCenterDemo/Site1/DataHall1/Section1/PDU/PDU7B/Outlet/Outlet10/RmsCurrent","random(10.0, 30.0, true)","Double"
"0","Exchange/DataCenterDemo/Site1/DataHall2/Section1/Heatmap/Aisle5/Sensor2/Humidity","cosine(46.0, 48.0, 95.836, true)","Double"
"0","Exchange/DataCenterDemo/Site1/DataHall1/Section1/PQM/PQM1A/Freq/Frequency","ramp(59.7, 60.3, 1.1, true)","Double"
"0","Exchange/DataCenterDemo/Site1/DataHall2/Section1/PDU/PDU2B/Outlet/Outlet15/RmsCurrent","random(10.0, 30.0, true)","Double"
"0","Exchange/DataCenterDemo/Site1/DataHall1/Section2/PDU/PDU2B/Outlet/Outlet8/RmsCurrent","random(10.0, 30.0, true)","Double"
"0","Exchange/DataCenterDemo/Site1/DataHall1/Section3/PDU/PDU11A/Outlet/Outlet1/RmsCurrent","random(10.0, 30.0, true)","Double"
"0","Exchange/DataCenterDemo/Site1/DataHall2/Section1/PDU/PDU5B/Outlet/Outlet10/RmsCurrent","random(10.0, 30.0, true)","Double"
"0","Exchange/DataCenterDemo/Site1/DataHall2/Section2/PDU/PDU7B/Outlet/Outlet16/RmsCurrent","random(10.0, 30.0, true)","Double"
"0","Exchange/DataCenterDemo/Site1/DataHall1/Section1/Breaker/Breaker6A/Metering/CurrentB","random(4300.0, 5800.0, true)","Double"
"0","Exchange/DataCenterDemo/Site1/DataHall1/Section4/Breaker/Breaker6A/Metering/VoltageMeanLL","random(470.0, 490.0, true)","Double"
"0","Exchange/DataCenterDemo/Site1/DataHall1/Section1/Breaker/Breaker6A/Metering/CurrentC","random(4300.0, 5800.0, true)","Double"
"0","Exchange/DataCenterDemo/Site1/DataHall2/Section2/PDU/PDU10B/Outlet/Outlet16/RmsCurrent","random(10.0, 30.0, true)","Double"
"0","Exchange/DataCenterDemo/Site1/DataHall2/Section2/PDU/PDU12B/Outlet/Outlet1/RmsCurrent","random(10.0, 30.0, true)","Double"
"0","Exchange/DataCenterDemo/Site1/DataHall1/Section1/Breaker/Breaker6A/Metering/CurrentA","random(4300.0, 5800.0, true)","Double"
"0","Exchange/DataCenterDemo/Site1/DataHall2/Section4/PDU/PDU3A/Outlet/Outlet1/RmsCurrent","random(10.0, 30.0, true)","Double"
"0","Exchange/DataCenterDemo/Site1/DataHall1/Section3/Heatmap/Aisle5/Sensor2/Temperature","random(18.0, 23.9, true)","Double"
"0","Exchange/DataCenterDemo/Site1/DataHall1/Section1/PDU/PDU12B/Outlet/Outlet8/RmsCurrent","random(10.0, 30.0, true)","Double"
"0","Exchange/DataCenterDemo/Site1/DataHall1/Section4/PQM/PQM2A/Current/CurrentB","random(3750.0, 4100.0, true)","Double"
"0","Exchange/DataCenterDemo/Site1/DataHall1/Section4/PQM/PQM2A/Current/CurrentA","random(3750.0, 4100.0, true)","Double"
"0","Exchange/DataCenterDemo/Site1/DataHall2/Section3/Heatmap/Aisle7/Sensor1/Humidity","cosine(46.0, 48.0, 98.893, true)","Double"
"0","Exchange/DataCenterDemo/Site1/DataHall1/Section4/UPS/UPS1A/Input/SystemInputCurrentB","random(1600.0, 1900.0, true)","Double"
"0","Exchange/DataCenterDemo/Site1/DataHall1/Section4/PQM/PQM1B/Voltage/VoltageAN","cosine(276.0, 278.0, 99.423, true)","Double"
"0","Exchange/DataCenterDemo/Site1/DataHall1/Section4/UPS/UPS1A/Input/SystemInputCurrentC","random(1600.0, 1900.0, true)","Double"
"0","Exchange/DataCenterDemo/Site1/DataHall1/Section4/UPS/UPS1A/Input/SystemInputCurrentA","random(1600.0, 1900.0, true)","Double"
"0","Exchange/DataCenterDemo/Site1/DataHall2/Section2/AHU/AHU4/Status/IsAhuRunning","1.0","Double"
"0","Exchange/DataCenterDemo/Site1/DataHall1/Section4/PQM/PQM1B/Voltage/VoltageAB","cosine(478.0, 481.0, 108.089, true)","Double"
"0","Exchange/DataCenterDemo/Site1/DataHall1/Section2/PDU/PDU12B/Outlet/Outlet6/RmsCurrent","random(10.0, 30.0, true)","Double"
"0","Exchange/DataCenterDemo/Site1/DataHall2/Section4/Breaker/Breaker2A/Metering/CurrentC","random(4300.0, 5800.0, true)","Double"
"0","Exchange/DataCenterDemo/Site1/DataHall1/Section1/PDU/PDU3A/Outlet/Outlet11/RmsCurrent","random(10.0, 30.0, true)","Double"
"0","Exchange/DataCenterDemo/Site1/DataHall2/Section3/PDU/PDU10B/Outlet/Outlet9/RmsCurrent","random(10.0, 30.0, true)","Double"
"0","Exchange/DataCenterDemo/Site1/DataHall2/Section4/Breaker/Breaker2A/Metering/CurrentB","random(4300.0, 5800.0, true)","Double"
"0","Exchange/DataCenterDemo/Site1/DataHall2/Section4/Breaker/Breaker2A/Metering/CurrentA","random(4300.0, 5800.0, true)","Double"
"0","Exchange/DataCenterDemo/Site1/DataHall1/Section3/PDU/PDU10A/Outlet/Outlet2/RmsCurrent","random(10.0, 30.0, true)","Double"
"0","Exchange/DataCenterDemo/Site1/DataHall2/Section1/PDU/PDU6A/Outlet/Outlet12/RmsCurrent","random(10.0, 30.0, true)","Double"
"0","Exchange/DataCenterDemo/Site1/DataHall2/Section3/PQM/PQM1B/Voltage/VoltageAB","cosine(478.0, 481.0, 92.464, true)","Double"
"0","Exchange/DataCenterDemo/Site1/DataHall2/Section4/Heatmap/Aisle3/Sensor1/Humidity","cosine(46.0, 48.0, 106.989, true)","Double"
"0","Exchange/DataCenterDemo/Site1/DataHall1/Section1/AHU/AHU4/Temperature/SupplyAirTemperature","sine(21.0, 22.0, 105.698, true)","Double"
"0","Exchange/DataCenterDemo/Site1/DataHall1/Section3/PDU/PDU9A/Outlet/Outlet9/RmsCurrent","random(10.0, 30.0, true)","Double"
"0","Exchange/DataCenterDemo/Site1/DataHall2/Section1/PDU/PDU11B/Outlet/Outlet9/RmsCurrent","random(10.0, 30.0, true)","Double"
"0","Exchange/DataCenterDemo/Site1/DataHall1/Section2/AHU/AHU2/Status/IsAhuRunning","1.0","Double"
"0","Exchange/DataCenterDemo/Site1/DataHall1/Section1/PDU/PDU11A/Outlet/Outlet2/RmsCurrent","random(10.0, 30.0, true)","Double"
"0","Exchange/DataCenterDemo/Site1/DataHall1/Section4/PQM/PQM2A/Current/CurrentC","random(3750.0, 4100.0, true)","Double"
"0","Exchange/DataCenterDemo/Site1/DataHall1/Section3/Breaker/Breaker2B/Metering/CurrentA","random(4300.0, 5800.0, true)","Double"
"0","Exchange/DataCenterDemo/Site1/DataHall1/Section2/PDU/PDU2A/Outlet/Outlet11/RmsCurrent","random(10.0, 30.0, true)","Double"
"0","Exchange/DataCenterDemo/Site1/DataHall1/Section3/Breaker/Breaker2B/Metering/CurrentB","random(4300.0, 5800.0, true)","Double"
"0","Exchange/DataCenterDemo/Site1/DataHall2/Section2/Heatmap/Aisle1/Sensor1/Temperature","random(18.0, 23.9, true)","Double"
"0","Exchange/DataCenterDemo/Site1/DataHall2/Section3/Heatmap/Aisle5/Sensor2/Temperature","random(18.0, 23.9, true)","Double"
"0","Exchange/DataCenterDemo/Site1/DataHall2/Section4/PQM/PQM2A/Current/CurrentB","random(3750.0, 4100.0, true)","Double"
"0","Exchange/DataCenterDemo/Site1/DataHall2/Section3/Breaker/Breaker2B/Metering/VoltageMeanLL","random(470.0, 490.0, true)","Double"
"0","Exchange/DataCenterDemo/Site1/DataHall2/Section4/PQM/PQM2A/Current/CurrentC","random(3750.0, 4100.0, true)","Double"
"0","Exchange/DataCenterDemo/Site1/DataHall1/Section1/PDU/PDU5B/Outlet/Outlet8/RmsCurrent","random(10.0, 30.0, true)","Double"
"0","Exchange/DataCenterDemo/Site1/DataHall2/Section1/PDU/PDU10A/Outlet/Outlet3/RmsCurrent","random(10.0, 30.0, true)","Double"
"0","Exchange/DataCenterDemo/Site1/DataHall2/Section2/PDU/PDU1A/Outlet/Outlet9/RmsCurrent","random(10.0, 30.0, true)","Double"
"0","Exchange/DataCenterDemo/Site1/DataHall2/Section4/AHU/AHU1/Fan/FanSpeedFeedback","cosine(70.0, 100.0, 109.253, true)","Double"
"0","Exchange/DataCenterDemo/Site1/DataHall2/Section1/PDU/PDU11B/Outlet/Outlet10/RmsCurrent","random(10.0, 30.0, true)","Double"
"0","Exchange/DataCenterDemo/Site1/DataHall1/Section1/PDU/PDU6B/Outlet/Outlet11/RmsCurrent","random(10.0, 30.0, true)","Double"
"0","Exchange/DataCenterDemo/Site1/DataHall1/Section1/PDU/PDU4A/Outlet/Outlet2/RmsCurrent","random(10.0, 30.0, true)","Double"
"0","Exchange/DataCenterDemo/Site1/DataHall2/Section2/PDU/PDU11B/Outlet/Outlet7/RmsCurrent","random(10.0, 30.0, true)","Double"
"0","Exchange/DataCenterDemo/Site1/DataHall2/Section4/PDU/PDU6B/Outlet/Outlet2/RmsCurrent","random(10.0, 30.0, true)","Double"
"0","Exchange/DataCenterDemo/Site1/DataHall2/Section1/Heatmap/Aisle4/Sensor2/Humidity","cosine(42.0, 44.0, 93.462, true)","Double"
"0","Exchange/DataCenterDemo/Site1/DataHall2/Section4/PQM/PQM2A/Current/CurrentA","random(3750.0, 4100.0, true)","Double"
"0","Exchange/DataCenterDemo/Site1/DataHall1/Section1/AHU/AHU5/Temperature/MixedAirTemperature","cosine(14.0, 16.0, 93.736, true)","Double"
"0","Exchange/DataCenterDemo/Site1/DataHall2/Section3/PDU/PDU8A/Outlet/Outlet8/RmsCurrent","random(10.0, 30.0, true)","Double"
"0","Exchange/DataCenterDemo/Site1/DataHall1/Section3/Breaker/Breaker2B/Metering/CurrentC","random(4300.0, 5800.0, true)","Double"
"0","Exchange/DataCenterDemo/Site1/DataHall1/Section4/PDU/PDU5A/Outlet/Outlet1/RmsCurrent","random(10.0, 30.0, true)","Double"
"0","Exchange/DataCenterDemo/Site1/DataHall2/Section1/PDU/PDU10B/Outlet/Outlet12/RmsCurrent","random(10.0, 30.0, true)","Double"
"0","Exchange/DataCenterDemo/Site1/DataHall2/Section1/PDU/PDU3A/Outlet/Outlet1/RmsCurrent","random(10.0, 30.0, true)","Double"
"0","Exchange/DataCenterDemo/Site1/DataHall1/Section4/PQM/PQM1B/Voltage/VoltageCN","cosine(276.0, 278.0, 107.933, true)","Double"
"0","Exchange/DataCenterDemo/Site1/DataHall1/Section2/PDU/PDU5B/Outlet/Outlet11/RmsCurrent","random(10.0, 30.0, true)","Double"
"0","Exchange/DataCenterDemo/Site1/DataHall1/Section3/UPS/UPS2A/Input/SystemInputVoltageAB","random(470.0, 490.0, true)","Double"
"0","Exchange/DataCenterDemo/Site1/DataHall2/Section1/PDU/PDU12B/Outlet/Outlet5/RmsCurrent","random(10.0, 30.0, true)","Double"
"0","Exchange/DataCenterDemo/Site1/DataHall2/Section1/PDU/PDU11A/Outlet/Outlet14/RmsCurrent","random(10.0, 30.0, true)","Double"
"0","Exchange/DataCenterDemo/Site1/DataHall2/Section3/PQM/PQM1B/Voltage/VoltageBN","cosine(276.0, 278.0, 108.389, true)","Double"
"0","Exchange/DataCenterDemo/Site1/DataHall2/Section3/PDU/PDU6B/Outlet/Outlet2/RmsCurrent","random(10.0, 30.0, true)","Double"
"0","Exchange/DataCenterDemo/Site1/DataHall2/Section4/Section/ItLoadMw","sine(850.0, 1150.0, 10.0, true)","Double"
"0","Exchange/DataCenterDemo/Site1/DataHall2/Section2/PQM/PQM2A/Voltage/VoltageCA","cosine(478.0, 481.0, 95.596, true)","Double"
"0","Exchange/DataCenterDemo/Site1/DataHall2/Section2/PQM/PQM2A/Voltage/VoltageBN","cosine(276.0, 278.0, 105.175, true)","Double"
"0","Exchange/DataCenterDemo/Site1/DataHall1/Section3/PQM/PQM2A/Voltage/VoltageCN","cosine(276.0, 278.0, 109.794, true)","Double"
"0","Exchange/DataCenterDemo/Site1/DataHall1/Section3/AHU/AHU2/Fan/FanSpeedCommand","square(70.0, 100.0, 109.912, true)","Double"
"0","Exchange/DataCenterDemo/Site1/DataHall2/Section3/PQM/PQM1B/Voltage/VoltageCA","cosine(478.0, 481.0, 99.952, true)","Double"
"0","Exchange/DataCenterDemo/Site1/DataHall1/Section3/PQM/PQM2A/PQ/ThdVoltageAN","3.3","Double"
"0","Exchange/DataCenterDemo/Site1/DataHall2/Section1/PDU/PDU4B/Outlet/Outlet12/RmsCurrent","random(10.0, 30.0, true)","Double"
"0","Exchange/DataCenterDemo/Site1/DataHall2/Section4/PDU/PDU12B/Outlet/Outlet9/RmsCurrent","random(10.0, 30.0, true)","Double"
"0","Exchange/DataCenterDemo/Site1/DataHall1/Section1/AHU/AHU2/Fan/FanSpeedFeedback","cosine(70.0, 100.0, 104.401, true)","Double"
"0","Exchange/DataCenterDemo/Site1/DataHall2/Section3/Heatmap/Aisle5/Sensor3/Temperature","random(18.0, 23.9, true)","Double"
"0","Exchange/DataCenterDemo/Site1/DataHall1/Section3/UPS/UPS1A/Input/SystemInputCurrentB","random(1600.0, 1900.0, true)","Double"
"0","Exchange/DataCenterDemo/Site1/DataHall1/Section4/PQM/PQM1B/Voltage/VoltageBN","cosine(276.0, 278.0, 91.162, true)","Double"
"0","Exchange/DataCenterDemo/Site1/DataHall2/Section1/PDU/PDU4A/Outlet/Outlet16/RmsCurrent","random(10.0, 30.0, true)","Double"
"0","Exchange/DataCenterDemo/Site1/DataHall1/Section3/UPS/UPS1A/Input/SystemInputCurrentA","random(1600.0, 1900.0, true)","Double"
"0","Exchange/DataCenterDemo/Site1/DataHall2/Section4/Heatmap/Aisle1/Sensor2/Temperature","random(18.0, 23.9, true)","Double"
"0","Exchange/DataCenterDemo/Site1/DataHall2/Section4/Heatmap/Aisle5/Sensor2/Humidity","cosine(46.0, 48.0, 93.871, true)","Double"
"0","Exchange/DataCenterDemo/Site1/DataHall2/Section3/PQM/PQM1B/Voltage/VoltageAN","cosine(276.0, 278.0, 101.459, true)","Double"
"0","Exchange/DataCenterDemo/Site1/DataHall1/Section3/PDU/PDU4B/Outlet/Outlet11/RmsCurrent","random(10.0, 30.0, true)","Double"
"0","Exchange/DataCenterDemo/Site1/DataHall2/Section2/PDU/PDU6A/Outlet/Outlet6/RmsCurrent","random(10.0, 30.0, true)","Double"
"0","Exchange/DataCenterDemo/Site1/DataHall1/Section4/PQM/PQM1B/Voltage/VoltageBC","cosine(478.0, 481.0, 91.287, true)","Double"
"0","Exchange/DataCenterDemo/Site1/DataHall1/Section4/Heatmap/Aisle8/Sensor3/Humidity","cosine(42.0, 44.0, 94.374, true)","Double"
"0","Exchange/DataCenterDemo/Site1/DataHall1/Section3/UPS/UPS1A/Input/SystemInputCurrentC","random(1600.0, 1900.0, true)","Double"
"0","Exchange/DataCenterDemo/Site1/DataHall1/Section1/PDU/PDU5B/Outlet/Outlet13/RmsCurrent","random(10.0, 30.0, true)","Double"
"0","Exchange/DataCenterDemo/Site1/DataHall2/Section2/PQM/PQM2A/Voltage/VoltageCN","cosine(276.0, 278.0, 90.066, true)","Double"
"0","Exchange/DataCenterDemo/Site1/DataHall2/Section3/PQM/PQM1B/Voltage/VoltageBC","cosine(478.0, 481.0, 109.113, true)","Double"
"0","Exchange/DataCenterDemo/Site1/DataHall1/Section2/UPS/UPS2A/Input/SystemInputPowerFactor","random(0.95, 0.98, true)","Double"
"0","Exchange/DataCenterDemo/Site1/DataHall2/Section2/PDU/PDU10A/Outlet/Outlet1/RmsCurrent","random(10.0, 30.0, true)","Double"
"0","Exchange/DataCenterDemo/Site1/DataHall1/Section3/PDU/PDU11B/Outlet/Outlet8/RmsCurrent","random(10.0, 30.0, true)","Double"
"0","Exchange/DataCenterDemo/Site1/DataHall1/Section4/PQM/PQM1B/Voltage/VoltageCA","cosine(478.0, 481.0, 99.163, true)","Double"
"0","Exchange/DataCenterDemo/Site1/DataHall2/Section1/PDU/PDU9A/Outlet/Outlet16/RmsCurrent","random(10.0, 30.0, true)","Double"
"0","Exchange/DataCenterDemo/Site1/DataHall2/Section2/PDU/PDU3B/Outlet/Outlet12/RmsCurrent","random(10.0, 30.0, true)","Double"
"0","Exchange/DataCenterDemo/Site1/DataHall1/Section3/Heatmap/Aisle10/Sensor1/Temperature","random(38.0, 43.9, true)","Double"
"0","Exchange/DataCenterDemo/Site1/DataHall2/Section1/Heatmap/Aisle7/Sensor2/Humidity","cosine(46.0, 48.0, 101.365, true)","Double"
"0","Exchange/DataCenterDemo/Site1/DataHall2/Section3/Breaker/Breaker5B/Metering/CurrentB","random(4300.0, 5800.0, true)","Double"
"0","Exchange/DataCenterDemo/Site1/DataHall2/Section3/PDU/PDU4B/Outlet/Outlet7/RmsCurrent","random(10.0, 30.0, true)","Double"
"0","Exchange/DataCenterDemo/Site1/DataHall2/Section1/PDU/PDU1B/Outlet/Outlet9/RmsCurrent","random(10.0, 30.0, true)","Double"
"0","Exchange/DataCenterDemo/Site1/DataHall2/Section3/Breaker/Breaker5B/Metering/CurrentA","random(4300.0, 5800.0, true)","Double"
"0","Exchange/DataCenterDemo/Site1/DataHall2/Section4/PDU/PDU12A/Outlet/Outlet13/RmsCurrent","random(10.0, 30.0, true)","Double"
"0","Exchange/DataCenterDemo/Site1/DataHall2/Section4/PDU/PDU11B/Outlet/Outlet11/RmsCurrent","random(10.0, 30.0, true)","Double"
"0","Exchange/DataCenterDemo/Site1/DataHall2/Section3/Breaker/Breaker5B/Metering/CurrentC","random(4300.0, 5800.0, true)","Double"
"0","Exchange/DataCenterDemo/Site1/DataHall2/Section2/PDU/PDU5B/Outlet/Outlet6/RmsCurrent","random(10.0, 30.0, true)","Double"
"0","Exchange/DataCenterDemo/Site1/DataHall2/Section4/Heatmap/Aisle12/Sensor2/Humidity","cosine(42.0, 44.0, 109.694, true)","Double"
"0","Exchange/DataCenterDemo/Site1/DataHall2/Section2/PDU/PDU3A/Outlet/Outlet16/RmsCurrent","random(10.0, 30.0, true)","Double"
"0","Exchange/DataCenterDemo/Site1/DataHall1/Section4/Heatmap/Aisle1/Sensor2/Temperature","random(18.0, 23.9, true)","Double"
"0","Exchange/DataCenterDemo/Site1/DataHall2/Section2/PDU/PDU2B/Outlet/Outlet14/RmsCurrent","random(10.0, 30.0, true)","Double"
"0","Exchange/DataCenterDemo/Site1/DataHall1/Section3/PDU/PDU10A/Outlet/Outlet11/RmsCurrent","random(10.0, 30.0, true)","Double"
"0","Exchange/DataCenterDemo/Site1/DataHall1/Section1/Breaker/Breaker2B/Metering/CurrentC","random(4300.0, 5800.0, true)","Double"
"0","Exchange/DataCenterDemo/Site1/DataHall1/Section1/Breaker/Breaker2B/Metering/CurrentB","random(4300.0, 5800.0, true)","Double"
"0","Exchange/DataCenterDemo/Site1/DataHall2/Section3/AHU/AHU3/Temperature/SupplyAirTemperature","sine(21.0, 22.0, 97.932, true)","Double"
"0","Exchange/DataCenterDemo/Site1/DataHall1/Section1/Breaker/Breaker2B/Metering/CurrentA","random(4300.0, 5800.0, true)","Double"
"0","Exchange/DataCenterDemo/Site1/DataHall2/Section1/PDU/PDU9B/Outlet/Outlet4/RmsCurrent","random(10.0, 30.0, true)","Double"
"0","Exchange/DataCenterDemo/Site1/DataHall1/Section1/PDU/PDU3B/Outlet/Outlet6/RmsCurrent","random(10.0, 30.0, true)","Double"
"0","Exchange/DataCenterDemo/Site1/DataHall1/Section4/PDU/PDU4A/Outlet/Outlet13/RmsCurrent","random(10.0, 30.0, true)","Double"
"0","Exchange/DataCenterDemo/Site1/DataHall2/Section3/PDU/PDU3A/Outlet/Outlet1/RmsCurrent","random(10.0, 30.0, true)","Double"
"0","Exchange/DataCenterDemo/Site1/DataHall1/Section2/PDU/PDU5A/Outlet/Outlet15/RmsCurrent","random(10.0, 30.0, true)","Double"
"0","Exchange/DataCenterDemo/Site1/DataHall2/Section3/UPS/UPS2B/Input/SystemInputPowerFactor","random(0.95, 0.98, true)","Double"
"0","Exchange/DataCenterDemo/Site1/DataHall1/Section3/PDU/PDU3B/Outlet/Outlet2/RmsCurrent","random(10.0, 30.0, true)","Double"
"0","Exchange/DataCenterDemo/Site1/DataHall2/Section3/PDU/PDU2B/Outlet/Outlet12/RmsCurrent","random(10.0, 30.0, true)","Double"
"0","Exchange/DataCenterDemo/Site1/DataHall1/Section3/Breaker/Breaker5B/Metering/VoltageMeanLL","random(470.0, 490.0, true)","Double"
"0","Exchange/DataCenterDemo/Site1/DataHall2/Section2/Heatmap/Aisle9/Sensor3/Temperature","random(18.0, 23.9, true)","Double"
"0","Exchange/DataCenterDemo/Site1/DataHall1/Section3/PDU/PDU5A/Outlet/Outlet13/RmsCurrent","random(10.0, 30.0, true)","Double"
"0","Exchange/DataCenterDemo/Site1/DataHall1/Section2/AHU/AHU3/Fan/FanSpeedFeedback","cosine(70.0, 100.0, 92.52, true)","Double"
"0","Exchange/DataCenterDemo/Site1/DataHall2/Section3/AHU/AHU2/Fan/FanSpeedFeedback","cosine(70.0, 100.0, 93.005, true)","Double"
"0","Exchange/DataCenterDemo/Site1/DataHall1/Section1/AHU/AHU4/Fan/FanSpeedFeedback","cosine(70.0, 100.0, 109.497, true)","Double"
"0","Exchange/DataCenterDemo/Site1/DataHall2/Section3/PDU/PDU2A/Outlet/Outlet16/RmsCurrent","random(10.0, 30.0, true)","Double"
"0","Exchange/DataCenterDemo/Site1/DataHall1/Section1/UPS/UPS2A/Battery/BatteryCapacityRemaining","ramp(95.0, 99.0, 101.368, true)","Double"
"0","Exchange/DataCenterDemo/Site1/DataHall2/Section2/Heatmap/Aisle5/Sensor3/Humidity","cosine(46.0, 48.0, 95.997, true)","Double"
"0","Exchange/DataCenterDemo/Site1/DataHall1/Section4/PDU/PDU5B/Outlet/Outlet8/RmsCurrent","random(10.0, 30.0, true)","Double"
"0","Exchange/DataCenterDemo/Site1/DataHall2/Section1/PDU/PDU3B/Outlet/Outlet14/RmsCurrent","random(10.0, 30.0, true)","Double"
"0","Exchange/DataCenterDemo/Site1/DataHall2/Section3/PDU/PDU2B/Outlet/Outlet1/RmsCurrent","random(10.0, 30.0, true)","Double"
"0","Exchange/DataCenterDemo/Site1/DataHall1/Section1/PDU/PDU6A/Outlet/Outlet15/RmsCurrent","random(10.0, 30.0, true)","Double"
"0","Exchange/DataCenterDemo/Site1/DataHall2/Section3/PQM/PQM2B/Freq/Frequency","ramp(59.7, 60.3, 1.029, true)","Double"
"0","Exchange/DataCenterDemo/Site1/DataHall1/Section2/PDU/PDU12A/Outlet/Outlet15/RmsCurrent","random(10.0, 30.0, true)","Double"
"0","Exchange/DataCenterDemo/Site1/DataHall2/Section4/Heatmap/Aisle6/Sensor1/Humidity","cosine(42.0, 44.0, 109.986, true)","Double"
"0","Exchange/DataCenterDemo/Site1/DataHall1/Section1/PDU/PDU6B/Outlet/Outlet4/RmsCurrent","random(10.0, 30.0, true)","Double"
"0","Exchange/DataCenterDemo/Site1/DataHall1/Section1/PDU/PDU10B/Outlet/Outlet6/RmsCurrent","random(10.0, 30.0, true)","Double"
"0","Exchange/DataCenterDemo/Site1/DataHall2/Section4/PDU/PDU1B/Outlet/Outlet12/RmsCurrent","random(10.0, 30.0, true)","Double"
"0","Exchange/DataCenterDemo/Site1/DataHall1/Section2/PDU/PDU6A/Outlet/Outlet13/RmsCurrent","random(10.0, 30.0, true)","Double"
"0","Exchange/DataCenterDemo/Site1/DataHall2/Section3/PDU/PDU9B/Outlet/Outlet4/RmsCurrent","random(10.0, 30.0, true)","Double"
"0","Exchange/DataCenterDemo/Site1/DataHall2/Section1/PDU/PDU8A/Outlet/Outlet8/RmsCurrent","random(10.0, 30.0, true)","Double"
"0","Exchange/DataCenterDemo/Site1/DataHall1/Section1/Section/UpsCapacity","cosine(0.9, 0.98, 105.551, true)","Double"
"0","Exchange/DataCenterDemo/Site1/DataHall2/Section2/Heatmap/Aisle2/Sensor3/Humidity","cosine(42.0, 44.0, 90.475, true)","Double"
"0","Exchange/DataCenterDemo/Site1/DataHall1/Section1/Heatmap/Aisle5/Sensor1/Temperature","random(18.0, 23.9, true)","Double"
"0","Exchange/DataCenterDemo/Site1/DataHall1/Section4/Breaker/Breaker2A/Metering/VoltageMeanLL","random(470.0, 490.0, true)","Double"
"0","Exchange/DataCenterDemo/Site1/DataHall2/Section3/PDU/PDU10A/Outlet/Outlet15/RmsCurrent","random(10.0, 30.0, true)","Double"
"0","Exchange/DataCenterDemo/Site1/DataHall2/Section4/UPS/UPS2A/Battery/BatteryCapacityRemaining","ramp(95.0, 99.0, 110.0, true)","Double"
"0","Exchange/DataCenterDemo/Site1/DataHall1/Section3/PDU/PDU12B/Outlet/Outlet13/RmsCurrent","random(10.0, 30.0, true)","Double"
"0","Exchange/DataCenterDemo/Site1/DataHall1/Section1/Heatmap/Aisle10/Sensor1/Temperature","random(38.0, 43.9, true)","Double"
"0","Exchange/DataCenterDemo/Site1/DataHall2/Section3/PDU/PDU1B/Outlet/Outlet9/RmsCurrent","random(10.0, 30.0, true)","Double"
"0","Exchange/DataCenterDemo/Site1/DataHall2/Section1/PDU/PDU4B/Outlet/Outlet7/RmsCurrent","random(10.0, 30.0, true)","Double"
"0","Exchange/DataCenterDemo/Site1/DataHall2/Section4/PDU/PDU1A/Outlet/Outlet16/RmsCurrent","random(10.0, 30.0, true)","Double"
"0","Exchange/DataCenterDemo/Site1/DataHall2/Section1/Heatmap/Aisle12/Sensor3/Humidity","cosine(42.0, 44.0, 95.676, true)","Double"
"0","Exchange/DataCenterDemo/Site1/DataHall1/Section4/PQM/PQM2B/Freq/Frequency","ramp(59.7, 60.3, 0.979, true)","Double"
"0","Exchange/DataCenterDemo/Site1/DataHall2/Section1/PDU/PDU5B/Outlet/Outlet3/RmsCurrent","random(10.0, 30.0, true)","Double"
"0","Exchange/DataCenterDemo/Site1/DataHall2/Section4/PDU/PDU11A/Outlet/Outlet15/RmsCurrent","random(10.0, 30.0, true)","Double"
"0","Exchange/DataCenterDemo/Site1/DataHall2/Section3/AHU/AHU4/Fan/FanSpeedCommand","square(70.0, 100.0, 90.65, true)","Double"
"0","Exchange/DataCenterDemo/Site1/DataHall2/Section3/PDU/PDU7B/Outlet/Outlet8/RmsCurrent","random(10.0, 30.0, true)","Double"
"0","Exchange/DataCenterDemo/Site1/DataHall2/Section1/Heatmap/Aisle5/Sensor2/Temperature","random(18.0, 23.9, true)","Double"
"0","Exchange/DataCenterDemo/Site1/DataHall2/Section2/PDU/PDU3A/Outlet/Outlet4/RmsCurrent","random(10.0, 30.0, true)","Double"
"0","Exchange/DataCenterDemo/Site1/DataHall1/Section1/PDU/PDU7A/Outlet/Outlet13/RmsCurrent","random(10.0, 30.0, true)","Double"
"0","Exchange/DataCenterDemo/Site1/DataHall1/Section3/AHU/AHU6/Temperature/ReturnAirTemperature","sine(30.0, 34.0, 197.088, true)","Double"
"0","Exchange/DataCenterDemo/Site1/DataHall2/Section1/AHU/AHU6/Temperature/ReturnAirTemperature","sine(30.0, 34.0, 215.531, true)","Double"
"0","Exchange/DataCenterDemo/Site1/DataHall2/Section3/AHU/AHU5/Fan/FanSpeedCommand","square(70.0, 100.0, 90.621, true)","Double"
"0","Exchange/DataCenterDemo/Site1/DataHall1/Section2/AHU/AHU3/Status/IsAhuRunning","1.0","Double"
"0","Exchange/DataCenterDemo/Site1/DataHall2/Section2/PQM/PQM1B/Freq/Frequency","ramp(59.7, 60.3, 0.926, true)","Double"
"0","Exchange/DataCenterDemo/Site1/DataHall1/Section1/PDU/PDU9A/Outlet/Outlet9/RmsCurrent","random(10.0, 30.0, true)","Double"
"0","Exchange/DataCenterDemo/Site1/DataHall1/Section1/Heatmap/Aisle6/Sensor1/Temperature","random(38.0, 43.9, true)","Double"
"0","Exchange/DataCenterDemo/Site1/DataHall1/Section4/PDU/PDU8B/Outlet/Outlet15/RmsCurrent","random(10.0, 30.0, true)","Double"
"0","Exchange/DataCenterDemo/Site1/DataHall2/Section2/AHU/AHU5/Temperature/MixedAirTemperature","cosine(14.0, 16.0, 90.039, true)","Double"
"0","Exchange/DataCenterDemo/Architecture/EAM/Agents/Backend - Master/Master/Metrics/Logging/Errors Per Minute","random(0.0, 1.5, true)","Double"
"0","Exchange/DataCenterDemo/Site1/DataHall2/Section3/PDU/PDU1B/Outlet/Outlet14/RmsCurrent","random(10.0, 30.0, true)","Double"
"0","Exchange/DataCenterDemo/Site1/DataHall1/Section1/PDU/PDU1A/Outlet/Outlet12/RmsCurrent","random(10.0, 30.0, true)","Double"
"0","Exchange/DataCenterDemo/Site1/DataHall2/Section4/Breaker/Breaker5B/Metering/VoltageMeanLL","random(470.0, 490.0, true)","Double"
"0","Exchange/DataCenterDemo/Site1/DataHall2/Section1/PDU/PDU12A/Outlet/Outlet12/RmsCurrent","random(10.0, 30.0, true)","Double"
"0","Exchange/DataCenterDemo/Site1/DataHall1/Section2/PDU/PDU5A/Outlet/Outlet1/RmsCurrent","random(10.0, 30.0, true)","Double"
"0","Exchange/DataCenterDemo/Site1/DataHall2/Section4/PDU/PDU9A/Outlet/Outlet10/RmsCurrent","random(10.0, 30.0, true)","Double"
"0","Exchange/DataCenterDemo/Site1/DataHall2/Section3/PDU/PDU10B/Outlet/Outlet11/RmsCurrent","random(10.0, 30.0, true)","Double"
"0","Exchange/DataCenterDemo/Site1/DataHall2/Section3/PDU/PDU2B/Outlet/Outlet5/RmsCurrent","random(10.0, 30.0, true)","Double"
"0","Exchange/DataCenterDemo/Site1/DataHall2/Section1/PDU/PDU8B/Outlet/Outlet8/RmsCurrent","random(10.0, 30.0, true)","Double"
"0","Exchange/DataCenterDemo/Site1/DataHall1/Section1/PDU/PDU10B/Outlet/Outlet2/RmsCurrent","random(10.0, 30.0, true)","Double"
"0","Exchange/DataCenterDemo/Site1/DataHall1/Section2/PDU/PDU11B/Outlet/Outlet13/RmsCurrent","random(10.0, 30.0, true)","Double"
"0","Exchange/DataCenterDemo/Site1/DataHall2/Section4/AHU/AHU3/Fan/FanSpeedFeedback","cosine(70.0, 100.0, 105.022, true)","Double"
"0","Exchange/DataCenterDemo/Site1/DataHall1/Section2/PDU/PDU10A/Outlet/Outlet4/RmsCurrent","random(10.0, 30.0, true)","Double"
"0","Exchange/DataCenterDemo/Site1/DataHall1/Section4/PQM/PQM1B/PQ/ThdVoltageAN","3.3","Double"
"0","Exchange/DataCenterDemo/Site1/DataHall2/Section1/Heatmap/Aisle13/Sensor2/Humidity","cosine(46.0, 48.0, 109.65, true)","Double"
"0","Exchange/DataCenterDemo/Site1/DataHall1/Section2/Breaker/Breaker3B/Metering/VoltageMeanLL","random(470.0, 490.0, true)","Double"
"0","Exchange/DataCenterDemo/Site1/DataHall1/Section1/PDU/PDU7B/Outlet/Outlet12/RmsCurrent","random(10.0, 30.0, true)","Double"
"0","Exchange/DataCenterDemo/Site1/DataHall1/Section1/PDU/PDU8A/Outlet/Outlet14/RmsCurrent","random(10.0, 30.0, true)","Double"
"0","Exchange/DataCenterDemo/Site1/DataHall2/Section2/Heatmap/Aisle2/Sensor3/Temperature","random(38.0, 43.9, true)","Double"
"0","Exchange/DataCenterDemo/Site1/DataHall1/Section3/UPS/UPS1B/Output/SystemOutputCurrentA","random(1500.0, 1800.0, true)","Double"
"0","Exchange/DataCenterDemo/Site1/DataHall2/Section3/PDU/PDU8B/Outlet/Outlet14/RmsCurrent","random(10.0, 30.0, true)","Double"
"0","Exchange/DataCenterDemo/Site1/DataHall1/Section3/UPS/UPS1B/Output/SystemOutputCurrentC","random(1500.0, 1800.0, true)","Double"
"0","Exchange/DataCenterDemo/Site1/DataHall1/Section3/UPS/UPS1B/Output/SystemOutputCurrentB","random(1500.0, 1800.0, true)","Double"
"0","Exchange/DataCenterDemo/Site1/DataHall1/Section1/AHU/AHU3/Temperature/SupplyAirTemperature","sine(21.0, 22.0, 98.896, true)","Double"
"0","Exchange/DataCenterDemo/Site1/DataHall1/Section3/AHU/AHU6/Temperature/SupplyAirTemperature","sine(21.0, 22.0, 90.888, true)","Double"
"0","Exchange/DataCenterDemo/Site1/DataHall2/Section3/Heatmap/Aisle11/Sensor1/Humidity","cosine(46.0, 48.0, 108.53, true)","Double"
"0","Exchange/DataCenterDemo/Site1/DataHall2/Section3/PDU/PDU9A/Outlet/Outlet16/RmsCurrent","random(10.0, 30.0, true)","Double"
"0","Exchange/DataCenterDemo/Site1/DataHall1/Section2/PDU/PDU8A/Outlet/Outlet12/RmsCurrent","random(10.0, 30.0, true)","Double"
"0","Exchange/DataCenterDemo/Site1/DataHall1/Section2/PDU/PDU7B/Outlet/Outlet10/RmsCurrent","random(10.0, 30.0, true)","Double"
"0","Exchange/DataCenterDemo/Site1/DataHall1/Section1/AHU/AHU1/Fan/FanSpeedCommand","square(70.0, 100.0, 90.476, true)","Double"
"0","Exchange/DataCenterDemo/Site1/DataHall1/Section2/PDU/PDU12B/Outlet/Outlet11/RmsCurrent","random(10.0, 30.0, true)","Double"
"0","Exchange/DataCenterDemo/Site1/DataHall1/Section2/PDU/PDU6B/Outlet/Outlet12/RmsCurrent","random(10.0, 30.0, true)","Double"
"0","Exchange/DataCenterDemo/Site1/DataHall1/Section4/UPS/UPS2B/Input/SystemInputPowerFactor","random(0.95, 0.98, true)","Double"
"0","Exchange/DataCenterDemo/Site1/DataHall2/Section4/PDU/PDU9A/Outlet/Outlet14/RmsCurrent","random(10.0, 30.0, true)","Double"
"0","Exchange/DataCenterDemo/Site1/DataHall1/Section1/AHU/AHU3/Temperature/ReturnAirTemperature","sine(30.0, 34.0, 182.081, true)","Double"
"0","Exchange/DataCenterDemo/Site1/DataHall2/Section3/PQM/PQM2B/Current/CurrentC","random(3750.0, 4100.0, true)","Double"
"0","Exchange/DataCenterDemo/Site1/DataHall1/Section1/PDU/PDU8B/Outlet/Outlet10/RmsCurrent","random(10.0, 30.0, true)","Double"
"0","Exchange/DataCenterDemo/Site1/DataHall2/Section3/PQM/PQM2B/Current/CurrentB","random(3750.0, 4100.0, true)","Double"
"0","Exchange/DataCenterDemo/Site1/DataHall1/Section3/PDU/PDU3B/Outlet/Outlet6/RmsCurrent","random(10.0, 30.0, true)","Double"
"0","Exchange/DataCenterDemo/Site1/DataHall2/Section3/UPS/UPS1B/Battery/BatteryCapacityRemaining","ramp(95.0, 99.0, 108.291, true)","Double"
"0","Exchange/DataCenterDemo/Site1/DataHall1/Section3/Heatmap/Aisle6/Sensor2/Temperature","random(38.0, 43.9, true)","Double"
"0","Exchange/DataCenterDemo/Site1/DataHall1/Section1/PDU/PDU7A/Outlet/Outlet3/RmsCurrent","random(10.0, 30.0, true)","Double"
"0","Exchange/DataCenterDemo/Site1/DataHall2/Section4/PQM/PQM1A/Voltage/VoltageAB","cosine(478.0, 481.0, 90.352, true)","Double"
"0","Exchange/DataCenterDemo/Site1/DataHall2/Section4/PDU/PDU10B/Outlet/Outlet4/RmsCurrent","random(10.0, 30.0, true)","Double"
"0","Exchange/DataCenterDemo/Site1/DataHall1/Section3/PDU/PDU7A/Outlet/Outlet12/RmsCurrent","random(10.0, 30.0, true)","Double"
"0","Exchange/DataCenterDemo/Site1/DataHall2/Section3/PDU/PDU11A/Outlet/Outlet13/RmsCurrent","random(10.0, 30.0, true)","Double"
"0","Exchange/DataCenterDemo/Site1/DataHall2/Section1/PDU/PDU2A/Outlet/Outlet8/RmsCurrent","random(10.0, 30.0, true)","Double"
"0","Exchange/DataCenterDemo/Site1/DataHall2/Section1/PDU/PDU5A/Outlet/Outlet7/RmsCurrent","random(10.0, 30.0, true)","Double"
"0","Exchange/DataCenterDemo/Site1/DataHall2/Section4/PDU/PDU7B/Outlet/Outlet14/RmsCurrent","random(10.0, 30.0, true)","Double"
"0","Exchange/DataCenterDemo/Site1/DataHall1/Section3/PDU/PDU8B/Outlet/Outlet9/RmsCurrent","random(10.0, 30.0, true)","Double"
"0","Exchange/DataCenterDemo/Site1/DataHall1/Section4/UPS/UPS1B/Battery/BatteryCapacityRemaining","ramp(95.0, 99.0, 91.247, true)","Double"
"0","Exchange/DataCenterDemo/Site1/DataHall2/Section3/PDU/PDU11B/Outlet/Outlet1/RmsCurrent","random(10.0, 30.0, true)","Double"
"0","Exchange/DataCenterDemo/Site1/DataHall2/Section3/PQM/PQM2B/Current/CurrentA","random(3750.0, 4100.0, true)","Double"
"0","Exchange/DataCenterDemo/Site1/DataHall1/Section2/PDU/PDU10A/Outlet/Outlet8/RmsCurrent","random(10.0, 30.0, true)","Double"
"0","Exchange/DataCenterDemo/Site1/DataHall2/Section1/UPS/UPS1A/Input/SystemInputVoltageAB","random(470.0, 490.0, true)","Double"
"0","Exchange/DataCenterDemo/Site1/DataHall1/Section3/PDU/PDU5B/Outlet/Outlet12/RmsCurrent","random(10.0, 30.0, true)","Double"
"0","Exchange/DataCenterDemo/Site1/DataHall2/Section4/PDU/PDU8B/Outlet/Outlet8/RmsCurrent","random(10.0, 30.0, true)","Double"
"0","Exchange/DataCenterDemo/Architecture/EAM/Agents/Frontend 1/Independent/Metrics/Sessions/Clients","random(0.0, 5.0, true)","Double"
"0","Exchange/DataCenterDemo/Site1/DataHall2/Section3/PDU/PDU5B/Outlet/Outlet16/RmsCurrent","random(10.0, 30.0, true)","Double"
"0","Exchange/DataCenterDemo/Site1/DataHall2/Section1/Heatmap/Aisle8/Sensor1/Humidity","cosine(42.0, 44.0, 106.605, true)","Double"
"0","Exchange/DataCenterDemo/Site1/DataHall2/Section3/PDU/PDU9B/Outlet/Outlet12/RmsCurrent","random(10.0, 30.0, true)","Double"
"0","Exchange/DataCenterDemo/Site1/DataHall1/Section1/PDU/PDU3B/Outlet/Outlet2/RmsCurrent","random(10.0, 30.0, true)","Double"
"0","Exchange/DataCenterDemo/Site1/DataHall1/Section3/PQM/PQM1B/Freq/Frequency","ramp(59.7, 60.3, 1.08, true)","Double"
"0","Exchange/DataCenterDemo/Site1/DataHall2/Section3/Heatmap/Aisle6/Sensor2/Humidity","cosine(42.0, 44.0, 93.202, true)","Double"
"0","Exchange/DataCenterDemo/Site1/DataHall2/Section3/Section/EnergyEfficiencyRatio","cosine(7.7, 8.2, 101.276, true)","Double"
"0","Exchange/DataCenterDemo/Site1/DataHall1/Section4/PDU/PDU7A/Outlet/Outlet11/RmsCurrent","random(10.0, 30.0, true)","Double"
"0","Exchange/DataCenterDemo/Site1/DataHall1/Section1/PDU/PDU6A/Outlet/Outlet7/RmsCurrent","random(10.0, 30.0, true)","Double"
"0","Exchange/DataCenterDemo/Site1/DataHall1/Section4/AHU/AHU7/Fan/FanSpeedFeedback","cosine(70.0, 100.0, 90.962, true)","Double"
"0","Exchange/DataCenterDemo/Site1/DataHall1/Section3/Breaker/Breaker6B/Metering/VoltageMeanLL","random(470.0, 490.0, true)","Double"
"0","Exchange/DataCenterDemo/Site1/DataHall2/Section4/PDU/PDU10B/Outlet/Outlet13/RmsCurrent","random(10.0, 30.0, true)","Double"
"0","Exchange/DataCenterDemo/Site1/DataHall2/Section2/Heatmap/Aisle4/Sensor1/Humidity","cosine(42.0, 44.0, 98.373, true)","Double"
"0","Exchange/DataCenterDemo/Site1/DataHall2/Section2/PDU/PDU12B/Outlet/Outlet11/RmsCurrent","random(10.0, 30.0, true)","Double"
"0","Exchange/DataCenterDemo/Site1/DataHall1/Section2/PDU/PDU6A/Outlet/Outlet8/RmsCurrent","random(10.0, 30.0, true)","Double"
"0","Exchange/DataCenterDemo/Site1/DataHall2/Section4/Heatmap/Aisle2/Sensor2/Humidity","cosine(42.0, 44.0, 90.019, true)","Double"
"0","Exchange/DataCenterDemo/Site1/DataHall2/Section3/AHU/AHU3/Temperature/ReturnAirTemperature","sine(30.0, 34.0, 214.231, true)","Double"
"0","Exchange/DataCenterDemo/Site1/DataHall1/Section1/PDU/PDU11A/Outlet/Outlet6/RmsCurrent","random(10.0, 30.0, true)","Double"
"0","Exchange/DataCenterDemo/Site1/DataHall2/Section4/PDU/PDU10B/Outlet/Outlet3/RmsCurrent","random(10.0, 30.0, true)","Double"
"0","Exchange/DataCenterDemo/Site1/DataHall1/Section2/Heatmap/Aisle9/Sensor3/Humidity","cosine(46.0, 48.0, 109.349, true)","Double"
"0","Exchange/DataCenterDemo/Site1/DataHall2/Section4/PDU/PDU8B/Outlet/Outlet12/RmsCurrent","random(10.0, 30.0, true)","Double"
"0","Exchange/DataCenterDemo/Site1/DataHall1/Section1/PDU/PDU9A/Outlet/Outlet12/RmsCurrent","random(10.0, 30.0, true)","Double"
"0","Exchange/DataCenterDemo/Site1/DataHall1/Section4/PDU/PDU11A/Outlet/Outlet15/RmsCurrent","random(10.0, 30.0, true)","Double"
"0","Exchange/DataCenterDemo/Site1/DataHall2/Section3/PDU/PDU5B/Outlet/Outlet3/RmsCurrent","random(10.0, 30.0, true)","Double"
"0","Exchange/DataCenterDemo/Site1/DataHall2/Section1/Heatmap/Aisle5/Sensor1/Humidity","cosine(46.0, 48.0, 110.0, true)","Double"
"0","Exchange/DataCenterDemo/Site1/DataHall2/Section3/PDU/PDU5A/Outlet/Outlet6/RmsCurrent","random(10.0, 30.0, true)","Double"
"0","Exchange/DataCenterDemo/Site1/DataHall1/Section3/PDU/PDU8A/Outlet/Outlet11/RmsCurrent","random(10.0, 30.0, true)","Double"
"0","Exchange/DataCenterDemo/Site1/DataHall1/Section4/PDU/PDU12B/Outlet/Outlet6/RmsCurrent","random(10.0, 30.0, true)","Double"
"0","Exchange/DataCenterDemo/Site1/DataHall1/Section2/Heatmap/Aisle11/Sensor2/Temperature","random(18.0, 23.9, true)","Double"
"0","Exchange/DataCenterDemo/Site1/DataHall2/Section2/PDU/PDU9B/Outlet/Outlet14/RmsCurrent","random(10.0, 30.0, true)","Double"
"0","Exchange/DataCenterDemo/Site1/DataHall2/Section4/PDU/PDU4B/Outlet/Outlet16/RmsCurrent","random(10.0, 30.0, true)","Double"
"0","Exchange/DataCenterDemo/Site1/DataHall2/Section4/PDU/PDU8A/Outlet/Outlet16/RmsCurrent","random(10.0, 30.0, true)","Double"
"0","Exchange/DataCenterDemo/Site1/DataHall1/Section4/PDU/PDU4B/Outlet/Outlet12/RmsCurrent","random(10.0, 30.0, true)","Double"
"0","Exchange/DataCenterDemo/Site1/DataHall1/Section4/Breaker/Breaker6A/Metering/CurrentB","random(4300.0, 5800.0, true)","Double"
"0","Exchange/DataCenterDemo/Site1/DataHall1/Section4/Breaker/Breaker6A/Metering/CurrentA","random(4300.0, 5800.0, true)","Double"
"0","Exchange/DataCenterDemo/Site1/DataHall2/Section3/PDU/PDU6A/Outlet/Outlet2/RmsCurrent","random(10.0, 30.0, true)","Double"
"0","Exchange/DataCenterDemo/Site1/DataHall1/Section3/AHU/AHU3/Fan/FanSpeedCommand","square(70.0, 100.0, 106.602, true)","Double"
"0","Exchange/DataCenterDemo/Site1/DataHall1/Section4/Breaker/Breaker6A/Metering/CurrentC","random(4300.0, 5800.0, true)","Double"
"0","Exchange/DataCenterDemo/Site1/DataHall1/Section3/Heatmap/Aisle2/Sensor1/Humidity","cosine(42.0, 44.0, 96.909, true)","Double"
"0","Exchange/DataCenterDemo/Site1/DataHall1/Section3/Breaker/Breaker4A/Metering/CurrentA","random(4300.0, 5800.0, true)","Double"
"0","Exchange/DataCenterDemo/Site1/DataHall1/Section4/Heatmap/Aisle1/Sensor1/Temperature","random(18.0, 23.9, true)","Double"
"0","Exchange/DataCenterDemo/Site1/DataHall2/Section1/PDU/PDU7B/Outlet/Outlet16/RmsCurrent","random(10.0, 30.0, true)","Double"
"0","Exchange/DataCenterDemo/Site1/DataHall1/Section3/Breaker/Breaker4A/Metering/CurrentB","random(4300.0, 5800.0, true)","Double"
"0","Exchange/DataCenterDemo/Site1/DataHall1/Section3/Breaker/Breaker4A/Metering/CurrentC","random(4300.0, 5800.0, true)","Double"
"0","Exchange/DataCenterDemo/Site1/DataHall2/Section1/UPS/UPS1A/Input/SystemInputVoltageCA","random(470.0, 490.0, true)","Double"
"0","Exchange/DataCenterDemo/Site1/DataHall1/Section2/PDU/PDU9A/Outlet/Outlet11/RmsCurrent","random(10.0, 30.0, true)","Double"
"0","Exchange/DataCenterDemo/Site1/DataHall2/Section4/PDU/PDU8B/Outlet/Outlet4/RmsCurrent","random(10.0, 30.0, true)","Double"
"0","Exchange/DataCenterDemo/Site1/DataHall2/Section4/AHU/AHU6/Temperature/MixedAirTemperature","cosine(14.0, 16.0, 109.961, true)","Double"
"0","Exchange/DataCenterDemo/Site1/DataHall1/Section3/PDU/PDU7A/Outlet/Outlet4/RmsCurrent","random(10.0, 30.0, true)","Double"
"0","Exchange/DataCenterDemo/Site1/DataHall2/Section1/PDU/PDU2B/Outlet/Outlet13/RmsCurrent","random(10.0, 30.0, true)","Double"
"0","Exchange/DataCenterDemo/Site1/DataHall1/Section1/UPS/UPS2B/Output/SystemOutputVoltageAB","random(480.0, 480.5, true)","Double"
"0","Exchange/DataCenterDemo/Site1/DataHall2/Section1/PDU/PDU3A/Outlet/Outlet15/RmsCurrent","random(10.0, 30.0, true)","Double"
"0","Exchange/DataCenterDemo/Site1/DataHall1/Section1/UPS/UPS1A/Input/SystemInputCurrentC","random(1600.0, 1900.0, true)","Double"
"0","Exchange/DataCenterDemo/Site1/DataHall2/Section2/PDU/PDU8A/Outlet/Outlet16/RmsCurrent","random(10.0, 30.0, true)","Double"
"0","Exchange/DataCenterDemo/Site1/DataHall1/Section1/UPS/UPS1A/Input/SystemInputCurrentB","random(1600.0, 1900.0, true)","Double"
"0","Exchange/DataCenterDemo/Site1/DataHall1/Section2/PDU/PDU8A/Outlet/Outlet3/RmsCurrent","random(10.0, 30.0, true)","Double"
"0","Exchange/DataCenterDemo/Site1/DataHall1/Section1/UPS/UPS1A/Input/SystemInputCurrentA","random(1600.0, 1900.0, true)","Double"
"0","Exchange/DataCenterDemo/Site1/DataHall2/Section2/PDU/PDU7B/Outlet/Outlet14/RmsCurrent","random(10.0, 30.0, true)","Double"
"0","Exchange/DataCenterDemo/Site1/DataHall2/Section3/PDU/PDU9B/Outlet/Outlet3/RmsCurrent","random(10.0, 30.0, true)","Double"
"0","Exchange/DataCenterDemo/Site1/DataHall2/Section2/UPS/UPS1A/Input/SystemInputPowerFactor","random(0.95, 0.98, true)","Double"
"0","Exchange/DataCenterDemo/Site1/DataHall2/Section1/Heatmap/Aisle13/Sensor2/Temperature","random(18.0, 23.9, true)","Double"
"0","Exchange/DataCenterDemo/Site1/DataHall1/Section4/PDU/PDU11A/Outlet/Outlet9/RmsCurrent","random(10.0, 30.0, true)","Double"
"0","Exchange/DataCenterDemo/Site1/DataHall2/Section2/PDU/PDU11B/Outlet/Outlet16/RmsCurrent","random(10.0, 30.0, true)","Double"
"0","Exchange/DataCenterDemo/Site1/DataHall2/Section4/PQM/PQM1A/Voltage/VoltageCN","cosine(276.0, 278.0, 94.743, true)","Double"
"0","Exchange/DataCenterDemo/Architecture/EAM/Agents/Edge 3/Independent/Metrics/Logging/Errors Per Minute","random(0.0, 1.5, true)","Double"
"0","Exchange/DataCenterDemo/Site1/DataHall1/Section1/Heatmap/Aisle13/Sensor2/Humidity","cosine(46.0, 48.0, 100.928, true)","Double"
"0","Exchange/DataCenterDemo/Site1/DataHall2/Section2/Heatmap/Aisle12/Sensor1/Temperature","random(38.0, 43.9, true)","Double"
"0","Exchange/DataCenterDemo/Site1/DataHall1/Section2/PDU/PDU9B/Outlet/Outlet9/RmsCurrent","random(10.0, 30.0, true)","Double"
"0","Exchange/DataCenterDemo/Site1/DataHall2/Section1/UPS/UPS1A/Input/SystemInputVoltageBC","random(470.0, 490.0, true)","Double"
"0","Exchange/DataCenterDemo/Site1/DataHall1/Section4/PDU/PDU4A/Outlet/Outlet2/RmsCurrent","random(10.0, 30.0, true)","Double"
"0","Exchange/DataCenterDemo/Site1/DataHall2/Section2/PDU/PDU6B/Outlet/Outlet16/RmsCurrent","random(10.0, 30.0, true)","Double"
"0","Exchange/DataCenterDemo/Site1/DataHall2/Section1/AHU/AHU7/Temperature/ReturnAirTemperature","sine(30.0, 34.0, 203.43, true)","Double"
"0","Exchange/DataCenterDemo/Site1/DataHall1/Section4/PDU/PDU10B/Outlet/Outlet13/RmsCurrent","random(10.0, 30.0, true)","Double"
"0","Exchange/DataCenterDemo/Site1/DataHall1/Section2/PDU/PDU12A/Outlet/Outlet14/RmsCurrent","random(10.0, 30.0, true)","Double"
"0","Exchange/DataCenterDemo/Site1/DataHall2/Section2/PDU/PDU2A/Outlet/Outlet15/RmsCurrent","random(10.0, 30.0, true)","Double"
"0","Exchange/DataCenterDemo/Site1/DataHall2/Section3/Heatmap/Aisle12/Sensor2/Temperature","random(38.0, 43.9, true)","Double"
"0","Exchange/DataCenterDemo/Architecture/EAM/Agents/Edge 3/Independent/Metrics/Sessions/Perspective Sessions","random(10.0, 20.0, true)","Double"
"0","Exchange/DataCenterDemo/Site1/DataHall1/Section3/PDU/PDU4A/Outlet/Outlet5/RmsCurrent","random(10.0, 30.0, true)","Double"
"0","Exchange/DataCenterDemo/Site1/DataHall2/Section3/PDU/PDU7A/Outlet/Outlet16/RmsCurrent","random(10.0, 30.0, true)","Double"
"0","Exchange/DataCenterDemo/Site1/DataHall1/Section2/PDU/PDU1A/Outlet/Outlet1/RmsCurrent","random(10.0, 30.0, true)","Double"
"0","Exchange/DataCenterDemo/Site1/DataHall1/Section4/PDU/PDU5A/Outlet/Outlet14/RmsCurrent","random(10.0, 30.0, true)","Double"
"0","Exchange/DataCenterDemo/Site1/DataHall1/Section3/PDU/PDU3A/Outlet/Outlet9/RmsCurrent","random(10.0, 30.0, true)","Double"
"0","Exchange/DataCenterDemo/Site1/DataHall1/Section3/PDU/PDU9B/Outlet/Outlet6/RmsCurrent","random(10.0, 30.0, true)","Double"
"0","Exchange/DataCenterDemo/Site1/DataHall2/Section1/PDU/PDU8B/Outlet/Outlet14/RmsCurrent","random(10.0, 30.0, true)","Double"
"0","Exchange/DataCenterDemo/Site1/DataHall2/Section2/Breaker/Breaker2A/Metering/CurrentB","random(4300.0, 5800.0, true)","Double"
"0","Exchange/DataCenterDemo/Site1/DataHall2/Section2/Heatmap/Aisle13/Sensor3/Temperature","random(18.0, 23.9, true)","Double"
"0","Exchange/DataCenterDemo/Site1/DataHall2/Section3/PDU/PDU8B/Outlet/Outlet7/RmsCurrent","random(10.0, 30.0, true)","Double"
"0","Exchange/DataCenterDemo/Site1/DataHall1/Section2/PDU/PDU7A/Outlet/Outlet7/RmsCurrent","random(10.0, 30.0, true)","Double"
"0","Exchange/DataCenterDemo/Site1/DataHall1/Section4/PDU/PDU3A/Outlet/Outlet6/RmsCurrent","random(10.0, 30.0, true)","Double"
"0","Exchange/DataCenterDemo/Site1/DataHall2/Section1/PDU/PDU6B/Outlet/Outlet2/RmsCurrent","random(10.0, 30.0, true)","Double"
"0","Exchange/DataCenterDemo/Site1/DataHall2/Section2/Breaker/Breaker2A/Metering/CurrentC","random(4300.0, 5800.0, true)","Double"
"0","Exchange/DataCenterDemo/Site1/DataHall2/Section3/Heatmap/Aisle1/Sensor3/Humidity","cosine(46.0, 48.0, 104.556, true)","Double"
"0","Exchange/DataCenterDemo/Site1/DataHall2/Section2/PDU/PDU9A/Outlet/Outlet8/RmsCurrent","random(10.0, 30.0, true)","Double"
"0","Exchange/DataCenterDemo/Site1/DataHall1/Section1/PDU/PDU1A/Outlet/Outlet4/RmsCurrent","random(10.0, 30.0, true)","Double"
"0","Exchange/DataCenterDemo/Site1/DataHall2/Section4/Breaker/Breaker4B/Metering/VoltageMeanLL","random(470.0, 490.0, true)","Double"
"0","Exchange/DataCenterDemo/Site1/DataHall2/Section2/Breaker/Breaker2A/Metering/CurrentA","random(4300.0, 5800.0, true)","Double"
"0","Exchange/DataCenterDemo/Site1/DataHall2/Section2/PDU/PDU2A/Outlet/Outlet5/RmsCurrent","random(10.0, 30.0, true)","Double"
"0","Exchange/DataCenterDemo/Site1/DataHall1/Section3/PDU/PDU10B/Outlet/Outlet1/RmsCurrent","random(10.0, 30.0, true)","Double"
"0","Exchange/DataCenterDemo/Site1/DataHall2/Section4/Heatmap/Aisle11/Sensor3/Humidity","cosine(46.0, 48.0, 91.805, true)","Double"
"0","Exchange/DataCenterDemo/Site1/DataHall2/Section3/PDU/PDU1A/Outlet/Outlet15/RmsCurrent","random(10.0, 30.0, true)","Double"
"0","Exchange/DataCenterDemo/Site1/DataHall2/Section4/PDU/PDU1B/Outlet/Outlet13/RmsCurrent","random(10.0, 30.0, true)","Double"
"0","Exchange/DataCenterDemo/Site1/DataHall2/Section4/PDU/PDU3B/Outlet/Outlet1/RmsCurrent","random(10.0, 30.0, true)","Double"
"0","Exchange/DataCenterDemo/Site1/DataHall1/Section3/PDU/PDU1A/Outlet/Outlet11/RmsCurrent","random(10.0, 30.0, true)","Double"
"0","Exchange/DataCenterDemo/Site1/DataHall2/Section4/PQM/PQM1A/Voltage/VoltageBC","cosine(478.0, 481.0, 106.405, true)","Double"
"0","Exchange/DataCenterDemo/Site1/DataHall1/Section2/PDU/PDU2B/Outlet/Outlet6/RmsCurrent","random(10.0, 30.0, true)","Double"
"0","Exchange/DataCenterDemo/Site1/DataHall1/Section4/PDU/PDU6B/Outlet/Outlet7/RmsCurrent","random(10.0, 30.0, true)","Double"
"0","Exchange/DataCenterDemo/Site1/DataHall2/Section3/PDU/PDU10B/Outlet/Outlet5/RmsCurrent","random(10.0, 30.0, true)","Double"
"0","Exchange/DataCenterDemo/Site1/DataHall2/Section4/PDU/PDU7A/Outlet/Outlet2/RmsCurrent","random(10.0, 30.0, true)","Double"
"0","Exchange/DataCenterDemo/Site1/DataHall1/Section1/PDU/PDU2A/Outlet/Outlet13/RmsCurrent","random(10.0, 30.0, true)","Double"
"0","Exchange/DataCenterDemo/Site1/DataHall2/Section4/PDU/PDU12A/Outlet/Outlet14/RmsCurrent","random(10.0, 30.0, true)","Double"
"0","Exchange/DataCenterDemo/Site1/DataHall2/Section4/PDU/PDU11B/Outlet/Outlet12/RmsCurrent","random(10.0, 30.0, true)","Double"
"0","Exchange/DataCenterDemo/Site1/DataHall1/Section4/PDU/PDU6A/Outlet/Outlet12/RmsCurrent","random(10.0, 30.0, true)","Double"
"0","Exchange/DataCenterDemo/Site1/DataHall1/Section4/PDU/PDU5B/Outlet/Outlet10/RmsCurrent","random(10.0, 30.0, true)","Double"
"0","Exchange/DataCenterDemo/Site1/DataHall2/Section4/PDU/PDU6A/Outlet/Outlet6/RmsCurrent","random(10.0, 30.0, true)","Double"
"0","Exchange/DataCenterDemo/Site1/DataHall1/Section3/PDU/PDU6A/Outlet/Outlet14/RmsCurrent","random(10.0, 30.0, true)","Double"
"0","Exchange/DataCenterDemo/Site1/DataHall1/Section4/Heatmap/Aisle8/Sensor2/Temperature","random(38.0, 43.9, true)","Double"
"0","Exchange/DataCenterDemo/Site1/DataHall2/Section4/PQM/PQM1A/Voltage/VoltageAN","cosine(276.0, 278.0, 96.998, true)","Double"
"0","Exchange/DataCenterDemo/Site1/DataHall2/Section4/PDU/PDU5B/Outlet/Outlet14/RmsCurrent","random(10.0, 30.0, true)","Double"
"0","Exchange/DataCenterDemo/Site1/DataHall2/Section1/PDU/PDU1B/Outlet/Outlet15/RmsCurrent","random(10.0, 30.0, true)","Double"
"0","Exchange/DataCenterDemo/Site1/DataHall2/Section4/AHU/AHU6/Status/IsAhuRunning","1.0","Double"
"0","Exchange/DataCenterDemo/Site1/DataHall1/Section4/PDU/PDU7B/Outlet/Outlet3/RmsCurrent","random(10.0, 30.0, true)","Double"
"0","Exchange/DataCenterDemo/Site1/DataHall2/Section1/PDU/PDU7B/Outlet/Outlet9/RmsCurrent","random(10.0, 30.0, true)","Double"
"0","Exchange/DataCenterDemo/Site1/DataHall1/Section1/PDU/PDU1B/Outlet/Outlet11/RmsCurrent","random(10.0, 30.0, true)","Double"
"0","Exchange/DataCenterDemo/Site1/DataHall2/Section2/PDU/PDU4A/Outlet/Outlet1/RmsCurrent","random(10.0, 30.0, true)","Double"
"0","Exchange/DataCenterDemo/Site1/DataHall2/Section2/PDU/PDU1B/Outlet/Outlet13/RmsCurrent","random(10.0, 30.0, true)","Double"
"0","Exchange/DataCenterDemo/Site1/DataHall2/Section1/Heatmap/Aisle5/Sensor1/Temperature","random(18.0, 23.9, true)","Double"
"0","Exchange/DataCenterDemo/Site1/DataHall1/Section2/PDU/PDU4B/Outlet/Outlet2/RmsCurrent","random(10.0, 30.0, true)","Double"
"0","Exchange/DataCenterDemo/Site1/DataHall2/Section1/PDU/PDU9A/Outlet/Outlet7/RmsCurrent","random(10.0, 30.0, true)","Double"
"0","Exchange/DataCenterDemo/Site1/DataHall1/Section2/PDU/PDU7A/Outlet/Outlet14/RmsCurrent","random(10.0, 30.0, true)","Double"
"0","Exchange/DataCenterDemo/Site1/DataHall2/Section4/PDU/PDU6A/Outlet/Outlet16/RmsCurrent","random(10.0, 30.0, true)","Double"
"0","Exchange/DataCenterDemo/Site1/DataHall2/Section4/PQM/PQM1A/Voltage/VoltageCA","cosine(478.0, 481.0, 104.318, true)","Double"
"0","Exchange/DataCenterDemo/Site1/DataHall1/Section3/PDU/PDU4A/Outlet/Outlet1/RmsCurrent","random(10.0, 30.0, true)","Double"
"0","Exchange/DataCenterDemo/Site1/DataHall2/Section1/AHU/AHU7/Fan/FanSpeedFeedback","cosine(70.0, 100.0, 91.423, true)","Double"
"0","Exchange/DataCenterDemo/Site1/DataHall1/Section2/PDU/PDU11B/Outlet/Outlet12/RmsCurrent","random(10.0, 30.0, true)","Double"
"0","Exchange/DataCenterDemo/Site1/DataHall2/Section2/PDU/PDU11B/Outlet/Outlet3/RmsCurrent","random(10.0, 30.0, true)","Double"
"0","Exchange/DataCenterDemo/Site1/DataHall1/Section2/PDU/PDU9B/Outlet/Outlet5/RmsCurrent","random(10.0, 30.0, true)","Double"
"0","Exchange/DataCenterDemo/Site1/DataHall1/Section4/PDU/PDU12A/Outlet/Outlet10/RmsCurrent","random(10.0, 30.0, true)","Double"
"0","Exchange/DataCenterDemo/Site1/DataHall2/Section3/PDU/PDU6B/Outlet/Outlet14/RmsCurrent","random(10.0, 30.0, true)","Double"
"0","Exchange/DataCenterDemo/Site1/DataHall1/Section1/Heatmap/Aisle1/Sensor3/Humidity","cosine(46.0, 48.0, 92.882, true)","Double"
"0","Exchange/DataCenterDemo/Site1/DataHall2/Section3/PDU/PDU10A/Outlet/Outlet14/RmsCurrent","random(10.0, 30.0, true)","Double"
"0","Exchange/DataCenterDemo/Site1/DataHall2/Section1/PDU/PDU12B/Outlet/Outlet1/RmsCurrent","random(10.0, 30.0, true)","Double"
"0","Exchange/DataCenterDemo/Site1/DataHall2/Section4/PDU/PDU1B/Outlet/Outlet5/RmsCurrent","random(10.0, 30.0, true)","Double"
"0","Exchange/DataCenterDemo/Site1/DataHall1/Section3/PDU/PDU6B/Outlet/Outlet10/RmsCurrent","random(10.0, 30.0, true)","Double"
"0","Exchange/DataCenterDemo/Site1/DataHall1/Section2/PDU/PDU1A/Outlet/Outlet13/RmsCurrent","random(10.0, 30.0, true)","Double"
"0","Exchange/DataCenterDemo/Site1/DataHall2/Section4/PQM/PQM1A/Voltage/VoltageBN","cosine(276.0, 278.0, 109.923, true)","Double"
"0","Exchange/DataCenterDemo/Site1/DataHall1/Section2/PDU/PDU11A/Outlet/Outlet16/RmsCurrent","random(10.0, 30.0, true)","Double"
"0","Exchange/DataCenterDemo/Site1/DataHall2/Section3/PDU/PDU1B/Outlet/Outlet8/RmsCurrent","random(10.0, 30.0, true)","Double"
"0","Exchange/DataCenterDemo/Site1/DataHall2/Section2/PDU/PDU9A/Outlet/Outlet4/RmsCurrent","random(10.0, 30.0, true)","Double"
"0","Exchange/DataCenterDemo/Site1/DataHall2/Section1/PDU/PDU1B/Outlet/Outlet14/RmsCurrent","random(10.0, 30.0, true)","Double"
"0","Exchange/DataCenterDemo/Site1/DataHall2/DataHall/CoolingCapacity","cosine(0.6, 0.65, 99.07, true)","Double"
"0","Exchange/DataCenterDemo/Site1/DataHall2/Section4/PDU/PDU1B/Outlet/Outlet6/RmsCurrent","random(10.0, 30.0, true)","Double"
"0","Exchange/DataCenterDemo/Site1/DataHall1/Section3/PDU/PDU5A/Outlet/Outlet14/RmsCurrent","random(10.0, 30.0, true)","Double"
"0","Exchange/DataCenterDemo/Site1/DataHall2/Section1/PDU/PDU8B/Outlet/Outlet7/RmsCurrent","random(10.0, 30.0, true)","Double"
"0","Exchange/DataCenterDemo/Site1/DataHall2/Section1/PDU/PDU8B/Outlet/Outlet15/RmsCurrent","random(10.0, 30.0, true)","Double"
"0","Exchange/DataCenterDemo/Site1/DataHall2/Section4/PDU/PDU12B/Outlet/Outlet10/RmsCurrent","random(10.0, 30.0, true)","Double"
"0","Exchange/DataCenterDemo/Site1/DataHall1/Section2/PDU/PDU7A/Outlet/Outlet6/RmsCurrent","random(10.0, 30.0, true)","Double"
"0","Exchange/DataCenterDemo/Site1/DataHall2/Section1/PDU/PDU2A/Outlet/Outlet16/RmsCurrent","random(10.0, 30.0, true)","Double"
"0","Exchange/DataCenterDemo/Site1/DataHall2/Section2/AHU/AHU4/Temperature/SupplyAirTemperature","sine(21.0, 22.0, 98.025, true)","Double"
"0","Exchange/DataCenterDemo/Site1/DataHall1/Section2/PDU/PDU5B/Outlet/Outlet12/RmsCurrent","random(10.0, 30.0, true)","Double"
"0","Exchange/DataCenterDemo/Site1/DataHall2/Section3/PDU/PDU4A/Outlet/Outlet13/RmsCurrent","random(10.0, 30.0, true)","Double"
"0","Exchange/DataCenterDemo/Site1/DataHall2/Section4/PDU/PDU1A/Outlet/Outlet8/RmsCurrent","random(10.0, 30.0, true)","Double"
"0","Exchange/DataCenterDemo/Site1/DataHall1/Section2/Heatmap/Aisle3/Sensor2/Temperature","random(18.0, 23.9, true)","Double"
"0","Exchange/DataCenterDemo/Site1/DataHall1/Section2/PDU/PDU6A/Outlet/Outlet14/RmsCurrent","random(10.0, 30.0, true)","Double"
"0","Exchange/DataCenterDemo/Site1/DataHall1/Section3/PDU/PDU1A/Outlet/Outlet12/RmsCurrent","random(10.0, 30.0, true)","Double"
"0","Exchange/DataCenterDemo/Site1/DataHall1/Section1/PDU/PDU1B/Outlet/Outlet1/RmsCurrent","random(10.0, 30.0, true)","Double"
"0","Exchange/DataCenterDemo/Site1/DataHall1/Section3/PDU/PDU11A/Outlet/Outlet10/RmsCurrent","random(10.0, 30.0, true)","Double"
"0","Exchange/DataCenterDemo/Site1/DataHall1/Section4/PDU/PDU3B/Outlet/Outlet3/RmsCurrent","random(10.0, 30.0, true)","Double"
"0","Exchange/DataCenterDemo/Site1/DataHall2/Section3/PDU/PDU3B/Outlet/Outlet11/RmsCurrent","random(10.0, 30.0, true)","Double"
"0","Exchange/DataCenterDemo/Site1/DataHall2/Section1/AHU/AHU3/Temperature/MixedAirTemperature","cosine(14.0, 16.0, 92.179, true)","Double"
"0","Exchange/DataCenterDemo/Site1/DataHall1/Section3/UPS/UPS1A/Output/SystemOutputCurrentC","random(1500.0, 1800.0, true)","Double"
"0","Exchange/DataCenterDemo/Site1/DataHall1/Section4/PDU/PDU3B/Outlet/Outlet12/RmsCurrent","random(10.0, 30.0, true)","Double"
"0","Exchange/DataCenterDemo/Site1/DataHall1/Section1/PDU/PDU2B/Outlet/Outlet9/RmsCurrent","random(10.0, 30.0, true)","Double"
"0","Exchange/DataCenterDemo/Site1/DataHall1/Section1/PDU/PDU1A/Outlet/Outlet3/RmsCurrent","random(10.0, 30.0, true)","Double"
"0","Exchange/DataCenterDemo/Site1/DataHall1/Section4/PDU/PDU3A/Outlet/Outlet5/RmsCurrent","random(10.0, 30.0, true)","Double"
"0","Exchange/DataCenterDemo/Site1/DataHall1/Section1/Heatmap/Aisle3/Sensor2/Temperature","random(18.0, 23.9, true)","Double"
"0","Exchange/DataCenterDemo/Site1/DataHall2/Section4/Heatmap/Aisle3/Sensor1/Temperature","random(18.0, 23.9, true)","Double"
"0","Exchange/DataCenterDemo/Site1/DataHall1/Section2/PDU/PDU2A/Outlet/Outlet12/RmsCurrent","random(10.0, 30.0, true)","Double"
"0","Exchange/DataCenterDemo/Site1/DataHall2/Section4/PDU/PDU9B/Outlet/Outlet1/RmsCurrent","random(10.0, 30.0, true)","Double"
"0","Exchange/DataCenterDemo/Site1/DataHall1/Section1/PDU/PDU5B/Outlet/Outlet7/RmsCurrent","random(10.0, 30.0, true)","Double"
"0","Exchange/DataCenterDemo/Site1/DataHall1/Section1/PDU/PDU6B/Outlet/Outlet12/RmsCurrent","random(10.0, 30.0, true)","Double"
"0","Exchange/DataCenterDemo/Site1/DataHall2/Section1/PDU/PDU7A/Outlet/Outlet1/RmsCurrent","random(10.0, 30.0, true)","Double"
"0","Exchange/DataCenterDemo/Site1/DataHall2/Section2/PDU/PDU4B/Outlet/Outlet11/RmsCurrent","random(10.0, 30.0, true)","Double"
"0","Exchange/DataCenterDemo/Site1/DataHall2/Section2/PDU/PDU1A/Outlet/Outlet8/RmsCurrent","random(10.0, 30.0, true)","Double"
"0","Exchange/DataCenterDemo/Site1/DataHall2/Section4/PDU/PDU9A/Outlet/Outlet3/RmsCurrent","random(10.0, 30.0, true)","Double"
"0","Exchange/DataCenterDemo/Site1/DataHall1/Section3/UPS/UPS1A/Output/SystemOutputCurrentB","random(1500.0, 1800.0, true)","Double"
"0","Exchange/DataCenterDemo/Site1/DataHall2/Section2/Breaker/Breaker4A/Metering/CurrentC","random(4300.0, 5800.0, true)","Double"
"0","Exchange/DataCenterDemo/Site1/DataHall2/Section4/PDU/PDU3A/Outlet/Outlet13/RmsCurrent","random(10.0, 30.0, true)","Double"
"0","Exchange/DataCenterDemo/Site1/DataHall1/Section3/UPS/UPS1A/Output/SystemOutputCurrentA","random(1500.0, 1800.0, true)","Double"
"0","Exchange/DataCenterDemo/Site1/DataHall2/Section2/Breaker/Breaker4A/Metering/CurrentB","random(4300.0, 5800.0, true)","Double"
"0","Exchange/DataCenterDemo/Site1/DataHall1/Section2/PDU/PDU10B/Outlet/Outlet14/RmsCurrent","random(10.0, 30.0, true)","Double"
"0","Exchange/DataCenterDemo/Site1/DataHall2/Section2/Breaker/Breaker4A/Metering/CurrentA","random(4300.0, 5800.0, true)","Double"
"0","Exchange/DataCenterDemo/Architecture/EAM/Agents/Edge 4/Independent/Metrics/System/Memory Usage","ramp(27.0, 38.0, 0.96, true)","Double"
"0","Exchange/DataCenterDemo/Site1/DataHall1/Section3/Breaker/Breaker1A/Metering/VoltageMeanLL","random(470.0, 490.0, true)","Double"
"0","Exchange/DataCenterDemo/Site1/DataHall1/Section4/PDU/PDU11A/Outlet/Outlet16/RmsCurrent","random(10.0, 30.0, true)","Double"
"0","Exchange/DataCenterDemo/Site1/DataHall1/Section1/PDU/PDU10A/Outlet/Outlet10/RmsCurrent","random(10.0, 30.0, true)","Double"
"0","Exchange/DataCenterDemo/Site1/DataHall1/Section3/PDU/PDU4A/Outlet/Outlet6/RmsCurrent","random(10.0, 30.0, true)","Double"
"0","Exchange/DataCenterDemo/Site1/DataHall2/Section1/PDU/PDU11B/Outlet/Outlet11/RmsCurrent","random(10.0, 30.0, true)","Double"
"0","Exchange/DataCenterDemo/Site1/DataHall1/Section3/PDU/PDU11B/Outlet/Outlet9/RmsCurrent","random(10.0, 30.0, true)","Double"
"0","Exchange/DataCenterDemo/Site1/DataHall1/Section3/Heatmap/Aisle1/Sensor2/Humidity","cosine(46.0, 48.0, 94.823, true)","Double"
"0","Exchange/DataCenterDemo/Site1/DataHall2/Section1/PDU/PDU11B/Outlet/Outlet8/RmsCurrent","random(10.0, 30.0, true)","Double"
"0","Exchange/DataCenterDemo/Site1/DataHall2/Section1/Section/CoolingCapacity","cosine(0.6, 0.65, 97.679, true)","Double"
"0","Exchange/DataCenterDemo/Site1/DataHall1/Section3/Section/PowerUsageEffectiveness","random(1.15, 1.3, false)","Double"
"0","Exchange/DataCenterDemo/Site1/DataHall2/Section4/PQM/PQM1A/PQ/ThdVoltageAN","3.3","Double"
"0","Exchange/DataCenterDemo/Site1/DataHall2/Section1/PDU/PDU10A/Outlet/Outlet2/RmsCurrent","random(10.0, 30.0, true)","Double"
"0","Exchange/DataCenterDemo/Site1/DataHall1/Section1/PDU/PDU3A/Outlet/Outlet12/RmsCurrent","random(10.0, 30.0, true)","Double"
"0","Exchange/DataCenterDemo/Site1/DataHall1/Section1/PDU/PDU4A/Outlet/Outlet1/RmsCurrent","random(10.0, 30.0, true)","Double"
"0","Exchange/DataCenterDemo/Site1/DataHall2/Section2/PDU/PDU5A/Outlet/Outlet9/RmsCurrent","random(10.0, 30.0, true)","Double"
"0","Exchange/DataCenterDemo/Site1/DataHall1/Section2/PDU/PDU7B/Outlet/Outlet4/RmsCurrent","random(10.0, 30.0, true)","Double"
"0","Exchange/DataCenterDemo/Site1/DataHall1/Section3/AHU/AHU5/Status/IsAhuRunning","1.0","Double"
"0","Exchange/DataCenterDemo/Site1/DataHall1/Section3/PDU/PDU1B/Outlet/Outlet1/RmsCurrent","random(10.0, 30.0, true)","Double"
"0","Exchange/DataCenterDemo/Site1/DataHall1/Section4/PDU/PDU4A/Outlet/Outlet14/RmsCurrent","random(10.0, 30.0, true)","Double"
"0","Exchange/DataCenterDemo/Site1/DataHall2/Section2/Heatmap/Aisle11/Sensor1/Temperature","random(18.0, 23.9, true)","Double"
"0","Exchange/DataCenterDemo/Site1/DataHall1/Section2/Heatmap/Aisle3/Sensor1/Humidity","cosine(46.0, 48.0, 91.121, true)","Double"
"0","Exchange/DataCenterDemo/Site1/DataHall2/Section4/PDU/PDU9A/Outlet/Outlet8/RmsCurrent","random(10.0, 30.0, true)","Double"
"0","Exchange/DataCenterDemo/Site1/DataHall1/Section3/PDU/PDU5B/Outlet/Outlet7/RmsCurrent","random(10.0, 30.0, true)","Double"
"0","Exchange/DataCenterDemo/Site1/DataHall1/Section1/Breaker/Breaker4B/Metering/CurrentA","random(4300.0, 5800.0, true)","Double"
"0","Exchange/DataCenterDemo/Site1/DataHall1/Section1/Breaker/Breaker4B/Metering/CurrentB","random(4300.0, 5800.0, true)","Double"
"0","Exchange/DataCenterDemo/Site1/DataHall2/Section2/Heatmap/Aisle3/Sensor3/Temperature","random(18.0, 23.9, true)","Double"
"0","Exchange/DataCenterDemo/Site1/DataHall2/Section3/Heatmap/Aisle10/Sensor2/Humidity","cosine(42.0, 44.0, 90.475, true)","Double"
"0","Exchange/DataCenterDemo/Site1/DataHall2/Section3/PDU/PDU4B/Outlet/Outlet6/RmsCurrent","random(10.0, 30.0, true)","Double"
"0","Exchange/DataCenterDemo/Site1/DataHall1/Section1/Breaker/Breaker4B/Metering/CurrentC","random(4300.0, 5800.0, true)","Double"
"0","Exchange/DataCenterDemo/Site1/DataHall1/Section2/Heatmap/Aisle12/Sensor2/Temperature","random(38.0, 43.9, true)","Double"
"0","Exchange/DataCenterDemo/Site1/DataHall1/Section3/PDU/PDU4B/Outlet/Outlet12/RmsCurrent","random(10.0, 30.0, true)","Double"
"0","Exchange/DataCenterDemo/Site1/DataHall2/Section2/PDU/PDU5B/Outlet/Outlet7/RmsCurrent","random(10.0, 30.0, true)","Double"
"0","Exchange/DataCenterDemo/Site1/DataHall1/Section2/AHU/AHU7/Temperature/MixedAirTemperature","cosine(14.0, 16.0, 90.476, true)","Double"
"0","Exchange/DataCenterDemo/Site1/DataHall1/Section3/PDU/PDU1A/Outlet/Outlet3/RmsCurrent","random(10.0, 30.0, true)","Double"
"0","Exchange/DataCenterDemo/Site1/DataHall2/Section4/PDU/PDU2B/Outlet/Outlet11/RmsCurrent","random(10.0, 30.0, true)","Double"
"0","Exchange/DataCenterDemo/Site1/DataHall2/Section2/PDU/PDU2B/Outlet/Outlet4/RmsCurrent","random(10.0, 30.0, true)","Double"
"0","Exchange/DataCenterDemo/Site1/DataHall2/Section2/Heatmap/Aisle8/Sensor1/Temperature","random(38.0, 43.9, true)","Double"
"0","Exchange/DataCenterDemo/Site1/DataHall1/Section1/PDU/PDU9A/Outlet/Outlet13/RmsCurrent","random(10.0, 30.0, true)","Double"
"0","Exchange/DataCenterDemo/Site1/DataHall2/Section2/PDU/PDU12B/Outlet/Outlet10/RmsCurrent","random(10.0, 30.0, true)","Double"
"0","Exchange/DataCenterDemo/Site1/DataHall1/Section1/PDU/PDU8B/Outlet/Outlet11/RmsCurrent","random(10.0, 30.0, true)","Double"
"0","Exchange/DataCenterDemo/Site1/DataHall1/Section1/PDU/PDU4A/Outlet/Outlet6/RmsCurrent","random(10.0, 30.0, true)","Double"
"0","Exchange/DataCenterDemo/Site1/DataHall1/Section1/PDU/PDU1B/Outlet/Outlet10/RmsCurrent","random(10.0, 30.0, true)","Double"
"0","Exchange/DataCenterDemo/Site1/DataHall1/Section2/PDU/PDU12A/Outlet/Outlet9/RmsCurrent","random(10.0, 30.0, true)","Double"
"0","Exchange/DataCenterDemo/Site1/DataHall1/Section1/Heatmap/Aisle8/Sensor3/Temperature","random(38.0, 43.9, true)","Double"
"0","Exchange/DataCenterDemo/Site1/DataHall1/Section1/PDU/PDU2A/Outlet/Outlet12/RmsCurrent","random(10.0, 30.0, true)","Double"
"0","Exchange/DataCenterDemo/Site1/DataHall1/Section4/PDU/PDU6A/Outlet/Outlet8/RmsCurrent","random(10.0, 30.0, true)","Double"
"0","Exchange/DataCenterDemo/Site1/DataHall1/Section2/PDU/PDU11B/Outlet/Outlet9/RmsCurrent","random(10.0, 30.0, true)","Double"
"0","Exchange/DataCenterDemo/Site1/DataHall2/Section1/PDU/PDU12B/Outlet/Outlet6/RmsCurrent","random(10.0, 30.0, true)","Double"
"0","Exchange/DataCenterDemo/Site1/DataHall2/Section2/Heatmap/Aisle7/Sensor1/Temperature","random(18.0, 23.9, true)","Double"
"0","Exchange/DataCenterDemo/Site1/DataHall2/Section2/PDU/PDU2A/Outlet/Outlet6/RmsCurrent","random(10.0, 30.0, true)","Double"
"0","Exchange/DataCenterDemo/Site1/DataHall1/Section2/PDU/PDU4B/Outlet/Outlet1/RmsCurrent","random(10.0, 30.0, true)","Double"
"0","Exchange/DataCenterDemo/Site1/DataHall2/Section1/UPS/UPS2A/Input/SystemInputVoltageAB","random(470.0, 490.0, true)","Double"
"0","Exchange/DataCenterDemo/Site1/DataHall1/Section1/PDU/PDU11A/Outlet/Outlet10/RmsCurrent","random(10.0, 30.0, true)","Double"
"0","Exchange/DataCenterDemo/Site1/DataHall2/Section2/Breaker/Breaker1B/Metering/VoltageMeanLL","random(470.0, 490.0, true)","Double"
"0","Exchange/DataCenterDemo/Site1/DataHall2/Section2/PDU/PDU10A/Outlet/Outlet2/RmsCurrent","random(10.0, 30.0, true)","Double"
"0","Exchange/DataCenterDemo/Site1/DataHall1/Section2/PDU/PDU2B/Outlet/Outlet7/RmsCurrent","random(10.0, 30.0, true)","Double"
"0","Exchange/DataCenterDemo/Site1/DataHall2/Section2/UPS/UPS2B/Input/SystemInputCurrentA","random(1600.0, 1900.0, true)","Double"
"0","Exchange/DataCenterDemo/Site1/DataHall2/Section2/UPS/UPS2B/Input/SystemInputCurrentB","random(1600.0, 1900.0, true)","Double"
"0","Exchange/DataCenterDemo/Site1/DataHall2/Section2/UPS/UPS2B/Input/SystemInputCurrentC","random(1600.0, 1900.0, true)","Double"
"0","Exchange/DataCenterDemo/Site1/DataHall2/Section3/PDU/PDU1A/Outlet/Outlet16/RmsCurrent","random(10.0, 30.0, true)","Double"
"0","Exchange/DataCenterDemo/Site1/DataHall1/Section2/Heatmap/Aisle13/Sensor2/Humidity","cosine(46.0, 48.0, 90.62, true)","Double"
"0","Exchange/DataCenterDemo/Site1/DataHall1/Section2/PDU/PDU12B/Outlet/Outlet7/RmsCurrent","random(10.0, 30.0, true)","Double"
"0","Exchange/DataCenterDemo/Site1/DataHall2/Section1/PDU/PDU2A/Outlet/Outlet9/RmsCurrent","random(10.0, 30.0, true)","Double"
"0","Exchange/DataCenterDemo/Site1/DataHall1/Section1/Heatmap/Aisle11/Sensor1/Temperature","random(18.0, 23.9, true)","Double"
"0","Exchange/DataCenterDemo/Site1/DataHall1/Section2/PDU/PDU8A/Outlet/Outlet13/RmsCurrent","random(10.0, 30.0, true)","Double"
"0","Exchange/DataCenterDemo/Site1/DataHall2/Section4/PDU/PDU7B/Outlet/Outlet13/RmsCurrent","random(10.0, 30.0, true)","Double"
"0","Exchange/DataCenterDemo/Site1/DataHall2/Section4/PDU/PDU5B/Outlet/Outlet15/RmsCurrent","random(10.0, 30.0, true)","Double"
"0","Exchange/DataCenterDemo/Site1/DataHall2/Section4/PDU/PDU6A/Outlet/Outlet5/RmsCurrent","random(10.0, 30.0, true)","Double"
"0","Exchange/DataCenterDemo/Site1/DataHall1/Section1/PDU/PDU12B/Outlet/Outlet7/RmsCurrent","random(10.0, 30.0, true)","Double"
"0","Exchange/DataCenterDemo/Site1/DataHall2/Section2/PDU/PDU1B/Outlet/Outlet6/RmsCurrent","random(10.0, 30.0, true)","Double"
"0","Exchange/DataCenterDemo/Site1/DataHall1/Section2/Heatmap/Aisle10/Sensor3/Humidity","cosine(42.0, 44.0, 107.985, true)","Double"
"0","Exchange/DataCenterDemo/Site1/DataHall1/Section1/Heatmap/Aisle7/Sensor3/Temperature","random(18.0, 23.9, true)","Double"
"0","Exchange/DataCenterDemo/Site1/DataHall2/Section4/PDU/PDU4B/Outlet/Outlet9/RmsCurrent","random(10.0, 30.0, true)","Double"
"0","Exchange/DataCenterDemo/Site1/DataHall2/Section4/Heatmap/Aisle8/Sensor2/Temperature","random(38.0, 43.9, true)","Double"
"0","Exchange/DataCenterDemo/Site1/DataHall1/Section4/PDU/PDU10B/Outlet/Outlet14/RmsCurrent","random(10.0, 30.0, true)","Double"
"0","Exchange/DataCenterDemo/Site1/DataHall1/Section1/UPS/UPS1A/Output/SystemOutputCurrentB","random(1500.0, 1800.0, true)","Double"
"0","Exchange/DataCenterDemo/Site1/DataHall1/Section1/UPS/UPS1A/Output/SystemOutputCurrentA","random(1500.0, 1800.0, true)","Double"
"0","Exchange/DataCenterDemo/Site1/DataHall2/Section2/PDU/PDU2A/Outlet/Outlet16/RmsCurrent","random(10.0, 30.0, true)","Double"
"0","Exchange/DataCenterDemo/Site1/DataHall1/Section1/UPS/UPS1A/Output/SystemOutputCurrentC","random(1500.0, 1800.0, true)","Double"
"0","Exchange/DataCenterDemo/Site1/DataHall2/Section2/PDU/PDU11B/Outlet/Outlet8/RmsCurrent","random(10.0, 30.0, true)","Double"
"0","Exchange/DataCenterDemo/Site1/DataHall2/Section4/PDU/PDU6B/Outlet/Outlet3/RmsCurrent","random(10.0, 30.0, true)","Double"
"0","Exchange/DataCenterDemo/Site1/DataHall2/Section1/PDU/PDU6A/Outlet/Outlet3/RmsCurrent","random(10.0, 30.0, true)","Double"
"0","Exchange/DataCenterDemo/Site1/DataHall2/Section3/PDU/PDU6B/Outlet/Outlet15/RmsCurrent","random(10.0, 30.0, true)","Double"
"0","Exchange/DataCenterDemo/Site1/DataHall1/Section3/PDU/PDU7A/Outlet/Outlet13/RmsCurrent","random(10.0, 30.0, true)","Double"
"0","Exchange/DataCenterDemo/Site1/DataHall1/Section3/PDU/PDU6B/Outlet/Outlet11/RmsCurrent","random(10.0, 30.0, true)","Double"
"0","Exchange/DataCenterDemo/Site1/DataHall2/Section2/PDU/PDU8B/Outlet/Outlet9/RmsCurrent","random(10.0, 30.0, true)","Double"
"0","Exchange/DataCenterDemo/Site1/DataHall1/Section2/UPS/UPS1A/Output/SystemOutputVoltageCA","random(480.0, 480.5, true)","Double"
"0","Exchange/DataCenterDemo/Site1/DataHall2/Section2/PDU/PDU9A/Outlet/Outlet3/RmsCurrent","random(10.0, 30.0, true)","Double"
"0","Exchange/DataCenterDemo/Site1/DataHall1/Section2/Heatmap/Aisle1/Sensor1/Humidity","cosine(46.0, 48.0, 94.975, true)","Double"
"0","Exchange/DataCenterDemo/Site1/DataHall2/Section3/PDU/PDU11B/Outlet/Outlet2/RmsCurrent","random(10.0, 30.0, true)","Double"
"0","Exchange/DataCenterDemo/Site1/DataHall1/Section2/PDU/PDU2A/Outlet/Outlet9/RmsCurrent","random(10.0, 30.0, true)","Double"
"0","Exchange/DataCenterDemo/Site1/DataHall2/Section1/PDU/PDU2B/Outlet/Outlet14/RmsCurrent","random(10.0, 30.0, true)","Double"
"0","Exchange/DataCenterDemo/Site1/DataHall2/Section3/PDU/PDU11A/Outlet/Outlet4/RmsCurrent","random(10.0, 30.0, true)","Double"
"0","Exchange/DataCenterDemo/Site1/DataHall2/Section3/PDU/PDU3A/Outlet/Outlet5/RmsCurrent","random(10.0, 30.0, true)","Double"
"0","Exchange/DataCenterDemo/Site1/DataHall2/Section1/PDU/PDU5B/Outlet/Outlet11/RmsCurrent","random(10.0, 30.0, true)","Double"
"0","Exchange/DataCenterDemo/Site1/DataHall2/Section2/PDU/PDU9B/Outlet/Outlet1/RmsCurrent","random(10.0, 30.0, true)","Double"
"0","Exchange/DataCenterDemo/Site1/DataHall2/Section1/PDU/PDU6A/Outlet/Outlet13/RmsCurrent","random(10.0, 30.0, true)","Double"
"0","Exchange/DataCenterDemo/Site1/DataHall1/Section1/PDU/PDU2B/Outlet/Outlet10/RmsCurrent","random(10.0, 30.0, true)","Double"
"0","Exchange/DataCenterDemo/Site1/DataHall1/Section4/PDU/PDU6B/Outlet/Outlet6/RmsCurrent","random(10.0, 30.0, true)","Double"
"0","Exchange/DataCenterDemo/Site1/DataHall2/Section2/PDU/PDU7B/Outlet/Outlet15/RmsCurrent","random(10.0, 30.0, true)","Double"
"0","Exchange/DataCenterDemo/Site1/DataHall2/Section2/AHU/AHU6/Temperature/ReturnAirTemperature","sine(30.0, 34.0, 204.653, true)","Double"
"0","Exchange/DataCenterDemo/Site1/DataHall1/Section2/PDU/PDU7B/Outlet/Outlet11/RmsCurrent","random(10.0, 30.0, true)","Double"
"0","Exchange/DataCenterDemo/Site1/DataHall1/Section2/UPS/UPS1A/Output/SystemOutputVoltageBC","random(480.0, 480.5, true)","Double"
"0","Exchange/DataCenterDemo/Site1/DataHall1/Section2/PDU/PDU4A/Outlet/Outlet3/RmsCurrent","random(10.0, 30.0, true)","Double"
"0","Exchange/DataCenterDemo/Site1/DataHall1/Section4/PDU/PDU7B/Outlet/Outlet4/RmsCurrent","random(10.0, 30.0, true)","Double"
"0","Exchange/DataCenterDemo/Site1/DataHall1/Section2/PDU/PDU1A/Outlet/Outlet12/RmsCurrent","random(10.0, 30.0, true)","Double"
"0","Exchange/DataCenterDemo/Site1/DataHall2/Section2/PDU/PDU1A/Outlet/Outlet16/RmsCurrent","random(10.0, 30.0, true)","Double"
"0","Exchange/DataCenterDemo/Site1/DataHall1/Section2/PDU/PDU1B/Outlet/Outlet10/RmsCurrent","random(10.0, 30.0, true)","Double"
"0","Exchange/DataCenterDemo/Site1/DataHall2/Section2/PDU/PDU12A/Outlet/Outlet2/RmsCurrent","random(10.0, 30.0, true)","Double"
"0","Exchange/DataCenterDemo/Site1/DataHall1/Section4/AHU/AHU5/Fan/FanSpeedCommand","square(70.0, 100.0, 109.649, true)","Double"
"0","Exchange/DataCenterDemo/Site1/DataHall1/Section4/PDU/PDU6A/Outlet/Outlet13/RmsCurrent","random(10.0, 30.0, true)","Double"
"0","Exchange/DataCenterDemo/Architecture/EAM/Agents/Edge 2/Independent/Metrics/System/Memory Usage","ramp(27.0, 38.0, 0.904, true)","Double"
"0","Exchange/DataCenterDemo/Site1/DataHall2/Section1/PDU/PDU7B/Outlet/Outlet15/RmsCurrent","random(10.0, 30.0, true)","Double"
"0","Exchange/DataCenterDemo/Site1/DataHall2/Section2/PDU/PDU1B/Outlet/Outlet14/RmsCurrent","random(10.0, 30.0, true)","Double"
"0","Exchange/DataCenterDemo/Site1/DataHall2/Section2/PDU/PDU5A/Outlet/Outlet13/RmsCurrent","random(10.0, 30.0, true)","Double"
"0","Exchange/DataCenterDemo/Site1/DataHall1/Section4/PDU/PDU7A/Outlet/Outlet6/RmsCurrent","random(10.0, 30.0, true)","Double"
"0","Exchange/DataCenterDemo/Site1/DataHall2/Section4/PDU/PDU10B/Outlet/Outlet12/RmsCurrent","random(10.0, 30.0, true)","Double"
"0","Exchange/DataCenterDemo/Site1/DataHall2/Section4/PDU/PDU11A/Outlet/Outlet14/RmsCurrent","random(10.0, 30.0, true)","Double"
"0","Exchange/DataCenterDemo/Site1/DataHall1/Section2/UPS/UPS1A/Output/SystemOutputVoltageAB","random(480.0, 480.5, true)","Double"
"0","Exchange/DataCenterDemo/Site1/DataHall1/Section1/PDU/PDU3A/Outlet/Outlet9/RmsCurrent","random(10.0, 30.0, true)","Double"
"0","Exchange/DataCenterDemo/Site1/DataHall1/Section3/PDU/PDU2B/Outlet/Outlet14/RmsCurrent","random(10.0, 30.0, true)","Double"
"0","Exchange/DataCenterDemo/Site1/DataHall2/Section2/PDU/PDU4B/Outlet/Outlet9/RmsCurrent","random(10.0, 30.0, true)","Double"
"0","Exchange/DataCenterDemo/Site1/DataHall2/Section2/PDU/PDU12A/Outlet/Outlet7/RmsCurrent","random(10.0, 30.0, true)","Double"
"0","Exchange/DataCenterDemo/Site1/DataHall2/Section2/PDU/PDU3A/Outlet/Outlet3/RmsCurrent","random(10.0, 30.0, true)","Double"
"0","Exchange/DataCenterDemo/Site1/DataHall1/Section1/PDU/PDU1A/Outlet/Outlet13/RmsCurrent","random(10.0, 30.0, true)","Double"
"0","Exchange/DataCenterDemo/Site1/DataHall1/Section1/Heatmap/Aisle2/Sensor2/Temperature","random(38.0, 43.9, true)","Double"
"0","Exchange/DataCenterDemo/Site1/DataHall1/Section3/PDU/PDU7B/Outlet/Outlet1/RmsCurrent","random(10.0, 30.0, true)","Double"
"0","Exchange/DataCenterDemo/Site1/DataHall1/Section1/PDU/PDU7B/Outlet/Outlet2/RmsCurrent","random(10.0, 30.0, true)","Double"
"0","Exchange/DataCenterDemo/Site1/DataHall1/Section1/PDU/PDU3B/Outlet/Outlet7/RmsCurrent","random(10.0, 30.0, true)","Double"
"0","Exchange/DataCenterDemo/Site1/DataHall2/Section3/PDU/PDU2A/Outlet/Outlet15/RmsCurrent","random(10.0, 30.0, true)","Double"
"0","Exchange/DataCenterDemo/Site1/DataHall1/Section4/PDU/PDU5B/Outlet/Outlet9/RmsCurrent","random(10.0, 30.0, true)","Double"
"0","Exchange/DataCenterDemo/Site1/DataHall1/Section4/PDU/PDU9B/Outlet/Outlet13/RmsCurrent","random(10.0, 30.0, true)","Double"
"0","Exchange/DataCenterDemo/Architecture/EAM/Agents/Frontend 2/Independent/Metrics/System/CPU Usage","ramp(3.0, 18.0, 1.002, true)","Double"
"0","Exchange/DataCenterDemo/Site1/DataHall1/Section4/PDU/PDU1B/Outlet/Outlet9/RmsCurrent","random(10.0, 30.0, true)","Double"
"0","Exchange/DataCenterDemo/Site1/DataHall2/Section2/AHU/AHU2/Fan/FanSpeedCommand","square(70.0, 100.0, 90.244, true)","Double"
"0","Exchange/DataCenterDemo/Site1/DataHall2/Section3/PDU/PDU1B/Outlet/Outlet13/RmsCurrent","random(10.0, 30.0, true)","Double"
"0","Exchange/DataCenterDemo/Site1/DataHall1/Section4/PDU/PDU4B/Outlet/Outlet1/RmsCurrent","random(10.0, 30.0, true)","Double"
"0","Exchange/DataCenterDemo/Site1/DataHall1/Section3/PDU/PDU7A/Outlet/Outlet3/RmsCurrent","random(10.0, 30.0, true)","Double"
"0","Exchange/DataCenterDemo/Site1/DataHall1/Section4/PDU/PDU1B/Outlet/Outlet14/RmsCurrent","random(10.0, 30.0, true)","Double"
"0","Exchange/DataCenterDemo/Site1/DataHall1/Section4/PDU/PDU5B/Outlet/Outlet11/RmsCurrent","random(10.0, 30.0, true)","Double"
"0","Exchange/DataCenterDemo/Site1/DataHall2/Section1/Heatmap/Aisle10/Sensor3/Temperature","random(38.0, 43.9, true)","Double"
"0","Exchange/DataCenterDemo/Site1/DataHall2/Section4/Heatmap/Aisle4/Sensor3/Humidity","cosine(42.0, 44.0, 98.026, true)","Double"
"0","Exchange/DataCenterDemo/Site1/DataHall2/Section2/Breaker/Breaker3B/Metering/CurrentA","random(4300.0, 5800.0, true)","Double"
"0","Exchange/DataCenterDemo/Site1/DataHall2/Section3/PDU/PDU9A/Outlet/Outlet6/RmsCurrent","random(10.0, 30.0, true)","Double"
"0","Exchange/DataCenterDemo/Site1/DataHall2/Section2/Breaker/Breaker3B/Metering/CurrentB","random(4300.0, 5800.0, true)","Double"
"0","Exchange/DataCenterDemo/Site1/DataHall2/Section2/Breaker/Breaker3B/Metering/CurrentC","random(4300.0, 5800.0, true)","Double"
"0","Exchange/DataCenterDemo/Site1/DataHall2/Section3/PDU/PDU11A/Outlet/Outlet9/RmsCurrent","random(10.0, 30.0, true)","Double"
"0","Exchange/DataCenterDemo/Site1/DataHall1/Section4/PDU/PDU9B/Outlet/Outlet4/RmsCurrent","random(10.0, 30.0, true)","Double"
"0","Exchange/DataCenterDemo/Site1/DataHall2/Section2/PDU/PDU2B/Outlet/Outlet13/RmsCurrent","random(10.0, 30.0, true)","Double"
"0","Exchange/DataCenterDemo/Site1/DataHall1/Section4/PDU/PDU10A/Outlet/Outlet16/RmsCurrent","random(10.0, 30.0, true)","Double"
"0","Exchange/DataCenterDemo/Site1/DataHall2/Section2/PDU/PDU3B/Outlet/Outlet1/RmsCurrent","random(10.0, 30.0, true)","Double"
"0","Exchange/DataCenterDemo/Site1/DataHall2/Section2/UPS/UPS1A/Input/SystemInputVoltageCA","random(470.0, 490.0, true)","Double"
"0","Exchange/DataCenterDemo/Site1/DataHall1/Section4/PDU/PDU4A/Outlet/Outlet3/RmsCurrent","random(10.0, 30.0, true)","Double"
"0","Exchange/DataCenterDemo/Site1/DataHall2/Section4/PDU/PDU1A/Outlet/Outlet15/RmsCurrent","random(10.0, 30.0, true)","Double"
"0","Exchange/DataCenterDemo/Site1/DataHall1/Section1/PDU/PDU2A/Outlet/Outlet1/RmsCurrent","random(10.0, 30.0, true)","Double"
"0","Exchange/DataCenterDemo/Site1/DataHall1/Section2/PDU/PDU12B/Outlet/Outlet12/RmsCurrent","random(10.0, 30.0, true)","Double"
"0","Exchange/DataCenterDemo/Site1/DataHall1/Section3/PDU/PDU12B/Outlet/Outlet6/RmsCurrent","random(10.0, 30.0, true)","Double"
"0","Exchange/DataCenterDemo/Site1/DataHall2/Section3/PDU/PDU8B/Outlet/Outlet13/RmsCurrent","random(10.0, 30.0, true)","Double"
"0","Exchange/DataCenterDemo/Site1/DataHall2/Section3/PDU/PDU9A/Outlet/Outlet15/RmsCurrent","random(10.0, 30.0, true)","Double"
"0","Exchange/DataCenterDemo/Site1/DataHall2/Section4/AHU/AHU1/Temperature/MixedAirTemperature","cosine(14.0, 16.0, 91.375, true)","Double"
"0","Exchange/DataCenterDemo/Site1/DataHall1/Section1/PDU/PDU10B/Outlet/Outlet7/RmsCurrent","random(10.0, 30.0, true)","Double"
"0","Exchange/DataCenterDemo/Site1/DataHall1/Section3/AHU/AHU4/Temperature/MixedAirTemperature","cosine(14.0, 16.0, 107.54, true)","Double"
"0","Exchange/DataCenterDemo/Site1/DataHall1/Section4/PDU/PDU12A/Outlet/Outlet7/RmsCurrent","random(10.0, 30.0, true)","Double"
"0","Exchange/DataCenterDemo/Site1/DataHall1/Section3/Heatmap/Aisle11/Sensor1/Temperature","random(18.0, 23.9, true)","Double"
"0","Exchange/DataCenterDemo/Site1/DataHall1/Section4/PDU/PDU9B/Outlet/Outlet9/RmsCurrent","random(10.0, 30.0, true)","Double"
"0","Exchange/DataCenterDemo/Site1/DataHall1/Section2/PQM/PQM1A/PQ/ThdVoltageAN","sine(0.5, 9.5, 100.0, true)","Double"
"0","Exchange/DataCenterDemo/Site1/DataHall1/Section4/AHU/AHU6/Temperature/MixedAirTemperature","cosine(14.0, 16.0, 102.668, true)","Double"
"0","Exchange/DataCenterDemo/Site1/DataHall2/Section1/UPS/UPS2A/Input/SystemInputVoltageCA","random(470.0, 490.0, true)","Double"
"0","Exchange/DataCenterDemo/Site1/DataHall1/Section1/PDU/PDU7A/Outlet/Outlet4/RmsCurrent","random(10.0, 30.0, true)","Double"
"0","Exchange/DataCenterDemo/Site1/DataHall1/Section3/PDU/PDU6A/Outlet/Outlet6/RmsCurrent","random(10.0, 30.0, true)","Double"
"0","Exchange/DataCenterDemo/Site1/DataHall2/Section2/UPS/UPS1A/Input/SystemInputVoltageBC","random(470.0, 490.0, true)","Double"
"0","Exchange/DataCenterDemo/Site1/DataHall2/Section1/Section/ItLoadMw","sine(850.0, 1150.0, 10.0, true)","Double"
"0","Exchange/DataCenterDemo/Site1/DataHall1/Section1/PDU/PDU10A/Outlet/Outlet9/RmsCurrent","random(10.0, 30.0, true)","Double"
"0","Exchange/DataCenterDemo/Site1/DataHall2/Section1/PDU/PDU3B/Outlet/Outlet13/RmsCurrent","random(10.0, 30.0, true)","Double"
"0","Exchange/DataCenterDemo/Site1/DataHall2/Section1/PDU/PDU4A/Outlet/Outlet15/RmsCurrent","random(10.0, 30.0, true)","Double"
"0","Exchange/DataCenterDemo/Site1/DataHall1/Section4/PDU/PDU12B/Outlet/Outlet5/RmsCurrent","random(10.0, 30.0, true)","Double"
"0","Exchange/DataCenterDemo/Site1/DataHall2/Section1/PDU/PDU1B/Outlet/Outlet4/RmsCurrent","random(10.0, 30.0, true)","Double"
"0","Exchange/DataCenterDemo/Site1/DataHall2/Section4/PDU/PDU8A/Outlet/Outlet15/RmsCurrent","random(10.0, 30.0, true)","Double"
"0","Exchange/DataCenterDemo/Site1/DataHall2/Section1/PDU/PDU2B/Outlet/Outlet1/RmsCurrent","random(10.0, 30.0, true)","Double"
"0","Exchange/DataCenterDemo/Site1/DataHall1/Section4/PDU/PDU11B/Outlet/Outlet8/RmsCurrent","random(10.0, 30.0, true)","Double"
"0","Exchange/DataCenterDemo/Site1/DataHall2/Section2/PDU/PDU9B/Outlet/Outlet13/RmsCurrent","random(10.0, 30.0, true)","Double"
"0","Exchange/DataCenterDemo/Site1/DataHall1/Section3/AHU/AHU7/Fan/FanSpeedFeedback","cosine(70.0, 100.0, 100.045, true)","Double"
"0","Exchange/DataCenterDemo/Site1/DataHall1/Section3/PDU/PDU12A/Outlet/Outlet8/RmsCurrent","random(10.0, 30.0, true)","Double"
"0","Exchange/DataCenterDemo/Site1/DataHall2/Section1/PDU/PDU12A/Outlet/Outlet8/RmsCurrent","random(10.0, 30.0, true)","Double"
"0","Exchange/DataCenterDemo/Site1/DataHall2/Section2/PDU/PDU7A/Outlet/Outlet3/RmsCurrent","random(10.0, 30.0, true)","Double"
"0","Exchange/DataCenterDemo/Site1/DataHall2/Section1/AHU/AHU7/Temperature/SupplyAirTemperature","sine(21.0, 22.0, 92.636, true)","Double"
"0","Exchange/DataCenterDemo/Site1/DataHall2/Section1/UPS/UPS2A/Input/SystemInputVoltageBC","random(470.0, 490.0, true)","Double"
"0","Exchange/DataCenterDemo/Site1/DataHall2/Section3/PDU/PDU6B/Outlet/Outlet1/RmsCurrent","random(10.0, 30.0, true)","Double"
"0","Exchange/DataCenterDemo/Site1/DataHall2/Section4/Heatmap/Aisle13/Sensor1/Humidity","cosine(46.0, 48.0, 95.523, true)","Double"
"0","Exchange/DataCenterDemo/Site1/DataHall2/Section4/PDU/PDU8B/Outlet/Outlet9/RmsCurrent","random(10.0, 30.0, true)","Double"
"0","Exchange/DataCenterDemo/Site1/DataHall1/Section1/Heatmap/Aisle13/Sensor3/Temperature","random(18.0, 23.9, true)","Double"
"0","Exchange/DataCenterDemo/Site1/DataHall2/Section4/PDU/PDU2A/Outlet/Outlet14/RmsCurrent","random(10.0, 30.0, true)","Double"
"0","Exchange/DataCenterDemo/Site1/DataHall2/Section1/Heatmap/Aisle12/Sensor2/Temperature","random(38.0, 43.9, true)","Double"
"0","Exchange/DataCenterDemo/Site1/DataHall2/Section2/UPS/UPS1A/Input/SystemInputVoltageAB","random(470.0, 490.0, true)","Double"
"0","Exchange/DataCenterDemo/Site1/DataHall1/Section3/Heatmap/Aisle8/Sensor1/Temperature","random(38.0, 43.9, true)","Double"
"0","Exchange/DataCenterDemo/Site1/DataHall2/Section2/PDU/PDU3A/Outlet/Outlet15/RmsCurrent","random(10.0, 30.0, true)","Double"
"0","Exchange/DataCenterDemo/Site1/DataHall1/Section4/UPS/UPS1A/Input/SystemInputVoltageBC","random(470.0, 490.0, true)","Double"
"0","Exchange/DataCenterDemo/Site1/DataHall1/Section3/PDU/PDU4A/Outlet/Outlet15/RmsCurrent","random(10.0, 30.0, true)","Double"
"0","Exchange/DataCenterDemo/Site1/DataHall2/Section3/PDU/PDU6A/Outlet/Outlet3/RmsCurrent","random(10.0, 30.0, true)","Double"
"0","Exchange/DataCenterDemo/Site1/DataHall2/Section1/PDU/PDU9B/Outlet/Outlet14/RmsCurrent","random(10.0, 30.0, true)","Double"
"0","Exchange/DataCenterDemo/Site1/DataHall1/Section2/PDU/PDU6A/Outlet/Outlet9/RmsCurrent","random(10.0, 30.0, true)","Double"
"0","Exchange/DataCenterDemo/Site1/DataHall1/Section3/PQM/PQM2A/Voltage/VoltageBC","cosine(478.0, 481.0, 90.019, true)","Double"
"0","Exchange/DataCenterDemo/Site1/DataHall2/Section2/PQM/PQM2A/Voltage/VoltageAB","cosine(478.0, 481.0, 96.084, true)","Double"
"0","Exchange/DataCenterDemo/Site1/DataHall2/Section3/PDU/PDU7B/Outlet/Outlet9/RmsCurrent","random(10.0, 30.0, true)","Double"
"0","Exchange/DataCenterDemo/Site1/DataHall2/Section3/Heatmap/Aisle3/Sensor3/Humidity","cosine(46.0, 48.0, 108.621, true)","Double"
"0","Exchange/DataCenterDemo/Site1/DataHall2/Section4/PDU/PDU2A/Outlet/Outlet5/RmsCurrent","random(10.0, 30.0, true)","Double"
"0","Exchange/DataCenterDemo/Site1/DataHall1/Section2/PDU/PDU4B/Outlet/Outlet13/RmsCurrent","random(10.0, 30.0, true)","Double"
"0","Exchange/DataCenterDemo/Site1/DataHall1/Section3/PDU/PDU6B/Outlet/Outlet4/RmsCurrent","random(10.0, 30.0, true)","Double"
"0","Exchange/DataCenterDemo/Site1/DataHall1/Section4/UPS/UPS1A/Input/SystemInputVoltageCA","random(470.0, 490.0, true)","Double"
"0","Exchange/DataCenterDemo/Site1/DataHall1/Section3/PQM/PQM2A/Voltage/VoltageAN","cosine(276.0, 278.0, 95.127, true)","Double"
"0","Exchange/DataCenterDemo/Site1/DataHall1/Section4/Breaker/Breaker3A/Metering/VoltageMeanLL","random(470.0, 490.0, true)","Double"
"0","Exchange/DataCenterDemo/Site1/DataHall1/Section4/PDU/PDU8B/Outlet/Outlet14/RmsCurrent","random(10.0, 30.0, true)","Double"
"0","Exchange/DataCenterDemo/Site1/DataHall1/Section4/AHU/AHU4/Temperature/SupplyAirTemperature","sine(21.0, 22.0, 107.423, true)","Double"
"0","Exchange/DataCenterDemo/Site1/DataHall1/Section4/PDU/PDU9A/Outlet/Outlet16/RmsCurrent","random(10.0, 30.0, true)","Double"
"0","Exchange/DataCenterDemo/Site1/DataHall2/Section2/Heatmap/Aisle3/Sensor2/Humidity","cosine(46.0, 48.0, 108.531, true)","Double"
"0","Exchange/DataCenterDemo/Site1/DataHall2/Section3/PDU/PDU3A/Outlet/Outlet14/RmsCurrent","random(10.0, 30.0, true)","Double"
"0","Exchange/DataCenterDemo/Site1/DataHall1/Section2/PDU/PDU10B/Outlet/Outlet1/RmsCurrent","random(10.0, 30.0, true)","Double"
"0","Exchange/DataCenterDemo/Site1/DataHall1/Section2/PDU/PDU6B/Outlet/Outlet7/RmsCurrent","random(10.0, 30.0, true)","Double"
"0","Exchange/DataCenterDemo/Site1/DataHall1/Section4/PDU/PDU2B/Outlet/Outlet6/RmsCurrent","random(10.0, 30.0, true)","Double"
"0","Exchange/DataCenterDemo/Site1/DataHall1/Section4/PDU/PDU3A/Outlet/Outlet15/RmsCurrent","random(10.0, 30.0, true)","Double"
"0","Exchange/DataCenterDemo/Site1/DataHall1/Section3/UPS/UPS2A/Input/SystemInputVoltageBC","random(470.0, 490.0, true)","Double"
"0","Exchange/DataCenterDemo/Site1/DataHall1/Section4/AHU/AHU5/Temperature/ReturnAirTemperature","sine(30.0, 34.0, 210.51, true)","Double"
"0","Exchange/DataCenterDemo/Site1/DataHall1/Section4/Heatmap/Aisle9/Sensor2/Humidity","cosine(46.0, 48.0, 109.934, true)","Double"
"0","Exchange/DataCenterDemo/Site1/DataHall1/Section4/PDU/PDU7A/Outlet/Outlet12/RmsCurrent","random(10.0, 30.0, true)","Double"
"0","Exchange/DataCenterDemo/Site1/DataHall1/Section4/UPS/UPS1A/Input/SystemInputVoltageAB","random(470.0, 490.0, true)","Double"
"0","Exchange/DataCenterDemo/Site1/DataHall2/Section2/PDU/PDU8B/Outlet/Outlet14/RmsCurrent","random(10.0, 30.0, true)","Double"
"0","Exchange/DataCenterDemo/Site1/DataHall2/Section3/PQM/PQM1B/Voltage/VoltageCN","cosine(276.0, 278.0, 91.559, true)","Double"
"0","Exchange/DataCenterDemo/Site1/DataHall1/Section3/PDU/PDU2B/Outlet/Outlet9/RmsCurrent","random(10.0, 30.0, true)","Double"
"0","Exchange/DataCenterDemo/Site1/DataHall1/Section3/PQM/PQM2A/Voltage/VoltageCA","cosine(478.0, 481.0, 103.592, true)","Double"
"0","Exchange/DataCenterDemo/Site1/DataHall2/Section4/PDU/PDU11B/Outlet/Outlet1/RmsCurrent","random(10.0, 30.0, true)","Double"
"0","Exchange/DataCenterDemo/Site1/DataHall2/Section2/PQM/PQM2A/Voltage/VoltageBC","cosine(478.0, 481.0, 109.996, true)","Double"
"0","Exchange/DataCenterDemo/Site1/DataHall1/Section2/PDU/PDU10A/Outlet/Outlet16/RmsCurrent","random(10.0, 30.0, true)","Double"
"0","Exchange/DataCenterDemo/Site1/DataHall2/Section2/PQM/PQM2A/Voltage/VoltageAN","cosine(276.0, 278.0, 105.627, true)","Double"
"0","Exchange/DataCenterDemo/Site1/DataHall1/Section3/PDU/PDU3B/Outlet/Outlet13/RmsCurrent","random(10.0, 30.0, true)","Double"
"0","Exchange/DataCenterDemo/Site1/DataHall1/Section3/PDU/PDU9B/Outlet/Outlet14/RmsCurrent","random(10.0, 30.0, true)","Double"
"0","Exchange/DataCenterDemo/Site1/DataHall1/Section3/PQM/PQM2A/Voltage/VoltageBN","cosine(276.0, 278.0, 94.088, true)","Double"
"0","Exchange/DataCenterDemo/Site1/DataHall2/Section4/PDU/PDU11A/Outlet/Outlet3/RmsCurrent","random(10.0, 30.0, true)","Double"
"0","Exchange/DataCenterDemo/Site1/DataHall1/Section3/UPS/UPS2A/Input/SystemInputVoltageCA","random(470.0, 490.0, true)","Double"
"0","Exchange/DataCenterDemo/Site1/DataHall2/Section2/PDU/PDU4A/Outlet/Outlet14/RmsCurrent","random(10.0, 30.0, true)","Double"
"0","Exchange/DataCenterDemo/Site1/DataHall2/Section3/PDU/PDU10B/Outlet/Outlet12/RmsCurrent","random(10.0, 30.0, true)","Double"
"0","Exchange/DataCenterDemo/Site1/DataHall2/Section3/PDU/PDU7B/Outlet/Outlet14/RmsCurrent","random(10.0, 30.0, true)","Double"
"0","Exchange/DataCenterDemo/Site1/DataHall2/Section1/PDU/PDU5A/Outlet/Outlet6/RmsCurrent","random(10.0, 30.0, true)","Double"
"0","Exchange/DataCenterDemo/Site1/DataHall2/Section3/PDU/PDU11A/Outlet/Outlet14/RmsCurrent","random(10.0, 30.0, true)","Double"
"0","Exchange/DataCenterDemo/Site1/DataHall2/Section3/Heatmap/Aisle13/Sensor2/Temperature","random(18.0, 23.9, true)","Double"
"0","Exchange/DataCenterDemo/Site1/DataHall2/Section4/PDU/PDU5B/Outlet/Outlet6/RmsCurrent","random(10.0, 30.0, true)","Double"
"0","Exchange/DataCenterDemo/Site1/DataHall1/Section3/PDU/PDU7B/Outlet/Outlet10/RmsCurrent","random(10.0, 30.0, true)","Double"
"0","Exchange/DataCenterDemo/Site1/DataHall2/Section1/PDU/PDU12A/Outlet/Outlet13/RmsCurrent","random(10.0, 30.0, true)","Double"
"0","Exchange/DataCenterDemo/Site1/DataHall2/Section3/PDU/PDU2B/Outlet/Outlet6/RmsCurrent","random(10.0, 30.0, true)","Double"
"0","Exchange/DataCenterDemo/Site1/DataHall2/Section4/Heatmap/Aisle12/Sensor1/Temperature","random(38.0, 43.9, true)","Double"
"0","Exchange/DataCenterDemo/Site1/DataHall1/Section1/PDU/PDU11A/Outlet/Outlet1/RmsCurrent","random(10.0, 30.0, true)","Double"
"0","Exchange/DataCenterDemo/Site1/DataHall1/Section3/PDU/PDU3B/Outlet/Outlet1/RmsCurrent","random(10.0, 30.0, true)","Double"
"0","Exchange/DataCenterDemo/Site1/DataHall2/Section1/PDU/PDU5B/Outlet/Outlet4/RmsCurrent","random(10.0, 30.0, true)","Double"
"0","Exchange/DataCenterDemo/Site1/DataHall2/Section3/PDU/PDU12A/Outlet/Outlet1/RmsCurrent","random(10.0, 30.0, true)","Double"
"0","Exchange/DataCenterDemo/Site1/DataHall2/Section2/PDU/PDU8B/Outlet/Outlet4/RmsCurrent","random(10.0, 30.0, true)","Double"
"0","Exchange/DataCenterDemo/Site1/DataHall2/Section2/AHU/AHU5/Temperature/ReturnAirTemperature","sine(30.0, 34.0, 190.729, true)","Double"
"0","Exchange/DataCenterDemo/Site1/DataHall1/Section4/PQM/PQM1A/Voltage/VoltageAB","cosine(478.0, 481.0, 94.156, true)","Double"
"0","Exchange/DataCenterDemo/Site1/DataHall2/Section1/PDU/PDU5A/Outlet/Outlet14/RmsCurrent","random(10.0, 30.0, true)","Double"
"0","Exchange/DataCenterDemo/Site1/DataHall1/Section2/PDU/PDU10A/Outlet/Outlet3/RmsCurrent","random(10.0, 30.0, true)","Double"
"0","Exchange/DataCenterDemo/Site1/DataHall2/Section3/PDU/PDU2A/Outlet/Outlet8/RmsCurrent","random(10.0, 30.0, true)","Double"
"0","Exchange/DataCenterDemo/Site1/DataHall1/Section4/AHU/AHU7/Status/IsAhuRunning","1.0","Double"
"0","Exchange/DataCenterDemo/Site1/DataHall2/Section4/PDU/PDU6B/Outlet/Outlet14/RmsCurrent","random(10.0, 30.0, true)","Double"
"0","Exchange/DataCenterDemo/Site1/DataHall1/Section4/PDU/PDU2B/Outlet/Outlet13/RmsCurrent","random(10.0, 30.0, true)","Double"
"0","Exchange/DataCenterDemo/Site1/DataHall1/Section4/PDU/PDU6B/Outlet/Outlet10/RmsCurrent","random(10.0, 30.0, true)","Double"
"0","Exchange/DataCenterDemo/Site1/DataHall2/Section3/PDU/PDU12B/Outlet/Outlet16/RmsCurrent","random(10.0, 30.0, true)","Double"
"0","Exchange/DataCenterDemo/Site1/DataHall1/Section4/PQM/PQM1A/Voltage/VoltageAN","cosine(276.0, 278.0, 90.014, true)","Double"
"0","Exchange/DataCenterDemo/Site1/DataHall2/Section3/UPS/UPS1A/Battery/BatteryCapacityRemaining","ramp(95.0, 99.0, 106.672, true)","Double"
"0","Exchange/DataCenterDemo/Site1/DataHall1/Section2/PDU/PDU3A/Outlet/Outlet6/RmsCurrent","random(10.0, 30.0, true)","Double"
"0","Exchange/DataCenterDemo/Site1/DataHall1/Section3/PQM/PQM2A/Voltage/VoltageAB","cosine(478.0, 481.0, 104.715, true)","Double"
"0","Exchange/DataCenterDemo/Site1/DataHall2/Section1/PDU/PDU8A/Outlet/Outlet9/RmsCurrent","random(10.0, 30.0, true)","Double"
"0","Exchange/DataCenterDemo/Site1/DataHall1/Section1/Breaker/Breaker4A/Metering/CurrentA","random(4300.0, 5800.0, true)","Double"
"0","Exchange/DataCenterDemo/Site1/DataHall1/Section1/Breaker/Breaker4A/Metering/CurrentB","random(4300.0, 5800.0, true)","Double"
"0","Exchange/DataCenterDemo/Site1/DataHall1/Section1/Breaker/Breaker4A/Metering/CurrentC","random(4300.0, 5800.0, true)","Double"
"0","Exchange/DataCenterDemo/Site1/DataHall2/Section3/Breaker/Breaker3B/Metering/VoltageMeanLL","random(470.0, 490.0, true)","Double"
"0","Exchange/DataCenterDemo/Site1/DataHall1/Section3/Heatmap/Aisle3/Sensor3/Temperature","random(18.0, 23.9, true)","Double"
"0","Exchange/DataCenterDemo/Site1/DataHall1/Section1/PDU/PDU7A/Outlet/Outlet14/RmsCurrent","random(10.0, 30.0, true)","Double"
"0","Exchange/DataCenterDemo/Site1/DataHall2/Section1/Heatmap/Aisle6/Sensor3/Humidity","cosine(42.0, 44.0, 91.611, true)","Double"
"0","Exchange/DataCenterDemo/Site1/DataHall2/Section4/PDU/PDU2B/Outlet/Outlet3/RmsCurrent","random(10.0, 30.0, true)","Double"
"0","Exchange/DataCenterDemo/Site1/DataHall1/Section4/PDU/PDU8A/Outlet/Outlet3/RmsCurrent","random(10.0, 30.0, true)","Double"
"0","Exchange/DataCenterDemo/Site1/DataHall1/Section3/PDU/PDU12B/Outlet/Outlet12/RmsCurrent","random(10.0, 30.0, true)","Double"
"0","Exchange/DataCenterDemo/Site1/DataHall1/Section4/PQM/PQM1A/Voltage/VoltageBC","cosine(478.0, 481.0, 95.053, true)","Double"
"0","Exchange/DataCenterDemo/Site1/DataHall2/Section3/PQM/PQM1A/Voltage/VoltageAB","cosine(478.0, 481.0, 106.539, true)","Double"
"0","Exchange/DataCenterDemo/Site1/DataHall1/Section2/Section/CoolingCapacity","cosine(0.6, 0.65, 103.173, true)","Double"
"0","Exchange/DataCenterDemo/Site1/DataHall2/Section2/PDU/PDU12A/Outlet/Outlet13/RmsCurrent","random(10.0, 30.0, true)","Double"
"0","Exchange/DataCenterDemo/Site1/DataHall2/Section4/Heatmap/Aisle5/Sensor2/Temperature","random(18.0, 23.9, true)","Double"
"0","Exchange/DataCenterDemo/Site1/DataHall2/Section1/PDU/PDU10A/Outlet/Outlet11/RmsCurrent","random(10.0, 30.0, true)","Double"
"0","Exchange/DataCenterDemo/Site1/DataHall2/Section1/UPS/UPS1B/Input/SystemInputCurrentA","random(1600.0, 1900.0, true)","Double"
"0","Exchange/DataCenterDemo/Site1/DataHall2/Section1/UPS/UPS1B/Input/SystemInputCurrentB","random(1600.0, 1900.0, true)","Double"
"0","Exchange/DataCenterDemo/Site1/DataHall2/Section1/UPS/UPS1B/Input/SystemInputCurrentC","random(1600.0, 1900.0, true)","Double"
"0","Exchange/DataCenterDemo/Site1/DataHall1/Section3/Breaker/Breaker2A/Metering/CurrentA","random(4300.0, 5800.0, true)","Double"
"0","Exchange/DataCenterDemo/Site1/DataHall2/Section1/PDU/PDU5B/Outlet/Outlet8/RmsCurrent","random(10.0, 30.0, true)","Double"
"0","Exchange/DataCenterDemo/Site1/DataHall1/Section3/Breaker/Breaker2A/Metering/CurrentB","random(4300.0, 5800.0, true)","Double"
"0","Exchange/DataCenterDemo/Site1/DataHall2/Section3/PQM/PQM1A/Voltage/VoltageAN","cosine(276.0, 278.0, 109.899, true)","Double"
"0","Exchange/DataCenterDemo/Site1/DataHall1/Section3/Breaker/Breaker2A/Metering/CurrentC","random(4300.0, 5800.0, true)","Double"
"0","Exchange/DataCenterDemo/Site1/DataHall1/Section4/Heatmap/Aisle1/Sensor2/Humidity","cosine(46.0, 48.0, 94.521, true)","Double"
"0","Exchange/DataCenterDemo/Site1/DataHall2/Section3/PDU/PDU1B/Outlet/Outlet16/RmsCurrent","random(10.0, 30.0, true)","Double"
"0","Exchange/DataCenterDemo/Site1/DataHall1/Section4/PDU/PDU7B/Outlet/Outlet15/RmsCurrent","random(10.0, 30.0, true)","Double"
"0","Exchange/DataCenterDemo/Site1/DataHall1/Section1/PDU/PDU9B/Outlet/Outlet10/RmsCurrent","random(10.0, 30.0, true)","Double"
"0","Exchange/DataCenterDemo/Site1/DataHall2/Section4/PDU/PDU1B/Outlet/Outlet14/RmsCurrent","random(10.0, 30.0, true)","Double"
"0","Exchange/DataCenterDemo/Site1/DataHall1/Section1/PDU/PDU1A/Outlet/Outlet10/RmsCurrent","random(10.0, 30.0, true)","Double"
"0","Exchange/DataCenterDemo/Site1/DataHall2/Section3/PQM/PQM1A/Voltage/VoltageBC","cosine(478.0, 481.0, 104.158, true)","Double"
"0","Exchange/DataCenterDemo/Site1/DataHall1/Section3/Breaker/Breaker3A/Metering/VoltageMeanLL","random(470.0, 490.0, true)","Double"
"0","Exchange/DataCenterDemo/Site1/DataHall1/Section2/PDU/PDU12A/Outlet/Outlet1/RmsCurrent","random(10.0, 30.0, true)","Double"
"0","Exchange/DataCenterDemo/Site1/DataHall1/Section2/PDU/PDU12A/Outlet/Outlet8/RmsCurrent","random(10.0, 30.0, true)","Double"
"0","Exchange/DataCenterDemo/Site1/DataHall2/Section1/PDU/PDU3A/Outlet/Outlet6/RmsCurrent","random(10.0, 30.0, true)","Double"
"0","Exchange/DataCenterDemo/Site1/DataHall2/Section1/PDU/PDU6B/Outlet/Outlet4/RmsCurrent","random(10.0, 30.0, true)","Double"
"0","Exchange/DataCenterDemo/Site1/DataHall1/Section4/Heatmap/Aisle5/Sensor3/Temperature","random(18.0, 23.9, true)","Double"
"0","Exchange/DataCenterDemo/Architecture/EAM/Agents/Frontend 2/Independent/Metrics/Logging/Errors Per Minute","random(0.0, 1.5, true)","Double"
"0","Exchange/DataCenterDemo/Site1/DataHall1/Section4/PDU/PDU11A/Outlet/Outlet8/RmsCurrent","random(10.0, 30.0, true)","Double"
"0","Exchange/DataCenterDemo/Site1/DataHall1/Section4/Heatmap/Aisle10/Sensor2/Humidity","cosine(42.0, 44.0, 109.218, true)","Double"
"0","Exchange/DataCenterDemo/Site1/DataHall2/Section3/PQM/PQM1A/Voltage/VoltageBN","cosine(276.0, 278.0, 94.594, true)","Double"
"0","Exchange/DataCenterDemo/Site1/DataHall2/Section1/Heatmap/Aisle13/Sensor1/Humidity","cosine(46.0, 48.0, 93.6, true)","Double"
"0","Exchange/DataCenterDemo/Site1/DataHall2/Section1/PQM/PQM2A/Current/CurrentB","random(3750.0, 4100.0, true)","Double"
"0","Exchange/DataCenterDemo/Site1/DataHall1/Section1/AHU/AHU1/Fan/FanSpeedFeedback","cosine(70.0, 100.0, 97.419, true)","Double"
"0","Exchange/DataCenterDemo/Site1/DataHall2/Section1/PQM/PQM2A/Current/CurrentA","random(3750.0, 4100.0, true)","Double"
"0","Exchange/DataCenterDemo/Site1/DataHall2/Section1/PQM/PQM2A/Current/CurrentC","random(3750.0, 4100.0, true)","Double"
"0","Exchange/DataCenterDemo/Site1/DataHall2/Section3/Heatmap/Aisle11/Sensor2/Humidity","cosine(46.0, 48.0, 91.705, true)","Double"
"0","Exchange/DataCenterDemo/Site1/DataHall2/Section2/PDU/PDU3A/Outlet/Outlet11/RmsCurrent","random(10.0, 30.0, true)","Double"
"0","Exchange/DataCenterDemo/Site1/DataHall2/Section3/PQM/PQM1A/Voltage/VoltageCA","cosine(478.0, 481.0, 90.0, true)","Double"
"0","Exchange/DataCenterDemo/Site1/DataHall1/Section1/Heatmap/Aisle2/Sensor3/Humidity","cosine(42.0, 44.0, 91.203, true)","Double"
"0","Exchange/DataCenterDemo/Site1/DataHall2/Section2/Section/EnergyEfficiencyRatio","cosine(7.7, 8.2, 90.504, true)","Double"
"0","Exchange/DataCenterDemo/Site1/DataHall1/Section2/PDU/PDU6B/Outlet/Outlet9/RmsCurrent","random(10.0, 30.0, true)","Double"
"0","Exchange/DataCenterDemo/Site1/DataHall1/Section3/PDU/PDU10A/Outlet/Outlet13/RmsCurrent","random(10.0, 30.0, true)","Double"
"0","Exchange/DataCenterDemo/Site1/DataHall1/Section4/PDU/PDU12A/Outlet/Outlet4/RmsCurrent","random(10.0, 30.0, true)","Double"
"0","Exchange/DataCenterDemo/Site1/DataHall2/Section4/Breaker/Breaker5A/Metering/CurrentB","random(4300.0, 5800.0, true)","Double"
"0","Exchange/DataCenterDemo/Site1/DataHall1/Section3/PDU/PDU5A/Outlet/Outlet3/RmsCurrent","random(10.0, 30.0, true)","Double"
"0","Exchange/DataCenterDemo/Site1/DataHall2/Section4/Breaker/Breaker5A/Metering/CurrentA","random(4300.0, 5800.0, true)","Double"
"0","Exchange/DataCenterDemo/Site1/DataHall2/Section1/Breaker/Breaker5A/Metering/VoltageMeanLL","random(470.0, 490.0, true)","Double"
"0","Exchange/DataCenterDemo/Site1/DataHall2/Section3/PQM/PQM1A/Voltage/VoltageCN","cosine(276.0, 278.0, 94.6, true)","Double"
"0","Exchange/DataCenterDemo/Site1/DataHall2/Section4/Breaker/Breaker5A/Metering/CurrentC","random(4300.0, 5800.0, true)","Double"
"0","Exchange/DataCenterDemo/Site1/DataHall1/Section2/PDU/PDU6B/Outlet/Outlet2/RmsCurrent","random(10.0, 30.0, true)","Double"
"0","Exchange/DataCenterDemo/Site1/DataHall2/Section4/PDU/PDU3A/Outlet/Outlet14/RmsCurrent","random(10.0, 30.0, true)","Double"
"0","Exchange/DataCenterDemo/Site1/DataHall2/Section3/PDU/PDU3B/Outlet/Outlet9/RmsCurrent","random(10.0, 30.0, true)","Double"
"0","Exchange/DataCenterDemo/Site1/DataHall1/Section1/PDU/PDU12A/Outlet/Outlet3/RmsCurrent","random(10.0, 30.0, true)","Double"
"0","Exchange/DataCenterDemo/Site1/DataHall1/Section2/PDU/PDU7B/Outlet/Outlet5/RmsCurrent","random(10.0, 30.0, true)","Double"
"0","Exchange/DataCenterDemo/Site1/DataHall2/Section4/PDU/PDU3A/Outlet/Outlet6/RmsCurrent","random(10.0, 30.0, true)","Double"
"0","Exchange/DataCenterDemo/Site1/DataHall1/Section1/PDU/PDU9A/Outlet/Outlet14/RmsCurrent","random(10.0, 30.0, true)","Double"
"0","Exchange/DataCenterDemo/Site1/DataHall1/Section4/PDU/PDU8A/Outlet/Outlet10/RmsCurrent","random(10.0, 30.0, true)","Double"
"0","Exchange/DataCenterDemo/Site1/DataHall2/Section2/PDU/PDU11A/Outlet/Outlet15/RmsCurrent","random(10.0, 30.0, true)","Double"
"0","Exchange/DataCenterDemo/Site1/DataHall2/Section2/AHU/AHU4/Temperature/ReturnAirTemperature","sine(30.0, 34.0, 181.368, true)","Double"
"0","Exchange/DataCenterDemo/Site1/DataHall2/Section2/PDU/PDU3B/Outlet/Outlet14/RmsCurrent","random(10.0, 30.0, true)","Double"
"0","Exchange/DataCenterDemo/Site1/DataHall1/Section2/AHU/AHU6/Temperature/MixedAirTemperature","cosine(14.0, 16.0, 90.817, true)","Double"
"0","Exchange/DataCenterDemo/Site1/DataHall2/Section3/PDU/PDU3B/Outlet/Outlet12/RmsCurrent","random(10.0, 30.0, true)","Double"
"0","Exchange/DataCenterDemo/Site1/DataHall1/Section1/Heatmap/Aisle1/Sensor1/Temperature","random(18.0, 23.9, true)","Double"
"0","Exchange/DataCenterDemo/Site1/DataHall1/Section4/Breaker/Breaker2A/Metering/CurrentA","random(4300.0, 5800.0, true)","Double"
"0","Exchange/DataCenterDemo/Site1/DataHall1/Section4/Breaker/Breaker2A/Metering/CurrentB","random(4300.0, 5800.0, true)","Double"
"0","Exchange/DataCenterDemo/Site1/DataHall1/Section1/AHU/AHU1/Status/IsAhuRunning","1.0","Double"
"0","Exchange/DataCenterDemo/Site1/DataHall2/Section2/AHU/AHU3/Fan/FanSpeedCommand","square(70.0, 100.0, 94.089, true)","Double"
"0","Exchange/DataCenterDemo/Site1/DataHall1/Section2/PDU/PDU9A/Outlet/Outlet12/RmsCurrent","random(10.0, 30.0, true)","Double"
"0","Exchange/DataCenterDemo/Site1/DataHall2/Section2/PDU/PDU5B/Outlet/Outlet8/RmsCurrent","random(10.0, 30.0, true)","Double"
"0","Exchange/DataCenterDemo/Site1/DataHall1/Section1/PDU/PDU6B/Outlet/Outlet9/RmsCurrent","random(10.0, 30.0, true)","Double"
"0","Exchange/DataCenterDemo/Site1/DataHall1/Section1/PQM/PQM2A/Current/CurrentA","random(3750.0, 4100.0, true)","Double"
"0","Exchange/DataCenterDemo/Site1/DataHall2/Section3/Breaker/Breaker5A/Metering/CurrentA","random(4300.0, 5800.0, true)","Double"
"0","Exchange/DataCenterDemo/Site1/DataHall1/Section1/Heatmap/Aisle13/Sensor3/Humidity","cosine(46.0, 48.0, 108.668, true)","Double"
"0","Exchange/DataCenterDemo/Site1/DataHall2/Section1/PDU/PDU3A/Outlet/Outlet13/RmsCurrent","random(10.0, 30.0, true)","Double"
"0","Exchange/DataCenterDemo/Site1/DataHall1/Section1/PQM/PQM2A/Current/CurrentC","random(3750.0, 4100.0, true)","Double"
"0","Exchange/DataCenterDemo/Site1/DataHall1/Section4/PDU/PDU5A/Outlet/Outlet3/RmsCurrent","random(10.0, 30.0, true)","Double"
"0","Exchange/DataCenterDemo/Site1/DataHall2/Section3/Breaker/Breaker5A/Metering/CurrentC","random(4300.0, 5800.0, true)","Double"
"0","Exchange/DataCenterDemo/Site1/DataHall1/Section1/PQM/PQM2A/Current/CurrentB","random(3750.0, 4100.0, true)","Double"
"0","Exchange/DataCenterDemo/Site1/DataHall2/Section3/Breaker/Breaker5A/Metering/CurrentB","random(4300.0, 5800.0, true)","Double"
"0","Exchange/DataCenterDemo/Site1/DataHall1/Section3/PDU/PDU12A/Outlet/Outlet6/RmsCurrent","random(10.0, 30.0, true)","Double"
"0","Exchange/DataCenterDemo/Site1/DataHall2/Section3/AHU/AHU7/Temperature/SupplyAirTemperature","sine(21.0, 22.0, 99.34, true)","Double"
"0","Exchange/DataCenterDemo/Site1/DataHall1/Section1/PDU/PDU8B/Outlet/Outlet1/RmsCurrent","random(10.0, 30.0, true)","Double"
"0","Exchange/DataCenterDemo/Site1/DataHall1/Section1/PDU/PDU7B/Outlet/Outlet5/RmsCurrent","random(10.0, 30.0, true)","Double"
"0","Exchange/DataCenterDemo/Site1/DataHall2/Section3/PDU/PDU3A/Outlet/Outlet16/RmsCurrent","random(10.0, 30.0, true)","Double"
"0","Exchange/DataCenterDemo/Site1/DataHall1/Section4/PDU/PDU11B/Outlet/Outlet13/RmsCurrent","random(10.0, 30.0, true)","Double"
"0","Exchange/DataCenterDemo/Site1/DataHall2/Section2/PDU/PDU6B/Outlet/Outlet4/RmsCurrent","random(10.0, 30.0, true)","Double"
"0","Exchange/DataCenterDemo/Site1/DataHall1/Section4/Breaker/Breaker2A/Metering/CurrentC","random(4300.0, 5800.0, true)","Double"
"0","Exchange/DataCenterDemo/Site1/DataHall1/Section4/PDU/PDU4A/Outlet/Outlet7/RmsCurrent","random(10.0, 30.0, true)","Double"
"0","Exchange/DataCenterDemo/Site1/DataHall2/Section4/PDU/PDU1A/Outlet/Outlet11/RmsCurrent","random(10.0, 30.0, true)","Double"
"0","Exchange/DataCenterDemo/Site1/DataHall1/Section2/Breaker/Breaker5B/Metering/CurrentC","random(4300.0, 5800.0, true)","Double"
"0","Exchange/DataCenterDemo/Site1/DataHall2/Section4/AHU/AHU6/Fan/FanSpeedCommand","square(70.0, 100.0, 94.155, true)","Double"
"0","Exchange/DataCenterDemo/Site1/DataHall2/Section2/Heatmap/Aisle7/Sensor3/Humidity","cosine(46.0, 48.0, 101.54, true)","Double"
"0","Exchange/DataCenterDemo/Site1/DataHall2/Section3/Heatmap/Aisle9/Sensor2/Temperature","random(18.0, 23.9, true)","Double"
"0","Exchange/DataCenterDemo/Site1/DataHall2/Section3/Heatmap/Aisle1/Sensor2/Humidity","cosine(46.0, 48.0, 106.198, true)","Double"
"0","Exchange/DataCenterDemo/Site1/DataHall2/Section2/PDU/PDU9B/Outlet/Outlet15/RmsCurrent","random(10.0, 30.0, true)","Double"
"0","Exchange/DataCenterDemo/Site1/DataHall1/Section2/Breaker/Breaker5B/Metering/CurrentA","random(4300.0, 5800.0, true)","Double"
"0","Exchange/DataCenterDemo/Site1/DataHall1/Section2/Breaker/Breaker1A/Metering/VoltageMeanLL","random(470.0, 490.0, true)","Double"
"0","Exchange/DataCenterDemo/Site1/DataHall1/Section2/Breaker/Breaker5B/Metering/CurrentB","random(4300.0, 5800.0, true)","Double"
"0","Exchange/DataCenterDemo/Site1/DataHall1/Section1/PDU/PDU5B/Outlet/Outlet6/RmsCurrent","random(10.0, 30.0, true)","Double"
"0","Exchange/DataCenterDemo/Site1/DataHall2/Section1/Heatmap/Aisle12/Sensor2/Humidity","cosine(42.0, 44.0, 109.998, true)","Double"
"0","Exchange/DataCenterDemo/Site1/DataHall2/Section2/PQM/PQM2A/PQ/ThdVoltageAN","3.3","Double"
"0","Exchange/DataCenterDemo/Site1/DataHall2/Section4/PDU/PDU10B/Outlet/Outlet2/RmsCurrent","random(10.0, 30.0, true)","Double"
"0","Exchange/DataCenterDemo/Site1/DataHall1/Section4/Heatmap/Aisle11/Sensor1/Humidity","cosine(46.0, 48.0, 91.041, true)","Double"
"0","Exchange/DataCenterDemo/Site1/DataHall1/Section2/Heatmap/Aisle4/Sensor1/Humidity","cosine(42.0, 44.0, 90.189, true)","Double"
"0","Exchange/DataCenterDemo/Site1/DataHall2/Section1/PDU/PDU12A/Outlet/Outlet14/RmsCurrent","random(10.0, 30.0, true)","Double"
"0","Exchange/DataCenterDemo/Site1/DataHall1/Section4/UPS/UPS1B/Input/SystemInputPowerFactor","random(0.95, 0.98, true)","Double"
"0","Exchange/DataCenterDemo/Architecture/EAM/Agents/Edge 1/Independent/Metrics/Logging/Errors Per Hour","random(0.0, 5.0, true)","Double"
"0","Exchange/DataCenterDemo/Site1/DataHall2/Section2/PDU/PDU11B/Outlet/Outlet2/RmsCurrent","random(10.0, 30.0, true)","Double"
"0","Exchange/DataCenterDemo/Site1/DataHall1/Section1/PDU/PDU11B/Outlet/Outlet15/RmsCurrent","random(10.0, 30.0, true)","Double"
"0","Exchange/DataCenterDemo/Site1/DataHall1/Section2/AHU/AHU7/Status/IsAhuRunning","1.0","Double"
"0","Exchange/DataCenterDemo/Site1/DataHall2/Section1/PDU/PDU3B/Outlet/Outlet9/RmsCurrent","random(10.0, 30.0, true)","Double"
"0","Exchange/DataCenterDemo/Site1/DataHall1/Section1/PDU/PDU3A/Outlet/Outlet4/RmsCurrent","random(10.0, 30.0, true)","Double"
"0","Exchange/DataCenterDemo/Site1/DataHall1/Section4/PDU/PDU12B/Outlet/Outlet11/RmsCurrent","random(10.0, 30.0, true)","Double"
"0","Exchange/DataCenterDemo/Site1/DataHall2/Section1/UPS/UPS1B/Output/SystemOutputCurrentA","random(1500.0, 1800.0, true)","Double"
"0","Exchange/DataCenterDemo/Site1/DataHall1/Section3/PDU/PDU10B/Outlet/Outlet16/RmsCurrent","random(10.0, 30.0, true)","Double"
"0","Exchange/DataCenterDemo/Site1/DataHall2/Section1/UPS/UPS1B/Output/SystemOutputCurrentB","random(1500.0, 1800.0, true)","Double"
"0","Exchange/DataCenterDemo/Site1/DataHall1/Section4/AHU/AHU3/Temperature/ReturnAirTemperature","sine(30.0, 34.0, 184.581, true)","Double"
"0","Exchange/DataCenterDemo/Site1/DataHall2/Section1/UPS/UPS1B/Output/SystemOutputCurrentC","random(1500.0, 1800.0, true)","Double"
"0","Exchange/DataCenterDemo/Site1/DataHall2/Section1/UPS/UPS2A/Output/SystemOutputCurrentB","random(1500.0, 1800.0, true)","Double"
"0","Exchange/DataCenterDemo/Site1/DataHall1/Section1/PDU/PDU6B/Outlet/Outlet2/RmsCurrent","random(10.0, 30.0, true)","Double"
"0","Exchange/DataCenterDemo/Site1/DataHall2/Section1/UPS/UPS2A/Output/SystemOutputCurrentA","random(1500.0, 1800.0, true)","Double"
"0","Exchange/DataCenterDemo/Site1/DataHall2/Section1/UPS/UPS2A/Output/SystemOutputCurrentC","random(1500.0, 1800.0, true)","Double"
"0","Exchange/DataCenterDemo/Site1/DataHall1/Section2/PDU/PDU5B/Outlet/Outlet16/RmsCurrent","random(10.0, 30.0, true)","Double"
"0","Exchange/DataCenterDemo/Site1/DataHall2/Section2/PDU/PDU9A/Outlet/Outlet9/RmsCurrent","random(10.0, 30.0, true)","Double"
"0","Exchange/DataCenterDemo/Site1/DataHall2/Section3/PDU/PDU12A/Outlet/Outlet6/RmsCurrent","random(10.0, 30.0, true)","Double"
"0","Exchange/DataCenterDemo/Site1/DataHall2/Section1/Heatmap/Aisle9/Sensor2/Humidity","cosine(46.0, 48.0, 106.467, true)","Double"
"0","Exchange/DataCenterDemo/Site1/DataHall2/Section3/PDU/PDU10B/Outlet/Outlet4/RmsCurrent","random(10.0, 30.0, true)","Double"
"0","Exchange/DataCenterDemo/Site1/DataHall2/Section4/UPS/UPS1B/Input/SystemInputCurrentA","random(1600.0, 1900.0, true)","Double"
"0","Exchange/DataCenterDemo/Site1/DataHall1/Section2/Heatmap/Aisle8/Sensor3/Humidity","cosine(42.0, 44.0, 109.968, true)","Double"
"0","Exchange/DataCenterDemo/Site1/DataHall1/Section1/UPS/UPS1A/Output/SystemOutputVoltageCA","random(480.0, 480.5, true)","Double"
"0","Exchange/DataCenterDemo/Site1/DataHall2/Section4/PDU/PDU4A/Outlet/Outlet2/RmsCurrent","random(10.0, 30.0, true)","Double"
"0","Exchange/DataCenterDemo/Site1/DataHall1/Section4/PDU/PDU2A/Outlet/Outlet1/RmsCurrent","random(10.0, 30.0, true)","Double"
"0","Exchange/DataCenterDemo/Site1/DataHall1/Section4/Breaker/Breaker3B/Metering/VoltageMeanLL","random(470.0, 490.0, true)","Double"
"0","Exchange/DataCenterDemo/Site1/DataHall2/Section1/PDU/PDU4A/Outlet/Outlet9/RmsCurrent","random(10.0, 30.0, true)","Double"
"0","Exchange/DataCenterDemo/Site1/DataHall2/Section2/Heatmap/Aisle5/Sensor3/Temperature","random(18.0, 23.9, true)","Double"
"0","Exchange/DataCenterDemo/Site1/DataHall2/Section4/UPS/UPS1B/Input/SystemInputCurrentC","random(1600.0, 1900.0, true)","Double"
"0","Exchange/DataCenterDemo/Site1/DataHall2/Section4/UPS/UPS1B/Input/SystemInputCurrentB","random(1600.0, 1900.0, true)","Double"
"0","Exchange/DataCenterDemo/Site1/DataHall1/Section2/PDU/PDU9B/Outlet/Outlet15/RmsCurrent","random(10.0, 30.0, true)","Double"
"0","Exchange/DataCenterDemo/Site1/DataHall1/Section4/Breaker/Breaker5A/Metering/VoltageMeanLL","random(470.0, 490.0, true)","Double"
"0","Exchange/DataCenterDemo/Site1/DataHall2/Section3/Heatmap/Aisle1/Sensor3/Temperature","random(18.0, 23.9, true)","Double"
"0","Exchange/DataCenterDemo/Site1/DataHall2/Section4/PDU/PDU7B/Outlet/Outlet15/RmsCurrent","random(10.0, 30.0, true)","Double"
"0","Exchange/DataCenterDemo/Site1/DataHall1/Section1/PDU/PDU7A/Outlet/Outlet11/RmsCurrent","random(10.0, 30.0, true)","Double"
"0","Exchange/DataCenterDemo/Site1/DataHall2/Section2/PDU/PDU3B/Outlet/Outlet2/RmsCurrent","random(10.0, 30.0, true)","Double"
"0","Exchange/DataCenterDemo/Site1/DataHall1/Section4/PDU/PDU8B/Outlet/Outlet13/RmsCurrent","random(10.0, 30.0, true)","Double"
"0","Exchange/DataCenterDemo/Site1/DataHall1/Section4/PDU/PDU1A/Outlet/Outlet5/RmsCurrent","random(10.0, 30.0, true)","Double"
"0","Exchange/DataCenterDemo/Site1/DataHall2/Section2/PQM/PQM1B/PQ/ThdVoltageAN","3.3","Double"
"0","Exchange/DataCenterDemo/Site1/DataHall2/Section1/PDU/PDU3B/Outlet/Outlet16/RmsCurrent","random(10.0, 30.0, true)","Double"
"0","Exchange/DataCenterDemo/Site1/DataHall2/Section4/PDU/PDU11A/Outlet/Outlet8/RmsCurrent","random(10.0, 30.0, true)","Double"
"0","Exchange/DataCenterDemo/Site1/DataHall2/Section2/PDU/PDU7B/Outlet/Outlet7/RmsCurrent","random(10.0, 30.0, true)","Double"
"0","Exchange/DataCenterDemo/Site1/DataHall2/Section4/Heatmap/Aisle5/Sensor3/Humidity","cosine(46.0, 48.0, 95.365, true)","Double"
"0","Exchange/DataCenterDemo/Site1/DataHall1/Section1/UPS/UPS1A/Output/SystemOutputVoltageBC","random(480.0, 480.5, true)","Double"
"0","Exchange/DataCenterDemo/Site1/DataHall1/Section2/PDU/PDU10A/Outlet/Outlet2/RmsCurrent","random(10.0, 30.0, true)","Double"
"0","Exchange/DataCenterDemo/Site1/DataHall2/Section2/PDU/PDU2B/Outlet/Outlet6/RmsCurrent","random(10.0, 30.0, true)","Double"
"0","Exchange/DataCenterDemo/Site1/DataHall2/Section3/PDU/PDU9A/Outlet/Outlet10/RmsCurrent","random(10.0, 30.0, true)","Double"
"0","Exchange/DataCenterDemo/Site1/DataHall1/Section4/PDU/PDU3B/Outlet/Outlet16/RmsCurrent","random(10.0, 30.0, true)","Double"
"0","Exchange/DataCenterDemo/Site1/DataHall2/Section4/PQM/PQM1B/Freq/Frequency","ramp(59.7, 60.3, 1.099, true)","Double"
"0","Exchange/DataCenterDemo/Site1/DataHall1/Section1/Breaker/Breaker4B/Metering/VoltageMeanLL","random(470.0, 490.0, true)","Double"
"0","Exchange/DataCenterDemo/Site1/DataHall1/Section2/PDU/PDU8B/Outlet/Outlet8/RmsCurrent","random(10.0, 30.0, true)","Double"
"0","Exchange/DataCenterDemo/Site1/DataHall1/Section1/AHU/AHU7/Temperature/MixedAirTemperature","cosine(14.0, 16.0, 106.865, true)","Double"
"0","Exchange/DataCenterDemo/Architecture/EAM/Agents/Edge 4/Independent/Metrics/System/CPU Usage","ramp(3.0, 18.0, 0.901, true)","Double"
"0","Exchange/DataCenterDemo/Site1/DataHall2/Section1/PDU/PDU4B/Outlet/Outlet5/RmsCurrent","random(10.0, 30.0, true)","Double"
"0","Exchange/DataCenterDemo/Site1/DataHall2/Section1/PDU/PDU5B/Outlet/Outlet1/RmsCurrent","random(10.0, 30.0, true)","Double"
"0","Exchange/DataCenterDemo/Site1/DataHall2/Section4/PDU/PDU12A/Outlet/Outlet4/RmsCurrent","random(10.0, 30.0, true)","Double"
"0","Exchange/DataCenterDemo/Site1/DataHall1/Section2/PDU/PDU4B/Outlet/Outlet3/RmsCurrent","random(10.0, 30.0, true)","Double"
"0","Exchange/DataCenterDemo/Site1/DataHall1/Section1/UPS/UPS1A/Output/SystemOutputVoltageAB","random(480.0, 480.5, true)","Double"
"0","Exchange/DataCenterDemo/Site1/DataHall1/Section3/PDU/PDU5A/Outlet/Outlet11/RmsCurrent","random(10.0, 30.0, true)","Double"
"0","Exchange/DataCenterDemo/Site1/DataHall2/Section3/PDU/PDU11A/Outlet/Outlet3/RmsCurrent","random(10.0, 30.0, true)","Double"
"0","Exchange/DataCenterDemo/Site1/DataHall1/Section1/PDU/PDU9A/Outlet/Outlet7/RmsCurrent","random(10.0, 30.0, true)","Double"
"0","Exchange/DataCenterDemo/Site1/DataHall2/Section4/Heatmap/Aisle7/Sensor2/Humidity","cosine(46.0, 48.0, 99.068, true)","Double"
"0","Exchange/DataCenterDemo/Site1/DataHall1/Section3/PDU/PDU3A/Outlet/Outlet16/RmsCurrent","random(10.0, 30.0, true)","Double"
"0","Exchange/DataCenterDemo/Site1/DataHall1/Section3/UPS/UPS2B/Output/SystemOutputVoltageAB","random(480.0, 480.5, true)","Double"
"0","Exchange/DataCenterDemo/Site1/DataHall1/Section4/Heatmap/Aisle6/Sensor2/Temperature","random(38.0, 43.9, true)","Double"
"0","Exchange/DataCenterDemo/Site1/DataHall2/Section2/PDU/PDU9B/Outlet/Outlet5/RmsCurrent","random(10.0, 30.0, true)","Double"
"0","Exchange/DataCenterDemo/Site1/DataHall2/Section2/PDU/PDU6B/Outlet/Outlet15/RmsCurrent","random(10.0, 30.0, true)","Double"
"0","Exchange/DataCenterDemo/Site1/DataHall2/Section4/PDU/PDU11A/Outlet/Outlet1/RmsCurrent","random(10.0, 30.0, true)","Double"
"0","Exchange/DataCenterDemo/Site1/DataHall1/Section4/PDU/PDU2B/Outlet/Outlet12/RmsCurrent","random(10.0, 30.0, true)","Double"
"0","Exchange/DataCenterDemo/Site1/DataHall1/Section3/AHU/AHU2/Status/IsAhuRunning","1.0","Double"
"0","Exchange/DataCenterDemo/Site1/DataHall1/Section2/PDU/PDU3B/Outlet/Outlet14/RmsCurrent","random(10.0, 30.0, true)","Double"
"0","Exchange/DataCenterDemo/Site1/DataHall2/Section3/AHU/AHU4/Status/IsAhuRunning","1.0","Double"
"0","Exchange/DataCenterDemo/Site1/DataHall1/Section1/PDU/PDU5B/Outlet/Outlet11/RmsCurrent","random(10.0, 30.0, true)","Double"
"0","Exchange/DataCenterDemo/Site1/DataHall2/Section4/UPS/UPS2B/Input/SystemInputVoltageAB","random(470.0, 490.0, true)","Double"
"0","Exchange/DataCenterDemo/Site1/DataHall2/Section4/UPS/UPS1A/Input/SystemInputPowerFactor","random(0.95, 0.98, true)","Double"
"0","Exchange/DataCenterDemo/Site1/DataHall2/Section4/PDU/PDU8B/Outlet/Outlet3/RmsCurrent","random(10.0, 30.0, true)","Double"
"0","Exchange/DataCenterDemo/Site1/DataHall2/Section1/PDU/PDU3B/Outlet/Outlet2/RmsCurrent","random(10.0, 30.0, true)","Double"
"0","Exchange/DataCenterDemo/Site1/DataHall1/Section2/PDU/PDU10B/Outlet/Outlet6/RmsCurrent","random(10.0, 30.0, true)","Double"
"0","Exchange/DataCenterDemo/Site1/DataHall2/Section4/Heatmap/Aisle1/Sensor1/Humidity","cosine(46.0, 48.0, 102.061, true)","Double"
"0","Exchange/DataCenterDemo/Site1/DataHall1/Section4/PQM/PQM2A/Voltage/VoltageCN","cosine(276.0, 278.0, 93.946, true)","Double"
"0","Exchange/DataCenterDemo/Site1/DataHall2/Section4/PDU/PDU12A/Outlet/Outlet11/RmsCurrent","random(10.0, 30.0, true)","Double"
"0","Exchange/DataCenterDemo/Site1/DataHall2/Section1/PDU/PDU8A/Outlet/Outlet10/RmsCurrent","random(10.0, 30.0, true)","Double"
"0","Exchange/DataCenterDemo/Site1/DataHall2/Section4/PDU/PDU10A/Outlet/Outlet5/RmsCurrent","random(10.0, 30.0, true)","Double"
"0","Exchange/DataCenterDemo/Site1/DataHall1/Section3/UPS/UPS1A/Input/SystemInputVoltageAB","random(470.0, 490.0, true)","Double"
"0","Exchange/DataCenterDemo/Site1/DataHall1/Section4/PDU/PDU6A/Outlet/Outlet6/RmsCurrent","random(10.0, 30.0, true)","Double"
"0","Exchange/DataCenterDemo/Site1/DataHall1/Section2/PDU/PDU5A/Outlet/Outlet13/RmsCurrent","random(10.0, 30.0, true)","Double"
"0","Exchange/DataCenterDemo/Site1/DataHall1/Section3/PDU/PDU3B/Outlet/Outlet7/RmsCurrent","random(10.0, 30.0, true)","Double"
"0","Exchange/DataCenterDemo/Site1/DataHall1/Section4/PDU/PDU4A/Outlet/Outlet12/RmsCurrent","random(10.0, 30.0, true)","Double"
"0","Exchange/DataCenterDemo/Site1/DataHall1/Section4/Heatmap/Aisle4/Sensor2/Temperature","random(38.0, 43.9, true)","Double"
"0","Exchange/DataCenterDemo/Site1/DataHall1/Section3/Breaker/Breaker6B/Metering/CurrentC","random(4300.0, 5800.0, true)","Double"
"0","Exchange/DataCenterDemo/Site1/DataHall1/Section4/PDU/PDU7A/Outlet/Outlet2/RmsCurrent","random(10.0, 30.0, true)","Double"
"0","Exchange/DataCenterDemo/Site1/DataHall1/Section3/Breaker/Breaker6B/Metering/CurrentA","random(4300.0, 5800.0, true)","Double"
"0","Exchange/DataCenterDemo/Site1/DataHall2/Section1/PDU/PDU2B/Outlet/Outlet6/RmsCurrent","random(10.0, 30.0, true)","Double"
"0","Exchange/DataCenterDemo/Site1/DataHall2/Section4/AHU/AHU6/Fan/SupplyAirStaticPressure","cosine(210.0, 225.0, 95.055, true)","Double"
"0","Exchange/DataCenterDemo/Site1/DataHall1/Section3/Breaker/Breaker6B/Metering/CurrentB","random(4300.0, 5800.0, true)","Double"
"0","Exchange/DataCenterDemo/Site1/DataHall1/Section2/PDU/PDU11A/Outlet/Outlet12/RmsCurrent","random(10.0, 30.0, true)","Double"
"0","Exchange/DataCenterDemo/Site1/DataHall2/Section4/PDU/PDU10A/Outlet/Outlet6/RmsCurrent","random(10.0, 30.0, true)","Double"
"0","Exchange/DataCenterDemo/Site1/DataHall1/Section2/PDU/PDU4B/Outlet/Outlet12/RmsCurrent","random(10.0, 30.0, true)","Double"
"0","Exchange/DataCenterDemo/Site1/DataHall1/Section2/PDU/PDU8A/Outlet/Outlet4/RmsCurrent","random(10.0, 30.0, true)","Double"
"0","Exchange/DataCenterDemo/Site1/DataHall2/Section3/PDU/PDU5A/Outlet/Outlet5/RmsCurrent","random(10.0, 30.0, true)","Double"
"0","Exchange/DataCenterDemo/Site1/DataHall1/Section2/Breaker/Breaker6B/Metering/CurrentB","random(4300.0, 5800.0, true)","Double"
"0","Exchange/DataCenterDemo/Site1/DataHall1/Section2/Breaker/Breaker6B/Metering/CurrentC","random(4300.0, 5800.0, true)","Double"
"0","Exchange/DataCenterDemo/Site1/DataHall1/Section2/Heatmap/Aisle6/Sensor3/Temperature","random(38.0, 43.9, true)","Double"
"0","Exchange/DataCenterDemo/Site1/DataHall1/Section2/Breaker/Breaker6B/Metering/CurrentA","random(4300.0, 5800.0, true)","Double"
"0","Exchange/DataCenterDemo/Site1/DataHall1/Section3/UPS/UPS2B/Output/SystemOutputVoltageCA","random(480.0, 480.5, true)","Double"
"0","Exchange/DataCenterDemo/Site1/DataHall1/Section4/PDU/PDU3A/Outlet/Outlet13/RmsCurrent","random(10.0, 30.0, true)","Double"
"0","Exchange/DataCenterDemo/Site1/DataHall1/Section1/PDU/PDU2A/Outlet/Outlet8/RmsCurrent","random(10.0, 30.0, true)","Double"
"0","Exchange/DataCenterDemo/Site1/DataHall2/Section1/PQM/PQM1A/Freq/Frequency","ramp(59.7, 60.3, 1.038, true)","Double"
"0","Exchange/DataCenterDemo/Site1/DataHall2/Section3/PDU/PDU6A/Outlet/Outlet10/RmsCurrent","random(10.0, 30.0, true)","Double"
"0","Exchange/DataCenterDemo/Site1/DataHall1/Section1/PDU/PDU11B/Outlet/Outlet4/RmsCurrent","random(10.0, 30.0, true)","Double"
"0","Exchange/DataCenterDemo/Site1/DataHall1/Section3/Section/ItLoadMw","sine(850.0, 1150.0, 10.0, true)","Double"
"0","Exchange/DataCenterDemo/Site1/DataHall1/Section1/PDU/PDU2B/Outlet/Outlet5/RmsCurrent","random(10.0, 30.0, true)","Double"
"0","Exchange/DataCenterDemo/Site1/DataHall1/Section3/PDU/PDU4B/Outlet/Outlet10/RmsCurrent","random(10.0, 30.0, true)","Double"
"0","Exchange/DataCenterDemo/Site1/DataHall1/Section3/PDU/PDU3B/Outlet/Outlet11/RmsCurrent","random(10.0, 30.0, true)","Double"
"0","Exchange/DataCenterDemo/Site1/DataHall2/Section1/PDU/PDU7A/Outlet/Outlet3/RmsCurrent","random(10.0, 30.0, true)","Double"
"0","Exchange/DataCenterDemo/Site1/DataHall1/Section1/PDU/PDU1B/Outlet/Outlet9/RmsCurrent","random(10.0, 30.0, true)","Double"
"0","Exchange/DataCenterDemo/Site1/DataHall2/Section4/PDU/PDU4B/Outlet/Outlet15/RmsCurrent","random(10.0, 30.0, true)","Double"
"0","Exchange/DataCenterDemo/Site1/DataHall1/Section3/AHU/AHU4/Status/IsAhuRunning","1.0","Double"
"0","Exchange/DataCenterDemo/Site1/DataHall2/Section2/Heatmap/Aisle4/Sensor2/Temperature","random(38.0, 43.9, true)","Double"
"0","Exchange/DataCenterDemo/Site1/DataHall1/Section1/Heatmap/Aisle9/Sensor2/Temperature","random(18.0, 23.9, true)","Double"
"0","Exchange/DataCenterDemo/Site1/DataHall2/Section4/UPS/UPS2B/Input/SystemInputVoltageCA","random(470.0, 490.0, true)","Double"
"0","Exchange/DataCenterDemo/Site1/DataHall2/Section3/PDU/PDU6A/Outlet/Outlet1/RmsCurrent","random(10.0, 30.0, true)","Double"
"0","Exchange/DataCenterDemo/Site1/DataHall1/Section1/PDU/PDU5A/Outlet/Outlet15/RmsCurrent","random(10.0, 30.0, true)","Double"
"0","Exchange/DataCenterDemo/Site1/DataHall2/Section1/Heatmap/Aisle8/Sensor3/Humidity","cosine(42.0, 44.0, 90.0, true)","Double"
"0","Exchange/DataCenterDemo/Site1/DataHall1/Section3/UPS/UPS2B/Output/SystemOutputVoltageBC","random(480.0, 480.5, true)","Double"
"0","Exchange/DataCenterDemo/Site1/DataHall2/Section3/Breaker/Breaker6A/Metering/CurrentC","random(4300.0, 5800.0, true)","Double"
"0","Exchange/DataCenterDemo/Site1/DataHall2/Section3/Breaker/Breaker6A/Metering/CurrentB","random(4300.0, 5800.0, true)","Double"
"0","Exchange/DataCenterDemo/Site1/DataHall2/Section3/Breaker/Breaker6A/Metering/CurrentA","random(4300.0, 5800.0, true)","Double"
"0","Exchange/DataCenterDemo/Architecture/EAM/Agents/Backend - Backup/Backup/Metrics/Sessions/Clients","random(0.0, 5.0, true)","Double"
"0","Exchange/DataCenterDemo/Site1/DataHall1/Section1/PDU/PDU11A/Outlet/Outlet12/RmsCurrent","random(10.0, 30.0, true)","Double"
"0","Exchange/DataCenterDemo/Site1/DataHall2/Section2/Heatmap/Aisle10/Sensor2/Temperature","random(38.0, 43.9, true)","Double"
"0","Exchange/DataCenterDemo/Site1/DataHall1/Section2/Heatmap/Aisle4/Sensor3/Temperature","random(38.0, 43.9, true)","Double"
"0","Exchange/DataCenterDemo/Site1/DataHall1/Section1/PDU/PDU5A/Outlet/Outlet16/RmsCurrent","random(10.0, 30.0, true)","Double"
"0","Exchange/DataCenterDemo/Site1/DataHall1/Section3/Heatmap/Aisle8/Sensor2/Temperature","random(38.0, 43.9, true)","Double"
"0","Exchange/DataCenterDemo/Site1/DataHall1/Section3/PDU/PDU4A/Outlet/Outlet14/RmsCurrent","random(10.0, 30.0, true)","Double"
"0","Exchange/DataCenterDemo/Site1/DataHall2/Section2/AHU/AHU2/Temperature/MixedAirTemperature","cosine(14.0, 16.0, 104.714, true)","Double"
"0","Exchange/DataCenterDemo/Site1/DataHall2/Section2/PDU/PDU1B/Outlet/Outlet3/RmsCurrent","random(10.0, 30.0, true)","Double"
"0","Exchange/DataCenterDemo/Site1/DataHall2/Section1/PDU/PDU6A/Outlet/Outlet7/RmsCurrent","random(10.0, 30.0, true)","Double"
"0","Exchange/DataCenterDemo/Site1/DataHall1/Section1/Heatmap/Aisle13/Sensor1/Temperature","random(18.0, 23.9, true)","Double"
"0","Exchange/DataCenterDemo/Site1/DataHall2/Section4/UPS/UPS2B/Input/SystemInputVoltageBC","random(470.0, 490.0, true)","Double"
"0","Exchange/DataCenterDemo/Site1/DataHall1/Section3/Breaker/Breaker5A/Metering/VoltageMeanLL","random(470.0, 490.0, true)","Double"
"0","Exchange/DataCenterDemo/Site1/DataHall1/Section3/PDU/PDU6A/Outlet/Outlet10/RmsCurrent","random(10.0, 30.0, true)","Double"
"0","Exchange/DataCenterDemo/Site1/DataHall1/Section4/PDU/PDU9A/Outlet/Outlet1/RmsCurrent","random(10.0, 30.0, true)","Double"
"0","Exchange/DataCenterDemo/Site1/DataHall2/Section2/PDU/PDU5A/Outlet/Outlet14/RmsCurrent","random(10.0, 30.0, true)","Double"
"0","Exchange/DataCenterDemo/Site1/DataHall1/Section2/Breaker/Breaker6B/Metering/VoltageMeanLL","random(470.0, 490.0, true)","Double"
"0","Exchange/DataCenterDemo/Site1/DataHall1/Section4/PDU/PDU1B/Outlet/Outlet13/RmsCurrent","random(10.0, 30.0, true)","Double"
"0","Exchange/DataCenterDemo/Site1/DataHall2/Section1/PDU/PDU1B/Outlet/Outlet3/RmsCurrent","random(10.0, 30.0, true)","Double"
"0","Exchange/DataCenterDemo/Site1/DataHall1/Section1/PDU/PDU8B/Outlet/Outlet8/RmsCurrent","random(10.0, 30.0, true)","Double"
"0","Exchange/DataCenterDemo/Site1/DataHall1/Section2/AHU/AHU3/Temperature/SupplyAirTemperature","sine(21.0, 22.0, 91.514, true)","Double"
"0","Exchange/DataCenterDemo/Site1/DataHall2/Section3/PDU/PDU9B/Outlet/Outlet13/RmsCurrent","random(10.0, 30.0, true)","Double"
"0","Exchange/DataCenterDemo/Architecture/EAM/Agents/Backend - Backup/Backup/Metrics/System/CPU Usage","ramp(3.0, 18.0, 1.096, true)","Double"
"0","Exchange/DataCenterDemo/Site1/DataHall2/Section3/Heatmap/Aisle8/Sensor1/Temperature","random(38.0, 43.9, true)","Double"
"0","Exchange/DataCenterDemo/Site1/DataHall1/Section1/PDU/PDU6B/Outlet/Outlet10/RmsCurrent","random(10.0, 30.0, true)","Double"
"0","Exchange/DataCenterDemo/Site1/DataHall2/Section3/Heatmap/Aisle10/Sensor2/Temperature","random(38.0, 43.9, true)","Double"
"0","Exchange/DataCenterDemo/Site1/DataHall1/Section4/PQM/PQM2A/Voltage/VoltageAB","cosine(478.0, 481.0, 105.915, true)","Double"
"0","Exchange/DataCenterDemo/Site1/DataHall1/Section4/AHU/AHU3/Temperature/SupplyAirTemperature","sine(21.0, 22.0, 101.194, true)","Double"
"0","Exchange/DataCenterDemo/Site1/DataHall1/Section4/PDU/PDU1A/Outlet/Outlet6/RmsCurrent","random(10.0, 30.0, true)","Double"
"0","Exchange/DataCenterDemo/Site1/DataHall2/Section3/PDU/PDU4B/Outlet/Outlet10/RmsCurrent","random(10.0, 30.0, true)","Double"
"0","Exchange/DataCenterDemo/Site1/DataHall1/Section2/PDU/PDU5B/Outlet/Outlet6/RmsCurrent","random(10.0, 30.0, true)","Double"
"0","Exchange/DataCenterDemo/Site1/DataHall1/Section1/PDU/PDU6A/Outlet/Outlet14/RmsCurrent","random(10.0, 30.0, true)","Double"
"0","Exchange/DataCenterDemo/Site1/DataHall1/Section4/PDU/PDU4B/Outlet/Outlet15/RmsCurrent","random(10.0, 30.0, true)","Double"
"0","Exchange/DataCenterDemo/Site1/DataHall2/Section3/AHU/AHU7/Temperature/ReturnAirTemperature","sine(30.0, 34.0, 182.494, true)","Double"
"0","Exchange/DataCenterDemo/Site1/DataHall1/Section3/PDU/PDU10A/Outlet/Outlet7/RmsCurrent","random(10.0, 30.0, true)","Double"
"0","Exchange/DataCenterDemo/Site1/DataHall1/Section1/PDU/PDU9B/Outlet/Outlet4/RmsCurrent","random(10.0, 30.0, true)","Double"
"0","Exchange/DataCenterDemo/Site1/DataHall1/Section2/PDU/PDU2B/Outlet/Outlet15/RmsCurrent","random(10.0, 30.0, true)","Double"
"0","Exchange/DataCenterDemo/Site1/DataHall1/Section3/PDU/PDU9A/Outlet/Outlet8/RmsCurrent","random(10.0, 30.0, true)","Double"
"0","Exchange/DataCenterDemo/Site1/DataHall2/Section2/PDU/PDU7B/Outlet/Outlet6/RmsCurrent","random(10.0, 30.0, true)","Double"
"0","Exchange/DataCenterDemo/Site1/DataHall2/Section1/PDU/PDU10B/Outlet/Outlet14/RmsCurrent","random(10.0, 30.0, true)","Double"
"0","Exchange/DataCenterDemo/Site1/DataHall1/Section2/AHU/AHU3/Fan/FanSpeedCommand","square(70.0, 100.0, 90.374, true)","Double"
"0","Exchange/DataCenterDemo/Site1/DataHall1/Section1/PDU/PDU1B/Outlet/Outlet2/RmsCurrent","random(10.0, 30.0, true)","Double"
"0","Exchange/DataCenterDemo/Site1/DataHall1/Section2/UPS/UPS2B/Input/SystemInputPowerFactor","random(0.95, 0.98, true)","Double"
"0","Exchange/DataCenterDemo/Site1/DataHall1/Section4/PDU/PDU8B/Outlet/Outlet7/RmsCurrent","random(10.0, 30.0, true)","Double"
"0","Exchange/DataCenterDemo/Site1/DataHall2/Section1/PDU/PDU5B/Outlet/Outlet12/RmsCurrent","random(10.0, 30.0, true)","Double"
"0","Exchange/DataCenterDemo/Site1/DataHall1/Section3/AHU/AHU5/Temperature/MixedAirTemperature","cosine(14.0, 16.0, 110.0, true)","Double"
"0","Exchange/DataCenterDemo/Site1/DataHall2/Section1/PDU/PDU5A/Outlet/Outlet16/RmsCurrent","random(10.0, 30.0, true)","Double"
"0","Exchange/DataCenterDemo/Site1/DataHall1/Section1/PDU/PDU12A/Outlet/Outlet11/RmsCurrent","random(10.0, 30.0, true)","Double"
"0","Exchange/DataCenterDemo/Site1/DataHall1/Section3/PDU/PDU3A/Outlet/Outlet15/RmsCurrent","random(10.0, 30.0, true)","Double"
"0","Exchange/DataCenterDemo/Site1/DataHall2/Section4/PDU/PDU9A/Outlet/Outlet15/RmsCurrent","random(10.0, 30.0, true)","Double"
"0","Exchange/DataCenterDemo/Site1/DataHall1/Section2/PDU/PDU11A/Outlet/Outlet5/RmsCurrent","random(10.0, 30.0, true)","Double"
"0","Exchange/DataCenterDemo/Site1/DataHall1/Section2/AHU/AHU5/Temperature/MixedAirTemperature","cosine(14.0, 16.0, 95.678, true)","Double"
"0","Exchange/DataCenterDemo/Site1/DataHall2/Section2/PDU/PDU6A/Outlet/Outlet12/RmsCurrent","random(10.0, 30.0, true)","Double"
"0","Exchange/DataCenterDemo/Site1/DataHall1/Section3/Breaker/Breaker4B/Metering/CurrentC","random(4300.0, 5800.0, true)","Double"
"0","Exchange/DataCenterDemo/Site1/DataHall2/Section2/PDU/PDU8B/Outlet/Outlet2/RmsCurrent","random(10.0, 30.0, true)","Double"
"0","Exchange/DataCenterDemo/Site1/DataHall2/Section3/PDU/PDU12A/Outlet/Outlet7/RmsCurrent","random(10.0, 30.0, true)","Double"
"0","Exchange/DataCenterDemo/Site1/DataHall1/Section3/Breaker/Breaker4B/Metering/CurrentA","random(4300.0, 5800.0, true)","Double"
"0","Exchange/DataCenterDemo/Site1/DataHall1/Section3/Breaker/Breaker4B/Metering/CurrentB","random(4300.0, 5800.0, true)","Double"
"0","Exchange/DataCenterDemo/Site1/DataHall2/Section1/PDU/PDU6B/Outlet/Outlet10/RmsCurrent","random(10.0, 30.0, true)","Double"
"0","Exchange/DataCenterDemo/Site1/DataHall2/Section1/Heatmap/Aisle11/Sensor3/Humidity","cosine(46.0, 48.0, 93.329, true)","Double"
"0","Exchange/DataCenterDemo/Site1/DataHall2/Section4/PDU/PDU1A/Outlet/Outlet7/RmsCurrent","random(10.0, 30.0, true)","Double"
"0","Exchange/DataCenterDemo/Site1/DataHall1/Section4/UPS/UPS2B/Input/SystemInputVoltageBC","random(470.0, 490.0, true)","Double"
"0","Exchange/DataCenterDemo/Site1/DataHall2/Section2/AHU/AHU1/Fan/SupplyAirStaticPressure","cosine(210.0, 225.0, 99.34, true)","Double"
"0","Exchange/DataCenterDemo/Site1/DataHall1/Section2/PDU/PDU3B/Outlet/Outlet13/RmsCurrent","random(10.0, 30.0, true)","Double"
"0","Exchange/DataCenterDemo/Site1/DataHall1/Section4/PQM/PQM2A/Voltage/VoltageBN","cosine(276.0, 278.0, 95.282, true)","Double"
"0","Exchange/DataCenterDemo/Site1/DataHall2/Section4/PDU/PDU9A/Outlet/Outlet2/RmsCurrent","random(10.0, 30.0, true)","Double"
"0","Exchange/DataCenterDemo/Site1/DataHall2/Section4/PDU/PDU12B/Outlet/Outlet14/RmsCurrent","random(10.0, 30.0, true)","Double"
"0","Exchange/DataCenterDemo/Site1/DataHall1/Section3/PDU/PDU11A/Outlet/Outlet3/RmsCurrent","random(10.0, 30.0, true)","Double"
"0","Exchange/DataCenterDemo/Site1/DataHall1/Section4/PDU/PDU7A/Outlet/Outlet9/RmsCurrent","random(10.0, 30.0, true)","Double"
"0","Exchange/DataCenterDemo/Site1/DataHall1/Section3/Heatmap/Aisle2/Sensor3/Temperature","random(38.0, 43.9, true)","Double"
"0","Exchange/DataCenterDemo/Site1/DataHall1/Section3/UPS/UPS1A/Input/SystemInputVoltageCA","random(470.0, 490.0, true)","Double"
"0","Exchange/DataCenterDemo/Site1/DataHall1/Section2/UPS/UPS1B/Battery/BatteryCapacityRemaining","ramp(95.0, 99.0, 101.716, true)","Double"
"0","Exchange/DataCenterDemo/Site1/DataHall1/Section3/UPS/UPS1A/Input/SystemInputVoltageBC","random(470.0, 490.0, true)","Double"
"0","Exchange/DataCenterDemo/Site1/DataHall1/Section3/Heatmap/Aisle9/Sensor2/Humidity","cosine(46.0, 48.0, 96.741, true)","Double"
"0","Exchange/DataCenterDemo/Site1/DataHall2/Section3/PDU/PDU4A/Outlet/Outlet2/RmsCurrent","random(10.0, 30.0, true)","Double"
"0","Exchange/DataCenterDemo/Site1/DataHall2/Section2/Heatmap/Aisle8/Sensor2/Humidity","cosine(42.0, 44.0, 106.471, true)","Double"
"0","Exchange/DataCenterDemo/Site1/DataHall1/Section4/UPS/UPS2B/Input/SystemInputVoltageCA","random(470.0, 490.0, true)","Double"
"0","Exchange/DataCenterDemo/Site1/DataHall1/Section4/PQM/PQM2A/Voltage/VoltageCA","cosine(478.0, 481.0, 90.032, true)","Double"
"0","Exchange/DataCenterDemo/Site1/DataHall1/Section4/PDU/PDU11A/Outlet/Outlet1/RmsCurrent","random(10.0, 30.0, true)","Double"
"0","Exchange/DataCenterDemo/Site1/DataHall1/Section2/PDU/PDU9A/Outlet/Outlet7/RmsCurrent","random(10.0, 30.0, true)","Double"
"0","Exchange/DataCenterDemo/Site1/DataHall2/Section3/Heatmap/Aisle2/Sensor1/Humidity","cosine(42.0, 44.0, 90.01, true)","Double"
"0","Exchange/DataCenterDemo/Site1/DataHall2/Section4/PDU/PDU11A/Outlet/Outlet9/RmsCurrent","random(10.0, 30.0, true)","Double"
"0","Exchange/DataCenterDemo/Site1/DataHall1/Section4/PDU/PDU8A/Outlet/Outlet5/RmsCurrent","random(10.0, 30.0, true)","Double"
"0","Exchange/DataCenterDemo/Site1/DataHall2/Section1/PDU/PDU5A/Outlet/Outlet4/RmsCurrent","random(10.0, 30.0, true)","Double"
"0","Exchange/DataCenterDemo/Site1/DataHall1/Section3/PDU/PDU2A/Outlet/Outlet9/RmsCurrent","random(10.0, 30.0, true)","Double"
"0","Exchange/DataCenterDemo/Site1/DataHall1/Section4/PQM/PQM2A/Voltage/VoltageAN","cosine(276.0, 278.0, 109.981, true)","Double"
"0","Exchange/DataCenterDemo/Site1/DataHall2/Section2/PDU/PDU12A/Outlet/Outlet1/RmsCurrent","random(10.0, 30.0, true)","Double"
"0","Exchange/DataCenterDemo/Site1/DataHall2/Section4/PDU/PDU2A/Outlet/Outlet3/RmsCurrent","random(10.0, 30.0, true)","Double"
"0","Exchange/DataCenterDemo/Site1/DataHall1/Section1/PDU/PDU10B/Outlet/Outlet1/RmsCurrent","random(10.0, 30.0, true)","Double"
"0","Exchange/DataCenterDemo/Site1/DataHall1/Section1/AHU/AHU2/Fan/SupplyAirStaticPressure","cosine(210.0, 225.0, 109.934, true)","Double"
"0","Exchange/DataCenterDemo/Site1/DataHall2/Section3/Heatmap/Aisle10/Sensor3/Humidity","cosine(42.0, 44.0, 101.195, true)","Double"
"0","Exchange/DataCenterDemo/Site1/DataHall2/Section3/Section/CoolingCapacity","cosine(0.6, 0.65, 109.035, true)","Double"
"0","Exchange/DataCenterDemo/Site1/DataHall2/Section4/PDU/PDU4A/Outlet/Outlet12/RmsCurrent","random(10.0, 30.0, true)","Double"
"0","Exchange/DataCenterDemo/Site1/DataHall1/Section1/Heatmap/Aisle3/Sensor2/Humidity","cosine(46.0, 48.0, 102.151, true)","Double"
"0","Exchange/DataCenterDemo/Site1/DataHall1/Section4/PDU/PDU10A/Outlet/Outlet5/RmsCurrent","random(10.0, 30.0, true)","Double"
"0","Exchange/DataCenterDemo/Site1/DataHall1/Section2/PDU/PDU6A/Outlet/Outlet12/RmsCurrent","random(10.0, 30.0, true)","Double"
"0","Exchange/DataCenterDemo/Site1/DataHall1/Section3/Heatmap/Aisle13/Sensor3/Humidity","cosine(46.0, 48.0, 90.682, true)","Double"
"0","Exchange/DataCenterDemo/Site1/DataHall1/Section1/PDU/PDU4A/Outlet/Outlet7/RmsCurrent","random(10.0, 30.0, true)","Double"
"0","Exchange/DataCenterDemo/Site1/DataHall1/Section4/PQM/PQM2A/Voltage/VoltageBC","cosine(478.0, 481.0, 104.87, true)","Double"
"0","Exchange/DataCenterDemo/Site1/DataHall1/Section3/PDU/PDU3A/Outlet/Outlet5/RmsCurrent","random(10.0, 30.0, true)","Double"
"0","Exchange/DataCenterDemo/Site1/DataHall1/Section3/PDU/PDU9B/Outlet/Outlet12/RmsCurrent","random(10.0, 30.0, true)","Double"
"0","Exchange/DataCenterDemo/Site1/DataHall2/Section1/PDU/PDU10B/Outlet/Outlet7/RmsCurrent","random(10.0, 30.0, true)","Double"
"0","Exchange/DataCenterDemo/Site1/DataHall2/Section2/PDU/PDU4A/Outlet/Outlet15/RmsCurrent","random(10.0, 30.0, true)","Double"
"0","Exchange/DataCenterDemo/Site1/DataHall1/Section2/Heatmap/Aisle2/Sensor3/Humidity","cosine(42.0, 44.0, 99.513, true)","Double"
"0","Exchange/DataCenterDemo/Site1/DataHall2/Section2/Breaker/Breaker5A/Metering/VoltageMeanLL","random(470.0, 490.0, true)","Double"
"0","Exchange/DataCenterDemo/Site1/DataHall2/Section2/UPS/UPS2A/Input/SystemInputVoltageCA","random(470.0, 490.0, true)","Double"
"0","Exchange/DataCenterDemo/Site1/DataHall2/Section1/PDU/PDU4A/Outlet/Outlet8/RmsCurrent","random(10.0, 30.0, true)","Double"
"0","Exchange/DataCenterDemo/Site1/DataHall2/Section3/PDU/PDU5B/Outlet/Outlet7/RmsCurrent","random(10.0, 30.0, true)","Double"
"0","Exchange/DataCenterDemo/Site1/DataHall2/Section2/PDU/PDU2A/Outlet/Outlet14/RmsCurrent","random(10.0, 30.0, true)","Double"
"0","Exchange/DataCenterDemo/Site1/DataHall1/Section3/PDU/PDU8A/Outlet/Outlet13/RmsCurrent","random(10.0, 30.0, true)","Double"
"0","Exchange/DataCenterDemo/Site1/DataHall2/Section3/AHU/AHU2/Fan/FanSpeedCommand","square(70.0, 100.0, 102.234, true)","Double"
"0","Exchange/DataCenterDemo/Site1/DataHall2/Section3/Heatmap/Aisle3/Sensor1/Temperature","random(18.0, 23.9, true)","Double"
"0","Exchange/DataCenterDemo/Site1/DataHall2/Section3/Heatmap/Aisle3/Sensor3/Temperature","random(18.0, 23.9, true)","Double"
"0","Exchange/DataCenterDemo/Site1/DataHall2/Section3/PDU/PDU2A/Outlet/Outlet4/RmsCurrent","random(10.0, 30.0, true)","Double"
"0","Exchange/DataCenterDemo/Site1/DataHall2/Section1/PDU/PDU11A/Outlet/Outlet15/RmsCurrent","random(10.0, 30.0, true)","Double"
"0","Exchange/DataCenterDemo/Site1/DataHall1/Section1/Heatmap/Aisle10/Sensor1/Humidity","cosine(42.0, 44.0, 91.289, true)","Double"
"0","Exchange/DataCenterDemo/Site1/DataHall1/Section4/Breaker/Breaker5B/Metering/VoltageMeanLL","random(470.0, 490.0, true)","Double"
"0","Exchange/DataCenterDemo/Site1/DataHall1/Section3/AHU/AHU7/Fan/SupplyAirStaticPressure","cosine(210.0, 225.0, 108.439, true)","Double"
"0","Exchange/DataCenterDemo/Site1/DataHall1/Section4/Heatmap/Aisle12/Sensor2/Temperature","random(38.0, 43.9, true)","Double"
"0","Exchange/DataCenterDemo/Site1/DataHall2/Section4/PDU/PDU8A/Outlet/Outlet7/RmsCurrent","random(10.0, 30.0, true)","Double"
"0","Exchange/DataCenterDemo/Site1/DataHall1/Section4/UPS/UPS2B/Input/SystemInputVoltageAB","random(470.0, 490.0, true)","Double"
"0","Exchange/DataCenterDemo/Site1/DataHall1/Section3/PDU/PDU6B/Outlet/Outlet8/RmsCurrent","random(10.0, 30.0, true)","Double"
"0","Exchange/DataCenterDemo/Site1/DataHall2/Section4/PDU/PDU5B/Outlet/Outlet7/RmsCurrent","random(10.0, 30.0, true)","Double"
"0","Exchange/DataCenterDemo/Site1/DataHall1/Section4/PDU/PDU1A/Outlet/Outlet10/RmsCurrent","random(10.0, 30.0, true)","Double"
"0","Exchange/DataCenterDemo/Site1/DataHall1/Section2/Heatmap/Aisle10/Sensor2/Humidity","cosine(42.0, 44.0, 91.203, true)","Double"
"0","Exchange/DataCenterDemo/Site1/DataHall2/Section2/PDU/PDU2A/Outlet/Outlet4/RmsCurrent","random(10.0, 30.0, true)","Double"
"0","Exchange/DataCenterDemo/Site1/DataHall2/Section3/PDU/PDU2B/Outlet/Outlet13/RmsCurrent","random(10.0, 30.0, true)","Double"
"0","Exchange/DataCenterDemo/Site1/DataHall1/Section1/Heatmap/Aisle3/Sensor1/Temperature","random(18.0, 23.9, true)","Double"
"0","Exchange/DataCenterDemo/Site1/DataHall2/Section4/Heatmap/Aisle3/Sensor2/Temperature","random(18.0, 23.9, true)","Double"
"0","Exchange/DataCenterDemo/Site1/DataHall1/Section2/PDU/PDU8B/Outlet/Outlet11/RmsCurrent","random(10.0, 30.0, true)","Double"
"0","Exchange/DataCenterDemo/Site1/DataHall1/Section1/PDU/PDU6A/Outlet/Outlet5/RmsCurrent","random(10.0, 30.0, true)","Double"
"0","Exchange/DataCenterDemo/Site1/DataHall1/Section1/PQM/PQM2B/Current/CurrentC","random(3750.0, 4100.0, true)","Double"
"0","Exchange/DataCenterDemo/Site1/DataHall2/Section1/Heatmap/Aisle11/Sensor2/Humidity","cosine(46.0, 48.0, 109.55, true)","Double"
"0","Exchange/DataCenterDemo/Site1/DataHall1/Section1/PQM/PQM2B/Current/CurrentB","random(3750.0, 4100.0, true)","Double"
"0","Exchange/DataCenterDemo/Site1/DataHall2/Section1/PDU/PDU2B/Outlet/Outlet12/RmsCurrent","random(10.0, 30.0, true)","Double"
"0","Exchange/DataCenterDemo/Site1/DataHall1/Section1/PQM/PQM2B/Current/CurrentA","random(3750.0, 4100.0, true)","Double"
"0","Exchange/DataCenterDemo/Site1/DataHall1/Section4/PDU/PDU2A/Outlet/Outlet9/RmsCurrent","random(10.0, 30.0, true)","Double"
"0","Exchange/DataCenterDemo/Site1/DataHall2/Section4/PDU/PDU2A/Outlet/Outlet10/RmsCurrent","random(10.0, 30.0, true)","Double"
"0","Exchange/DataCenterDemo/Site1/DataHall1/Section3/PDU/PDU6B/Outlet/Outlet3/RmsCurrent","random(10.0, 30.0, true)","Double"
"0","Exchange/DataCenterDemo/Site1/DataHall2/Section2/PDU/PDU10A/Outlet/Outlet11/RmsCurrent","random(10.0, 30.0, true)","Double"
"0","Exchange/DataCenterDemo/Site1/DataHall2/Section4/PDU/PDU2B/Outlet/Outlet7/RmsCurrent","random(10.0, 30.0, true)","Double"
"0","Exchange/DataCenterDemo/Site1/DataHall2/Section4/PDU/PDU8B/Outlet/Outlet14/RmsCurrent","random(10.0, 30.0, true)","Double"
"0","Exchange/DataCenterDemo/Site1/DataHall2/Section4/PDU/PDU2A/Outlet/Outlet15/RmsCurrent","random(10.0, 30.0, true)","Double"
"0","Exchange/DataCenterDemo/Site1/DataHall2/Section4/Heatmap/Aisle6/Sensor3/Humidity","cosine(42.0, 44.0, 93.074, true)","Double"
"0","Exchange/DataCenterDemo/Site1/DataHall2/Section2/UPS/UPS2A/Input/SystemInputVoltageAB","random(470.0, 490.0, true)","Double"
"0","Exchange/DataCenterDemo/Site1/DataHall1/Section3/UPS/UPS1B/Output/SystemOutputVoltageBC","random(480.0, 480.5, true)","Double"
"0","Exchange/DataCenterDemo/Site1/DataHall2/Section2/PDU/PDU12A/Outlet/Outlet14/RmsCurrent","random(10.0, 30.0, true)","Double"
"0","Exchange/DataCenterDemo/Site1/DataHall1/Section2/PDU/PDU6A/Outlet/Outlet5/RmsCurrent","random(10.0, 30.0, true)","Double"
"0","Exchange/DataCenterDemo/Site1/DataHall2/DataHall/PowerUsageEffectiveness","random(1.15, 1.3, false)","Double"
"0","Exchange/DataCenterDemo/Site1/DataHall2/Section3/Breaker/Breaker4A/Metering/CurrentC","random(4300.0, 5800.0, true)","Double"
"0","Exchange/DataCenterDemo/Site1/DataHall2/Section3/Breaker/Breaker4A/Metering/CurrentB","random(4300.0, 5800.0, true)","Double"
"0","Exchange/DataCenterDemo/Site1/DataHall2/Section3/Breaker/Breaker4A/Metering/CurrentA","random(4300.0, 5800.0, true)","Double"
"0","Exchange/DataCenterDemo/Site1/DataHall2/Section3/PDU/PDU5B/Outlet/Outlet2/RmsCurrent","random(10.0, 30.0, true)","Double"
"0","Exchange/DataCenterDemo/Site1/DataHall1/Section3/PDU/PDU11B/Outlet/Outlet7/RmsCurrent","random(10.0, 30.0, true)","Double"
"0","Exchange/DataCenterDemo/Site1/DataHall1/Section2/PDU/PDU6B/Outlet/Outlet15/RmsCurrent","random(10.0, 30.0, true)","Double"
"0","Exchange/DataCenterDemo/Site1/DataHall1/Section2/Breaker/Breaker4B/Metering/VoltageMeanLL","random(470.0, 490.0, true)","Double"
"0","Exchange/DataCenterDemo/Site1/DataHall1/Section2/PDU/PDU3A/Outlet/Outlet10/RmsCurrent","random(10.0, 30.0, true)","Double"
"0","Exchange/DataCenterDemo/Site1/DataHall1/Section4/PDU/PDU11B/Outlet/Outlet12/RmsCurrent","random(10.0, 30.0, true)","Double"
"0","Exchange/DataCenterDemo/Site1/DataHall2/Section2/PDU/PDU12A/Outlet/Outlet9/RmsCurrent","random(10.0, 30.0, true)","Double"
"0","Exchange/DataCenterDemo/Site1/DataHall2/Section2/UPS/UPS2A/Input/SystemInputVoltageBC","random(470.0, 490.0, true)","Double"
"0","Exchange/DataCenterDemo/Site1/DataHall2/Section1/PDU/PDU4B/Outlet/Outlet13/RmsCurrent","random(10.0, 30.0, true)","Double"
"0","Exchange/DataCenterDemo/Site1/DataHall2/Section1/PDU/PDU7A/Outlet/Outlet11/RmsCurrent","random(10.0, 30.0, true)","Double"
"0","Exchange/DataCenterDemo/Site1/DataHall1/Section4/PDU/PDU3B/Outlet/Outlet8/RmsCurrent","random(10.0, 30.0, true)","Double"
"0","Exchange/DataCenterDemo/Site1/DataHall2/Section4/PDU/PDU4B/Outlet/Outlet4/RmsCurrent","random(10.0, 30.0, true)","Double"
"0","Exchange/DataCenterDemo/Site1/DataHall2/Section2/PDU/PDU6B/Outlet/Outlet3/RmsCurrent","random(10.0, 30.0, true)","Double"
"0","Exchange/DataCenterDemo/Site1/DataHall2/Section2/PDU/PDU11B/Outlet/Outlet10/RmsCurrent","random(10.0, 30.0, true)","Double"
"0","Exchange/DataCenterDemo/Site1/DataHall2/Section3/PDU/PDU1A/Outlet/Outlet1/RmsCurrent","random(10.0, 30.0, true)","Double"
"0","Exchange/DataCenterDemo/Site1/DataHall1/Section1/Breaker/Breaker2B/Metering/VoltageMeanLL","random(470.0, 490.0, true)","Double"
"0","Exchange/DataCenterDemo/Site1/DataHall1/Section2/UPS/UPS2A/Battery/BatteryCapacityRemaining","ramp(95.0, 99.0, 90.476, true)","Double"
"0","Exchange/DataCenterDemo/Site1/DataHall1/Section4/PDU/PDU9A/Outlet/Outlet14/RmsCurrent","random(10.0, 30.0, true)","Double"
"0","Exchange/DataCenterDemo/Site1/DataHall1/Section2/PDU/PDU12B/Outlet/Outlet5/RmsCurrent","random(10.0, 30.0, true)","Double"
"0","Exchange/DataCenterDemo/Site1/DataHall1/Section1/PDU/PDU11A/Outlet/Outlet8/RmsCurrent","random(10.0, 30.0, true)","Double"
"0","Exchange/DataCenterDemo/Site1/DataHall1/Section3/UPS/UPS1B/Output/SystemOutputVoltageCA","random(480.0, 480.5, true)","Double"
"0","Exchange/DataCenterDemo/Site1/DataHall2/Section3/PDU/PDU3A/Outlet/Outlet7/RmsCurrent","random(10.0, 30.0, true)","Double"
"0","Exchange/DataCenterDemo/Site1/DataHall2/Section1/PDU/PDU2B/Outlet/Outlet10/RmsCurrent","random(10.0, 30.0, true)","Double"
"0","Exchange/DataCenterDemo/Site1/DataHall2/Section4/Breaker/Breaker4A/Metering/CurrentC","random(4300.0, 5800.0, true)","Double"
"0","Exchange/DataCenterDemo/Site1/DataHall1/Section3/Heatmap/Aisle8/Sensor3/Humidity","cosine(42.0, 44.0, 94.976, true)","Double"
"0","Exchange/DataCenterDemo/Site1/DataHall2/Section4/Breaker/Breaker4A/Metering/CurrentB","random(4300.0, 5800.0, true)","Double"
"0","Exchange/DataCenterDemo/Site1/DataHall1/Section2/Heatmap/Aisle8/Sensor2/Humidity","cosine(42.0, 44.0, 95.129, true)","Double"
"0","Exchange/DataCenterDemo/Site1/DataHall2/Section4/Breaker/Breaker4A/Metering/CurrentA","random(4300.0, 5800.0, true)","Double"
"0","Exchange/DataCenterDemo/Site1/DataHall2/Section2/PDU/PDU1A/Outlet/Outlet1/RmsCurrent","random(10.0, 30.0, true)","Double"
"0","Exchange/DataCenterDemo/Site1/DataHall2/Section3/AHU/AHU5/Temperature/SupplyAirTemperature","sine(21.0, 22.0, 90.025, true)","Double"
"0","Exchange/DataCenterDemo/Site1/DataHall1/Section3/PDU/PDU5A/Outlet/Outlet4/RmsCurrent","random(10.0, 30.0, true)","Double"
"0","Exchange/DataCenterDemo/Site1/DataHall1/Section2/Heatmap/Aisle11/Sensor1/Humidity","cosine(46.0, 48.0, 102.15, true)","Double"
"0","Exchange/DataCenterDemo/Site1/DataHall1/Section4/PQM/PQM1B/Current/CurrentA","random(3750.0, 4100.0, true)","Double"
"0","Exchange/DataCenterDemo/Architecture/EAM/Agents/Edge 1/Independent/Metrics/System/CPU Usage","ramp(3.0, 18.0, 1.041, true)","Double"
"0","Exchange/DataCenterDemo/Site1/DataHall1/Section4/PQM/PQM1B/Current/CurrentB","random(3750.0, 4100.0, true)","Double"
"0","Exchange/DataCenterDemo/Site1/DataHall1/Section3/PDU/PDU2A/Outlet/Outlet2/RmsCurrent","random(10.0, 30.0, true)","Double"
"0","Exchange/DataCenterDemo/Site1/DataHall1/Section4/PQM/PQM1B/Current/CurrentC","random(3750.0, 4100.0, true)","Double"
"0","Exchange/DataCenterDemo/Site1/DataHall2/Section3/PDU/PDU11A/Outlet/Outlet15/RmsCurrent","random(10.0, 30.0, true)","Double"
"0","Exchange/DataCenterDemo/Site1/DataHall1/Section1/PDU/PDU5A/Outlet/Outlet2/RmsCurrent","random(10.0, 30.0, true)","Double"
"0","Exchange/DataCenterDemo/Site1/DataHall1/Section2/AHU/AHU1/Temperature/ReturnAirTemperature","sine(30.0, 34.0, 219.774, true)","Double"
"0","Exchange/DataCenterDemo/Architecture/EAM/Agents/Edge 4/Independent/Metrics/Sessions/Clients","random(0.0, 5.0, true)","Double"
"0","Exchange/DataCenterDemo/Site1/DataHall2/Section1/PDU/PDU10B/Outlet/Outlet2/RmsCurrent","random(10.0, 30.0, true)","Double"
"0","Exchange/DataCenterDemo/Site1/DataHall2/Section1/PDU/PDU12A/Outlet/Outlet4/RmsCurrent","random(10.0, 30.0, true)","Double"
"0","Exchange/DataCenterDemo/Site1/DataHall1/Section1/Heatmap/Aisle11/Sensor3/Temperature","random(18.0, 23.9, true)","Double"
"0","Exchange/DataCenterDemo/Site1/DataHall1/Section2/PDU/PDU7A/Outlet/Outlet8/RmsCurrent","random(10.0, 30.0, true)","Double"
"0","Exchange/DataCenterDemo/Site1/DataHall2/Section1/PDU/PDU8B/Outlet/Outlet13/RmsCurrent","random(10.0, 30.0, true)","Double"
"0","Exchange/DataCenterDemo/Site1/DataHall1/Section4/AHU/AHU1/Temperature/ReturnAirTemperature","sine(30.0, 34.0, 185.274, true)","Double"
"0","Exchange/DataCenterDemo/Site1/DataHall1/Section3/UPS/UPS1B/Output/SystemOutputVoltageAB","random(480.0, 480.5, true)","Double"
"0","Exchange/DataCenterDemo/Site1/DataHall2/Section3/PDU/PDU7A/Outlet/Outlet4/RmsCurrent","random(10.0, 30.0, true)","Double"
"0","Exchange/DataCenterDemo/Site1/DataHall2/Section4/PDU/PDU10B/Outlet/Outlet11/RmsCurrent","random(10.0, 30.0, true)","Double"
"0","Exchange/DataCenterDemo/Site1/DataHall2/Section1/PDU/PDU3A/Outlet/Outlet5/RmsCurrent","random(10.0, 30.0, true)","Double"
"0","Exchange/DataCenterDemo/Site1/DataHall1/Section1/PQM/PQM2A/Voltage/VoltageCN","cosine(276.0, 278.0, 92.29, true)","Double"
"0","Exchange/DataCenterDemo/Site1/DataHall2/Section3/PDU/PDU4A/Outlet/Outlet15/RmsCurrent","random(10.0, 30.0, true)","Double"
"0","Exchange/DataCenterDemo/Site1/DataHall2/Section1/Heatmap/Aisle2/Sensor3/Humidity","cosine(42.0, 44.0, 101.37, true)","Double"
"0","Exchange/DataCenterDemo/Site1/DataHall2/Section2/PDU/PDU5A/Outlet/Outlet4/RmsCurrent","random(10.0, 30.0, true)","Double"
"0","Exchange/DataCenterDemo/Site1/DataHall2/Section2/PDU/PDU11A/Outlet/Outlet6/RmsCurrent","random(10.0, 30.0, true)","Double"
"0","Exchange/DataCenterDemo/Site1/DataHall1/Section1/PDU/PDU3B/Outlet/Outlet8/RmsCurrent","random(10.0, 30.0, true)","Double"
"0","Exchange/DataCenterDemo/Site1/DataHall2/Section3/PDU/PDU5A/Outlet/Outlet11/RmsCurrent","random(10.0, 30.0, true)","Double"
"0","Exchange/DataCenterDemo/Site1/DataHall1/Section3/PDU/PDU8A/Outlet/Outlet5/RmsCurrent","random(10.0, 30.0, true)","Double"
"0","Exchange/DataCenterDemo/Site1/DataHall1/Section1/PDU/PDU2A/Outlet/Outlet16/RmsCurrent","random(10.0, 30.0, true)","Double"
"0","Exchange/DataCenterDemo/Site1/DataHall1/Section4/PDU/PDU2B/Outlet/Outlet5/RmsCurrent","random(10.0, 30.0, true)","Double"
"0","Exchange/DataCenterDemo/Site1/DataHall1/Section1/PDU/PDU8A/Outlet/Outlet15/RmsCurrent","random(10.0, 30.0, true)","Double"
"0","Exchange/DataCenterDemo/Site1/DataHall1/Section2/PDU/PDU11B/Outlet/Outlet2/RmsCurrent","random(10.0, 30.0, true)","Double"
"0","Exchange/DataCenterDemo/Site1/DataHall2/Section3/PDU/PDU2A/Outlet/Outlet9/RmsCurrent","random(10.0, 30.0, true)","Double"
"0","Exchange/DataCenterDemo/Site1/DataHall2/Section4/Heatmap/Aisle7/Sensor2/Temperature","random(18.0, 23.9, true)","Double"
"0","Exchange/DataCenterDemo/Site1/DataHall1/Section2/AHU/AHU5/Status/IsAhuRunning","1.0","Double"
"0","Exchange/DataCenterDemo/Site1/DataHall2/Section4/PDU/PDU1B/Outlet/Outlet4/RmsCurrent","random(10.0, 30.0, true)","Double"
"0","Exchange/DataCenterDemo/Site1/DataHall2/Section4/PDU/PDU9B/Outlet/Outlet10/RmsCurrent","random(10.0, 30.0, true)","Double"
"0","Exchange/DataCenterDemo/Site1/DataHall1/Section1/AHU/AHU6/Temperature/MixedAirTemperature","cosine(14.0, 16.0, 100.398, true)","Double"
"0","Exchange/DataCenterDemo/Site1/DataHall1/Section2/PDU/PDU3A/Outlet/Outlet5/RmsCurrent","random(10.0, 30.0, true)","Double"
"0","Exchange/DataCenterDemo/Site1/DataHall1/Section1/PDU/PDU10A/Outlet/Outlet15/RmsCurrent","random(10.0, 30.0, true)","Double"
"0","Exchange/DataCenterDemo/Site1/DataHall1/Section3/PDU/PDU12B/Outlet/Outlet11/RmsCurrent","random(10.0, 30.0, true)","Double"
"0","Exchange/DataCenterDemo/Site1/DataHall1/Section2/AHU/AHU7/Fan/SupplyAirStaticPressure","cosine(210.0, 225.0, 101.191, true)","Double"
"0","Exchange/DataCenterDemo/Site1/DataHall2/Section3/PDU/PDU6B/Outlet/Outlet13/RmsCurrent","random(10.0, 30.0, true)","Double"
"0","Exchange/DataCenterDemo/Site1/DataHall1/Section3/PDU/PDU1B/Outlet/Outlet8/RmsCurrent","random(10.0, 30.0, true)","Double"
"0","Exchange/DataCenterDemo/Site1/DataHall2/Section4/PDU/PDU6B/Outlet/Outlet5/RmsCurrent","random(10.0, 30.0, true)","Double"
"0","Exchange/DataCenterDemo/Site1/DataHall2/Section4/UPS/UPS2A/Input/SystemInputPowerFactor","random(0.95, 0.98, true)","Double"
"0","Exchange/DataCenterDemo/Site1/DataHall1/Section3/PDU/PDU9B/Outlet/Outlet3/RmsCurrent","random(10.0, 30.0, true)","Double"
"0","Exchange/DataCenterDemo/Site1/DataHall2/Section1/PDU/PDU9B/Outlet/Outlet6/RmsCurrent","random(10.0, 30.0, true)","Double"
"0","Exchange/DataCenterDemo/Site1/DataHall2/Section3/PDU/PDU8B/Outlet/Outlet2/RmsCurrent","random(10.0, 30.0, true)","Double"
"0","Exchange/DataCenterDemo/Site1/DataHall1/Section1/PDU/PDU2A/Outlet/Outlet14/RmsCurrent","random(10.0, 30.0, true)","Double"
"0","Exchange/DataCenterDemo/Site1/DataHall2/Section3/PDU/PDU10A/Outlet/Outlet8/RmsCurrent","random(10.0, 30.0, true)","Double"
"0","Exchange/DataCenterDemo/Site1/DataHall1/Section4/Heatmap/Aisle7/Sensor3/Temperature","random(18.0, 23.9, true)","Double"
"0","Exchange/DataCenterDemo/Site1/DataHall2/Section3/Heatmap/Aisle5/Sensor3/Humidity","cosine(46.0, 48.0, 109.994, true)","Double"
"0","Exchange/DataCenterDemo/Site1/DataHall1/Section4/PDU/PDU6B/Outlet/Outlet11/RmsCurrent","random(10.0, 30.0, true)","Double"
"0","Exchange/DataCenterDemo/Site1/DataHall2/Section1/PDU/PDU11A/Outlet/Outlet10/RmsCurrent","random(10.0, 30.0, true)","Double"
"0","Exchange/DataCenterDemo/Site1/DataHall1/Section4/PDU/PDU8B/Outlet/Outlet2/RmsCurrent","random(10.0, 30.0, true)","Double"
"0","Exchange/DataCenterDemo/Site1/DataHall1/Section3/PDU/PDU10B/Outlet/Outlet4/RmsCurrent","random(10.0, 30.0, true)","Double"
"0","Exchange/DataCenterDemo/Site1/Site/PowerUsageEffectiveness","random(1.15, 1.3, false)","Double"
"0","Exchange/DataCenterDemo/Site1/DataHall1/Section4/PDU/PDU6B/Outlet/Outlet8/RmsCurrent","random(10.0, 30.0, true)","Double"
"0","Exchange/DataCenterDemo/Site1/DataHall2/Section1/PDU/PDU6A/Outlet/Outlet15/RmsCurrent","random(10.0, 30.0, true)","Double"
"0","Exchange/DataCenterDemo/Site1/DataHall1/Section4/Heatmap/Aisle13/Sensor3/Temperature","random(18.0, 23.9, true)","Double"
"0","Exchange/DataCenterDemo/Site1/DataHall1/Section2/PDU/PDU2B/Outlet/Outlet10/RmsCurrent","random(10.0, 30.0, true)","Double"
"0","Exchange/DataCenterDemo/Site1/DataHall1/Section4/AHU/AHU4/Temperature/MixedAirTemperature","cosine(14.0, 16.0, 90.818, true)","Double"
"0","Exchange/DataCenterDemo/Site1/DataHall2/Section3/PDU/PDU12B/Outlet/Outlet3/RmsCurrent","random(10.0, 30.0, true)","Double"
"0","Exchange/DataCenterDemo/Site1/DataHall1/Section4/UPS/UPS2A/Battery/BatteryCapacityRemaining","ramp(95.0, 99.0, 103.593, true)","Double"
"0","Exchange/DataCenterDemo/Site1/DataHall2/Section2/UPS/UPS2A/Input/SystemInputCurrentC","random(1600.0, 1900.0, true)","Double"
"0","Exchange/DataCenterDemo/Site1/DataHall2/Section3/AHU/AHU1/Temperature/MixedAirTemperature","cosine(14.0, 16.0, 99.164, true)","Double"
"0","Exchange/DataCenterDemo/Site1/DataHall2/Section2/UPS/UPS2A/Input/SystemInputCurrentB","random(1600.0, 1900.0, true)","Double"
"0","Exchange/DataCenterDemo/Site1/DataHall1/Section1/Heatmap/Aisle2/Sensor2/Humidity","cosine(42.0, 44.0, 99.337, true)","Double"
"0","Exchange/DataCenterDemo/Site1/DataHall1/Section4/PDU/PDU4B/Outlet/Outlet13/RmsCurrent","random(10.0, 30.0, true)","Double"
"0","Exchange/DataCenterDemo/Site1/DataHall2/Section2/UPS/UPS2A/Input/SystemInputCurrentA","random(1600.0, 1900.0, true)","Double"
"0","Exchange/DataCenterDemo/Site1/DataHall1/Section3/PDU/PDU6A/Outlet/Outlet7/RmsCurrent","random(10.0, 30.0, true)","Double"
"0","Exchange/DataCenterDemo/Site1/DataHall2/Section4/PDU/PDU6A/Outlet/Outlet15/RmsCurrent","random(10.0, 30.0, true)","Double"
"0","Exchange/DataCenterDemo/Site1/DataHall1/Section2/Heatmap/Aisle5/Sensor1/Humidity","cosine(46.0, 48.0, 90.039, true)","Double"
"0","Exchange/DataCenterDemo/Site1/DataHall1/Section1/PQM/PQM2A/Voltage/VoltageAB","cosine(478.0, 481.0, 103.919, true)","Double"
"0","Exchange/DataCenterDemo/Site1/DataHall1/Section1/PDU/PDU3B/Outlet/Outlet16/RmsCurrent","random(10.0, 30.0, true)","Double"
"0","Exchange/DataCenterDemo/Site1/DataHall2/Section3/PDU/PDU7B/Outlet/Outlet10/RmsCurrent","random(10.0, 30.0, true)","Double"
"0","Exchange/DataCenterDemo/Site1/DataHall1/Section2/PDU/PDU2A/Outlet/Outlet7/RmsCurrent","random(10.0, 30.0, true)","Double"
"0","Exchange/DataCenterDemo/Site1/DataHall2/Section2/AHU/AHU1/Temperature/SupplyAirTemperature","sine(21.0, 22.0, 92.88, true)","Double"
"0","Exchange/DataCenterDemo/Site1/DataHall1/Section2/PDU/PDU12A/Outlet/Outlet16/RmsCurrent","random(10.0, 30.0, true)","Double"
"0","Exchange/DataCenterDemo/Site1/DataHall2/Section4/PDU/PDU6A/Outlet/Outlet1/RmsCurrent","random(10.0, 30.0, true)","Double"
"0","Exchange/DataCenterDemo/Site1/DataHall1/Section4/UPS/UPS2A/Output/SystemOutputCurrentB","random(1500.0, 1800.0, true)","Double"
"0","Exchange/DataCenterDemo/Site1/DataHall1/Section4/UPS/UPS2A/Output/SystemOutputCurrentA","random(1500.0, 1800.0, true)","Double"
"0","Exchange/DataCenterDemo/Site1/DataHall1/Section3/AHU/AHU3/Fan/FanSpeedFeedback","cosine(70.0, 100.0, 97.247, true)","Double"
"0","Exchange/DataCenterDemo/Site1/DataHall2/Section2/PDU/PDU6A/Outlet/Outlet2/RmsCurrent","random(10.0, 30.0, true)","Double"
"0","Exchange/DataCenterDemo/Site1/DataHall1/Section4/UPS/UPS2A/Output/SystemOutputCurrentC","random(1500.0, 1800.0, true)","Double"
"0","Exchange/DataCenterDemo/Site1/DataHall2/Section2/AHU/AHU5/Status/IsAhuRunning","1.0","Double"
"0","Exchange/DataCenterDemo/Site1/DataHall1/Section1/PDU/PDU4B/Outlet/Outlet3/RmsCurrent","random(10.0, 30.0, true)","Double"
"0","Exchange/DataCenterDemo/Site1/DataHall1/Section2/UPS/UPS1A/Input/SystemInputPowerFactor","random(0.95, 0.98, true)","Double"
"0","Exchange/DataCenterDemo/Site1/DataHall2/Section1/PDU/PDU6A/Outlet/Outlet2/RmsCurrent","random(10.0, 30.0, true)","Double"
"0","Exchange/DataCenterDemo/Site1/DataHall2/Section3/PDU/PDU10A/Outlet/Outlet16/RmsCurrent","random(10.0, 30.0, true)","Double"
"0","Exchange/DataCenterDemo/Site1/DataHall1/Section3/Breaker/Breaker1B/Metering/VoltageMeanLL","random(470.0, 490.0, true)","Double"
"0","Exchange/DataCenterDemo/Site1/DataHall2/Section2/Heatmap/Aisle9/Sensor1/Humidity","cosine(46.0, 48.0, 90.0, true)","Double"
"0","Exchange/DataCenterDemo/Site1/DataHall1/Section1/AHU/AHU5/Fan/SupplyAirStaticPressure","cosine(210.0, 225.0, 95.519, true)","Double"
"0","Exchange/DataCenterDemo/Site1/DataHall1/Section2/PDU/PDU10A/Outlet/Outlet15/RmsCurrent","random(10.0, 30.0, true)","Double"
"0","Exchange/DataCenterDemo/Site1/DataHall1/Section4/Heatmap/Aisle1/Sensor1/Humidity","cosine(46.0, 48.0, 109.887, true)","Double"
"0","Exchange/DataCenterDemo/Site1/DataHall1/Section3/PDU/PDU6A/Outlet/Outlet15/RmsCurrent","random(10.0, 30.0, true)","Double"
"0","Exchange/DataCenterDemo/Site1/DataHall2/Section2/PDU/PDU10A/Outlet/Outlet3/RmsCurrent","random(10.0, 30.0, true)","Double"
"0","Exchange/DataCenterDemo/Site1/DataHall2/Section3/UPS/UPS2A/Input/SystemInputCurrentC","random(1600.0, 1900.0, true)","Double"
"0","Exchange/DataCenterDemo/Site1/DataHall1/Section3/PDU/PDU2A/Outlet/Outlet12/RmsCurrent","random(10.0, 30.0, true)","Double"
"0","Exchange/DataCenterDemo/Site1/DataHall2/Section3/UPS/UPS2A/Input/SystemInputCurrentB","random(1600.0, 1900.0, true)","Double"
"0","Exchange/DataCenterDemo/Site1/DataHall2/Section3/UPS/UPS2A/Input/SystemInputCurrentA","random(1600.0, 1900.0, true)","Double"
"0","Exchange/DataCenterDemo/Site1/DataHall1/Section4/PDU/PDU1B/Outlet/Outlet2/RmsCurrent","random(10.0, 30.0, true)","Double"
"0","Exchange/DataCenterDemo/Site1/DataHall2/Section1/PDU/PDU9B/Outlet/Outlet10/RmsCurrent","random(10.0, 30.0, true)","Double"
"0","Exchange/DataCenterDemo/Site1/DataHall2/Section3/PDU/PDU9B/Outlet/Outlet5/RmsCurrent","random(10.0, 30.0, true)","Double"
"0","Exchange/DataCenterDemo/Site1/DataHall1/Section4/PDU/PDU4B/Outlet/Outlet2/RmsCurrent","random(10.0, 30.0, true)","Double"
"0","Exchange/DataCenterDemo/Architecture/EAM/Agents/Edge 3/Independent/Metrics/Sessions/Clients","random(0.0, 5.0, true)","Double"
"0","Exchange/DataCenterDemo/Site1/DataHall2/Section2/PDU/PDU9A/Outlet/Outlet12/RmsCurrent","random(10.0, 30.0, true)","Double"
"0","Exchange/DataCenterDemo/Site1/DataHall1/Section2/PDU/PDU6B/Outlet/Outlet13/RmsCurrent","random(10.0, 30.0, true)","Double"
"0","Exchange/DataCenterDemo/Site1/DataHall2/Section1/PDU/PDU11A/Outlet/Outlet1/RmsCurrent","random(10.0, 30.0, true)","Double"
"0","Exchange/DataCenterDemo/Site1/DataHall2/Section3/PQM/PQM2A/Freq/Frequency","ramp(59.7, 60.3, 1.096, true)","Double"
"0","Exchange/DataCenterDemo/Site1/DataHall2/Section3/UPS/UPS2A/Input/SystemInputVoltageAB","random(470.0, 490.0, true)","Double"
"0","Exchange/DataCenterDemo/Site1/DataHall2/Section3/PDU/PDU6B/Outlet/Outlet5/RmsCurrent","random(10.0, 30.0, true)","Double"
"0","Exchange/DataCenterDemo/Site1/DataHall2/Section2/PDU/PDU8A/Outlet/Outlet15/RmsCurrent","random(10.0, 30.0, true)","Double"
"0","Exchange/DataCenterDemo/Site1/DataHall2/Section4/PDU/PDU4A/Outlet/Outlet9/RmsCurrent","random(10.0, 30.0, true)","Double"
"0","Exchange/DataCenterDemo/Site1/DataHall1/Section2/Heatmap/Aisle13/Sensor1/Temperature","random(18.0, 23.9, true)","Double"
"0","Exchange/DataCenterDemo/Site1/DataHall2/Section1/PDU/PDU1A/Outlet/Outlet10/RmsCurrent","random(10.0, 30.0, true)","Double"
"0","Exchange/DataCenterDemo/Site1/DataHall2/Section1/PDU/PDU9A/Outlet/Outlet2/RmsCurrent","random(10.0, 30.0, true)","Double"
"0","Exchange/DataCenterDemo/Site1/DataHall2/Section3/Heatmap/Aisle11/Sensor3/Humidity","cosine(46.0, 48.0, 98.374, true)","Double"
"0","Exchange/DataCenterDemo/Site1/DataHall1/Section1/Heatmap/Aisle4/Sensor1/Humidity","cosine(42.0, 44.0, 105.985, true)","Double"
"0","Exchange/DataCenterDemo/Site1/DataHall1/Section1/PQM/PQM2A/Voltage/VoltageCA","cosine(478.0, 481.0, 90.476, true)","Double"
"0","Exchange/DataCenterDemo/Site1/DataHall1/Section3/PDU/PDU1A/Outlet/Outlet4/RmsCurrent","random(10.0, 30.0, true)","Double"
"0","Exchange/DataCenterDemo/Site1/DataHall2/Section4/Heatmap/Aisle8/Sensor3/Temperature","random(38.0, 43.9, true)","Double"
"0","Exchange/DataCenterDemo/Site1/DataHall1/Section3/Breaker/Breaker1A/Metering/CurrentA","random(4300.0, 5800.0, true)","Double"
"0","Exchange/DataCenterDemo/Site1/DataHall1/Section4/PDU/PDU9B/Outlet/Outlet12/RmsCurrent","random(10.0, 30.0, true)","Double"
"0","Exchange/DataCenterDemo/Site1/DataHall1/Section3/Breaker/Breaker1A/Metering/CurrentB","random(4300.0, 5800.0, true)","Double"
"0","Exchange/DataCenterDemo/Site1/DataHall1/Section1/PDU/PDU12A/Outlet/Outlet16/RmsCurrent","random(10.0, 30.0, true)","Double"
"0","Exchange/DataCenterDemo/Site1/DataHall1/Section2/PQM/PQM1A/Current/CurrentA","random(3750.0, 4100.0, true)","Double"
"0","Exchange/DataCenterDemo/Site1/DataHall1/Section2/PQM/PQM1A/Current/CurrentB","random(3750.0, 4100.0, true)","Double"
"0","Exchange/DataCenterDemo/Site1/DataHall1/Section3/PDU/PDU7A/Outlet/Outlet2/RmsCurrent","random(10.0, 30.0, true)","Double"
"0","Exchange/DataCenterDemo/Site1/DataHall2/Section1/PDU/PDU8B/Outlet/Outlet3/RmsCurrent","random(10.0, 30.0, true)","Double"
"0","Exchange/DataCenterDemo/Site1/DataHall1/Section2/PQM/PQM1A/Current/CurrentC","random(3750.0, 4100.0, true)","Double"
"0","Exchange/DataCenterDemo/Site1/DataHall1/Section1/PDU/PDU1A/Outlet/Outlet5/RmsCurrent","random(10.0, 30.0, true)","Double"
"0","Exchange/DataCenterDemo/Site1/DataHall1/Section3/Breaker/Breaker1A/Metering/CurrentC","random(4300.0, 5800.0, true)","Double"
"0","Exchange/DataCenterDemo/Site1/DataHall2/Section4/PDU/PDU12B/Outlet/Outlet8/RmsCurrent","random(10.0, 30.0, true)","Double"
"0","Exchange/DataCenterDemo/Site1/DataHall2/Section2/PDU/PDU6A/Outlet/Outlet7/RmsCurrent","random(10.0, 30.0, true)","Double"
"0","Exchange/DataCenterDemo/Site1/DataHall1/Section1/PQM/PQM2A/Voltage/VoltageBN","cosine(276.0, 278.0, 97.418, true)","Double"
"0","Exchange/DataCenterDemo/Site1/DataHall1/Section3/PDU/PDU1B/Outlet/Outlet16/RmsCurrent","random(10.0, 30.0, true)","Double"
"0","Exchange/DataCenterDemo/Site1/DataHall2/Section3/UPS/UPS2A/Input/SystemInputVoltageBC","random(470.0, 490.0, true)","Double"
"0","Exchange/DataCenterDemo/Site1/DataHall2/Section4/PDU/PDU10A/Outlet/Outlet16/RmsCurrent","random(10.0, 30.0, true)","Double"
"0","Exchange/DataCenterDemo/Site1/DataHall1/Section3/AHU/AHU3/Fan/SupplyAirStaticPressure","cosine(210.0, 225.0, 90.423, true)","Double"
"0","Exchange/DataCenterDemo/Site1/DataHall2/Section2/PDU/PDU4B/Outlet/Outlet13/RmsCurrent","random(10.0, 30.0, true)","Double"
"0","Exchange/DataCenterDemo/Site1/DataHall1/Section4/Breaker/Breaker1A/Metering/CurrentA","random(4300.0, 5800.0, true)","Double"
"0","Exchange/DataCenterDemo/Site1/DataHall2/Section4/PDU/PDU7A/Outlet/Outlet12/RmsCurrent","random(10.0, 30.0, true)","Double"
"0","Exchange/DataCenterDemo/Site1/DataHall2/Section2/UPS/UPS2B/Battery/BatteryCapacityRemaining","ramp(95.0, 99.0, 106.931, true)","Double"
"0","Exchange/DataCenterDemo/Site1/DataHall2/Section1/PDU/PDU2A/Outlet/Outlet2/RmsCurrent","random(10.0, 30.0, true)","Double"
"0","Exchange/DataCenterDemo/Site1/DataHall1/Section1/PQM/PQM2A/Voltage/VoltageBC","cosine(478.0, 481.0, 106.735, true)","Double"
"0","Exchange/DataCenterDemo/Site1/DataHall1/Section1/PDU/PDU4A/Outlet/Outlet12/RmsCurrent","random(10.0, 30.0, true)","Double"
"0","Exchange/DataCenterDemo/Site1/DataHall1/Section4/AHU/AHU6/Fan/FanSpeedFeedback","cosine(70.0, 100.0, 95.998, true)","Double"
"0","Exchange/DataCenterDemo/Site1/DataHall2/Section4/Section/UpsCapacity","cosine(0.9, 0.98, 92.458, true)","Double"
"0","Exchange/DataCenterDemo/Site1/DataHall1/Section2/PDU/PDU2A/Outlet/Outlet2/RmsCurrent","random(10.0, 30.0, true)","Double"
"0","Exchange/DataCenterDemo/Site1/DataHall1/Section1/PQM/PQM2A/Voltage/VoltageAN","cosine(276.0, 278.0, 109.859, true)","Double"
"0","Exchange/DataCenterDemo/Site1/DataHall1/Section3/PDU/PDU5B/Outlet/Outlet5/RmsCurrent","random(10.0, 30.0, true)","Double"
"0","Exchange/DataCenterDemo/Site1/DataHall2/Section1/PDU/PDU1A/Outlet/Outlet7/RmsCurrent","random(10.0, 30.0, true)","Double"
"0","Exchange/DataCenterDemo/Site1/DataHall1/Section4/Heatmap/Aisle2/Sensor1/Humidity","cosine(42.0, 44.0, 109.912, true)","Double"
"0","Exchange/DataCenterDemo/Site1/DataHall2/Section1/PDU/PDU7A/Outlet/Outlet5/RmsCurrent","random(10.0, 30.0, true)","Double"
"0","Exchange/DataCenterDemo/Site1/DataHall2/Section1/Heatmap/Aisle10/Sensor3/Humidity","cosine(42.0, 44.0, 91.513, true)","Double"
"0","Exchange/DataCenterDemo/Architecture/EAM/Agents/Edge 1/Independent/Metrics/Sessions/Designers","random(0.0, 2.0, true)","Double"
"0","Exchange/DataCenterDemo/Site1/DataHall1/Section1/PQM/PQM1B/Freq/Frequency","ramp(59.7, 60.3, 0.997, true)","Double"
"0","Exchange/DataCenterDemo/Site1/DataHall1/Section4/Breaker/Breaker1A/Metering/CurrentB","random(4300.0, 5800.0, true)","Double"
"0","Exchange/DataCenterDemo/Site1/DataHall2/Section1/PDU/PDU12A/Outlet/Outlet9/RmsCurrent","random(10.0, 30.0, true)","Double"
"0","Exchange/DataCenterDemo/Site1/DataHall1/Section4/Breaker/Breaker1A/Metering/CurrentC","random(4300.0, 5800.0, true)","Double"
"0","Exchange/DataCenterDemo/Site1/DataHall2/Section3/UPS/UPS2A/Input/SystemInputVoltageCA","random(470.0, 490.0, true)","Double"
"0","Exchange/DataCenterDemo/Site1/DataHall2/Section2/PDU/PDU7A/Outlet/Outlet2/RmsCurrent","random(10.0, 30.0, true)","Double"
"0","Exchange/DataCenterDemo/Site1/DataHall2/Section4/PDU/PDU5B/Outlet/Outlet2/RmsCurrent","random(10.0, 30.0, true)","Double"
"0","Exchange/DataCenterDemo/Site1/DataHall1/Section4/PDU/PDU10B/Outlet/Outlet9/RmsCurrent","random(10.0, 30.0, true)","Double"
"0","Exchange/DataCenterDemo/Site1/DataHall1/Section4/PDU/PDU3B/Outlet/Outlet11/RmsCurrent","random(10.0, 30.0, true)","Double"
"0","Exchange/DataCenterDemo/Site1/DataHall1/Section4/PDU/PDU5B/Outlet/Outlet12/RmsCurrent","random(10.0, 30.0, true)","Double"
"0","Exchange/DataCenterDemo/Site1/DataHall1/Section1/PDU/PDU4B/Outlet/Outlet15/RmsCurrent","random(10.0, 30.0, true)","Double"
"0","Exchange/DataCenterDemo/Site1/DataHall2/Section4/PDU/PDU7A/Outlet/Outlet4/RmsCurrent","random(10.0, 30.0, true)","Double"
"0","Exchange/DataCenterDemo/Site1/DataHall1/Section3/PDU/PDU8B/Outlet/Outlet16/RmsCurrent","random(10.0, 30.0, true)","Double"
"0","Exchange/DataCenterDemo/Site1/DataHall1/Section1/UPS/UPS2B/Input/SystemInputVoltageCA","random(470.0, 490.0, true)","Double"
"0","Exchange/DataCenterDemo/Site1/DataHall1/Section2/PDU/PDU1B/Outlet/Outlet11/RmsCurrent","random(10.0, 30.0, true)","Double"
"0","Exchange/DataCenterDemo/Site1/DataHall1/Section2/PDU/PDU9B/Outlet/Outlet3/RmsCurrent","random(10.0, 30.0, true)","Double"
"0","Exchange/DataCenterDemo/Site1/DataHall1/Section1/PDU/PDU7A/Outlet/Outlet8/RmsCurrent","random(10.0, 30.0, true)","Double"
"0","Exchange/DataCenterDemo/Site1/DataHall1/Section2/AHU/AHU1/Temperature/SupplyAirTemperature","sine(21.0, 22.0, 104.08, true)","Double"
"0","Exchange/DataCenterDemo/Site1/DataHall2/Section3/PDU/PDU1B/Outlet/Outlet2/RmsCurrent","random(10.0, 30.0, true)","Double"
"0","Exchange/DataCenterDemo/Site1/DataHall1/Section2/PQM/PQM1B/Voltage/VoltageAB","cosine(478.0, 481.0, 99.515, true)","Double"
"0","Exchange/DataCenterDemo/Site1/DataHall1/Section3/PDU/PDU7A/Outlet/Outlet14/RmsCurrent","random(10.0, 30.0, true)","Double"
"0","Exchange/DataCenterDemo/Site1/DataHall1/Section4/PDU/PDU12A/Outlet/Outlet16/RmsCurrent","random(10.0, 30.0, true)","Double"
"0","Exchange/DataCenterDemo/Site1/DataHall1/Section4/PDU/PDU4A/Outlet/Outlet10/RmsCurrent","random(10.0, 30.0, true)","Double"
"0","Exchange/DataCenterDemo/Site1/DataHall2/Section4/PDU/PDU5A/Outlet/Outlet16/RmsCurrent","random(10.0, 30.0, true)","Double"
"0","Exchange/DataCenterDemo/Site1/DataHall1/Section2/Heatmap/Aisle8/Sensor1/Temperature","random(38.0, 43.9, true)","Double"
"0","Exchange/DataCenterDemo/Site1/DataHall2/Section4/PDU/PDU2B/Outlet/Outlet13/RmsCurrent","random(10.0, 30.0, true)","Double"
"0","Exchange/DataCenterDemo/Site1/DataHall1/Section2/AHU/AHU1/Fan/FanSpeedFeedback","cosine(70.0, 100.0, 92.403, true)","Double"
"0","Exchange/DataCenterDemo/Site1/DataHall1/Section3/AHU/AHU6/Temperature/MixedAirTemperature","cosine(14.0, 16.0, 107.538, true)","Double"
"0","Exchange/DataCenterDemo/Site1/DataHall2/Section2/PDU/PDU1A/Outlet/Outlet15/RmsCurrent","random(10.0, 30.0, true)","Double"
"0","Exchange/DataCenterDemo/Site1/DataHall1/Section1/PDU/PDU10A/Outlet/Outlet5/RmsCurrent","random(10.0, 30.0, true)","Double"
"0","Exchange/DataCenterDemo/Site1/DataHall1/Section4/AHU/AHU1/Temperature/SupplyAirTemperature","sine(21.0, 22.0, 90.328, true)","Double"
"0","Exchange/DataCenterDemo/Site1/DataHall1/Section4/PDU/PDU5B/Outlet/Outlet5/RmsCurrent","random(10.0, 30.0, true)","Double"
"0","Exchange/DataCenterDemo/Site1/DataHall1/Section4/PDU/PDU9B/Outlet/Outlet5/RmsCurrent","random(10.0, 30.0, true)","Double"
"0","Exchange/DataCenterDemo/Site1/DataHall2/Section2/UPS/UPS1A/Battery/BatteryCapacityRemaining","ramp(95.0, 99.0, 103.834, true)","Double"
"0","Exchange/DataCenterDemo/Site1/DataHall1/Section1/PDU/PDU3A/Outlet/Outlet13/RmsCurrent","random(10.0, 30.0, true)","Double"
"0","Exchange/DataCenterDemo/Site1/DataHall1/Section2/PQM/PQM1B/Voltage/VoltageAN","cosine(276.0, 278.0, 108.143, true)","Double"
"0","Exchange/DataCenterDemo/Site1/DataHall2/Section1/Breaker/Breaker3A/Metering/VoltageMeanLL","random(470.0, 490.0, true)","Double"
"0","Exchange/DataCenterDemo/Site1/DataHall2/Section2/PDU/PDU1B/Outlet/Outlet5/RmsCurrent","random(10.0, 30.0, true)","Double"
"0","Exchange/DataCenterDemo/Site1/DataHall2/Section3/PDU/PDU5B/Outlet/Outlet14/RmsCurrent","random(10.0, 30.0, true)","Double"
"0","Exchange/DataCenterDemo/Site1/DataHall2/Section4/PDU/PDU8A/Outlet/Outlet11/RmsCurrent","random(10.0, 30.0, true)","Double"
"0","Exchange/DataCenterDemo/Site1/DataHall1/Section4/PQM/PQM1A/PQ/ThdVoltageAN","3.3","Double"
"0","Exchange/DataCenterDemo/Site1/DataHall2/Section2/PDU/PDU4B/Outlet/Outlet5/RmsCurrent","random(10.0, 30.0, true)","Double"
"0","Exchange/DataCenterDemo/Site1/DataHall1/Section2/PQM/PQM1B/Voltage/VoltageBC","cosine(478.0, 481.0, 109.284, true)","Double"
"0","Exchange/DataCenterDemo/Site1/DataHall2/Section3/PDU/PDU11B/Outlet/Outlet10/RmsCurrent","random(10.0, 30.0, true)","Double"
"0","Exchange/DataCenterDemo/Site1/DataHall1/Section3/Breaker/Breaker5B/Metering/CurrentB","random(4300.0, 5800.0, true)","Double"
"0","Exchange/DataCenterDemo/Site1/DataHall1/Section3/Breaker/Breaker5B/Metering/CurrentC","random(4300.0, 5800.0, true)","Double"
"0","Exchange/DataCenterDemo/Site1/DataHall1/Section2/PDU/PDU1B/Outlet/Outlet8/RmsCurrent","random(10.0, 30.0, true)","Double"
"0","Exchange/DataCenterDemo/Site1/DataHall1/Section3/Breaker/Breaker5B/Metering/CurrentA","random(4300.0, 5800.0, true)","Double"
"0","Exchange/DataCenterDemo/Site1/DataHall2/Section2/PDU/PDU7A/Outlet/Outlet16/RmsCurrent","random(10.0, 30.0, true)","Double"
"0","Exchange/DataCenterDemo/Site1/DataHall1/Section2/PQM/PQM1B/Voltage/VoltageBN","cosine(276.0, 278.0, 101.89, true)","Double"
"0","Exchange/DataCenterDemo/Site1/DataHall2/Section4/PQM/PQM1A/Current/CurrentA","random(3750.0, 4100.0, true)","Double"
"0","Exchange/DataCenterDemo/Site1/DataHall1/Section2/Heatmap/Aisle7/Sensor3/Humidity","cosine(46.0, 48.0, 109.793, true)","Double"
"0","Exchange/DataCenterDemo/Site1/DataHall1/Section2/PDU/PDU5A/Outlet/Outlet2/RmsCurrent","random(10.0, 30.0, true)","Double"
"0","Exchange/DataCenterDemo/Site1/DataHall2/Section4/PQM/PQM1A/Current/CurrentB","random(3750.0, 4100.0, true)","Double"
"0","Exchange/DataCenterDemo/Site1/DataHall2/Section3/PDU/PDU8A/Outlet/Outlet7/RmsCurrent","random(10.0, 30.0, true)","Double"
"0","Exchange/DataCenterDemo/Site1/DataHall1/Section3/PDU/PDU12A/Outlet/Outlet16/RmsCurrent","random(10.0, 30.0, true)","Double"
"0","Exchange/DataCenterDemo/Site1/DataHall1/Section1/UPS/UPS2B/Input/SystemInputVoltageAB","random(470.0, 490.0, true)","Double"
"0","Exchange/DataCenterDemo/Site1/DataHall1/Section2/PQM/PQM1B/Voltage/VoltageCA","cosine(478.0, 481.0, 92.758, true)","Double"
"0","Exchange/DataCenterDemo/Site1/DataHall1/Section3/PDU/PDU2B/Outlet/Outlet15/RmsCurrent","random(10.0, 30.0, true)","Double"
"0","Exchange/DataCenterDemo/Site1/DataHall1/Section3/Heatmap/Aisle2/Sensor1/Temperature","random(38.0, 43.9, true)","Double"
"0","Exchange/DataCenterDemo/Site1/DataHall1/Section2/PDU/PDU6A/Outlet/Outlet10/RmsCurrent","random(10.0, 30.0, true)","Double"
"0","Exchange/DataCenterDemo/Site1/DataHall2/Section2/PDU/PDU10A/Outlet/Outlet16/RmsCurrent","random(10.0, 30.0, true)","Double"
"0","Exchange/DataCenterDemo/Site1/DataHall1/Section4/PDU/PDU12B/Outlet/Outlet1/RmsCurrent","random(10.0, 30.0, true)","Double"
"0","Exchange/DataCenterDemo/Site1/DataHall2/Section4/PQM/PQM1A/Current/CurrentC","random(3750.0, 4100.0, true)","Double"
"0","Exchange/DataCenterDemo/Site1/DataHall1/Section1/Heatmap/Aisle4/Sensor2/Temperature","random(38.0, 43.9, true)","Double"
"0","Exchange/DataCenterDemo/Site1/DataHall1/Section4/PDU/PDU3A/Outlet/Outlet4/RmsCurrent","random(10.0, 30.0, true)","Double"
"0","Exchange/DataCenterDemo/Site1/DataHall1/Section2/Heatmap/Aisle3/Sensor2/Humidity","cosine(46.0, 48.0, 107.878, true)","Double"
"0","Exchange/DataCenterDemo/Site1/DataHall2/Section2/AHU/AHU2/Temperature/ReturnAirTemperature","sine(30.0, 34.0, 190.252, true)","Double"
"0","Exchange/DataCenterDemo/Site1/DataHall2/Section3/AHU/AHU5/Temperature/ReturnAirTemperature","sine(30.0, 34.0, 188.025, true)","Double"
"0","Exchange/DataCenterDemo/Site1/DataHall1/Section2/PQM/PQM1B/Voltage/VoltageCN","cosine(276.0, 278.0, 90.284, true)","Double"
"0","Exchange/DataCenterDemo/Site1/DataHall2/Section4/Heatmap/Aisle13/Sensor3/Temperature","random(18.0, 23.9, true)","Double"
"0","Exchange/DataCenterDemo/Site1/DataHall2/Section4/PDU/PDU11B/Outlet/Outlet5/RmsCurrent","random(10.0, 30.0, true)","Double"
"0","Exchange/DataCenterDemo/Site1/DataHall2/Section1/PDU/PDU7B/Outlet/Outlet14/RmsCurrent","random(10.0, 30.0, true)","Double"
"0","Exchange/DataCenterDemo/Site1/DataHall1/Section3/PDU/PDU1A/Outlet/Outlet13/RmsCurrent","random(10.0, 30.0, true)","Double"
"0","Exchange/DataCenterDemo/Site1/DataHall2/Section2/PDU/PDU3A/Outlet/Outlet7/RmsCurrent","random(10.0, 30.0, true)","Double"
"0","Exchange/DataCenterDemo/Site1/DataHall1/Section4/PDU/PDU7A/Outlet/Outlet7/RmsCurrent","random(10.0, 30.0, true)","Double"
"0","Exchange/DataCenterDemo/Site1/DataHall1/Section1/UPS/UPS2B/Input/SystemInputVoltageBC","random(470.0, 490.0, true)","Double"
"0","Exchange/DataCenterDemo/Site1/DataHall2/Section1/PDU/PDU1B/Outlet/Outlet13/RmsCurrent","random(10.0, 30.0, true)","Double"
"0","Exchange/DataCenterDemo/Site1/DataHall1/Section3/PDU/PDU2A/Outlet/Outlet7/RmsCurrent","random(10.0, 30.0, true)","Double"
"0","Exchange/DataCenterDemo/Site1/DataHall1/Section2/PDU/PDU7B/Outlet/Outlet12/RmsCurrent","random(10.0, 30.0, true)","Double"
"0","Exchange/DataCenterDemo/Site1/DataHall2/Section4/PDU/PDU11B/Outlet/Outlet10/RmsCurrent","random(10.0, 30.0, true)","Double"
"0","Exchange/DataCenterDemo/Site1/DataHall1/Section2/Heatmap/Aisle9/Sensor2/Humidity","cosine(46.0, 48.0, 92.883, true)","Double"
"0","Exchange/DataCenterDemo/Site1/DataHall2/Section2/PDU/PDU4A/Outlet/Outlet10/RmsCurrent","random(10.0, 30.0, true)","Double"
"0","Exchange/DataCenterDemo/Site1/DataHall2/Section1/Heatmap/Aisle4/Sensor1/Temperature","random(38.0, 43.9, true)","Double"
"0","Exchange/DataCenterDemo/Site1/DataHall1/Section3/Heatmap/Aisle5/Sensor1/Temperature","random(18.0, 23.9, true)","Double"
"0","Exchange/DataCenterDemo/Site1/DataHall1/Section1/PDU/PDU11B/Outlet/Outlet10/RmsCurrent","random(10.0, 30.0, true)","Double"
"0","Exchange/DataCenterDemo/Site1/DataHall1/Section2/PDU/PDU5B/Outlet/Outlet1/RmsCurrent","random(10.0, 30.0, true)","Double"
"0","Exchange/DataCenterDemo/Site1/DataHall1/Section3/PDU/PDU6A/Outlet/Outlet4/RmsCurrent","random(10.0, 30.0, true)","Double"
"0","Exchange/DataCenterDemo/Site1/DataHall1/Section4/PDU/PDU12B/Outlet/Outlet16/RmsCurrent","random(10.0, 30.0, true)","Double"
"0","Exchange/DataCenterDemo/Site1/DataHall2/Section1/PDU/PDU1A/Outlet/Outlet9/RmsCurrent","random(10.0, 30.0, true)","Double"
"0","Exchange/DataCenterDemo/Site1/DataHall2/Section1/Breaker/Breaker6B/Metering/VoltageMeanLL","random(470.0, 490.0, true)","Double"
"0","Exchange/DataCenterDemo/Site1/DataHall2/Section1/PDU/PDU2A/Outlet/Outlet5/RmsCurrent","random(10.0, 30.0, true)","Double"
"0","Exchange/DataCenterDemo/Site1/DataHall2/Section3/PDU/PDU5A/Outlet/Outlet3/RmsCurrent","random(10.0, 30.0, true)","Double"
"0","Exchange/DataCenterDemo/Site1/DataHall1/Section3/Heatmap/Aisle10/Sensor1/Humidity","cosine(42.0, 44.0, 109.285, true)","Double"
"0","Exchange/DataCenterDemo/Site1/DataHall2/Section4/PDU/PDU10B/Outlet/Outlet7/RmsCurrent","random(10.0, 30.0, true)","Double"
"0","Exchange/DataCenterDemo/Site1/DataHall2/Section2/PDU/PDU6A/Outlet/Outlet10/RmsCurrent","random(10.0, 30.0, true)","Double"
"0","Exchange/DataCenterDemo/Site1/DataHall2/Section2/PDU/PDU9B/Outlet/Outlet10/RmsCurrent","random(10.0, 30.0, true)","Double"
"0","Exchange/DataCenterDemo/Site1/DataHall2/Section2/Heatmap/Aisle1/Sensor2/Temperature","random(18.0, 23.9, true)","Double"
"0","Exchange/DataCenterDemo/Site1/DataHall2/Section1/PDU/PDU9A/Outlet/Outlet4/RmsCurrent","random(10.0, 30.0, true)","Double"
"0","Exchange/DataCenterDemo/Site1/DataHall1/Section3/PDU/PDU3B/Outlet/Outlet9/RmsCurrent","random(10.0, 30.0, true)","Double"
"0","Exchange/DataCenterDemo/Site1/DataHall2/Section3/Heatmap/Aisle5/Sensor1/Temperature","random(18.0, 23.9, true)","Double"
"0","Exchange/DataCenterDemo/Site1/DataHall2/Section3/PDU/PDU10B/Outlet/Outlet14/RmsCurrent","random(10.0, 30.0, true)","Double"
"0","Exchange/DataCenterDemo/Site1/DataHall1/Section1/UPS/UPS1B/Input/SystemInputCurrentA","random(1600.0, 1900.0, true)","Double"
"0","Exchange/DataCenterDemo/Site1/DataHall1/Section1/UPS/UPS1B/Input/SystemInputCurrentB","random(1600.0, 1900.0, true)","Double"
"0","Exchange/DataCenterDemo/Site1/DataHall2/Section2/PDU/PDU4B/Outlet/Outlet10/RmsCurrent","random(10.0, 30.0, true)","Double"
"0","Exchange/DataCenterDemo/Site1/DataHall1/Section1/UPS/UPS1B/Input/SystemInputCurrentC","random(1600.0, 1900.0, true)","Double"
"0","Exchange/DataCenterDemo/Site1/DataHall2/Section3/PDU/PDU2B/Outlet/Outlet8/RmsCurrent","random(10.0, 30.0, true)","Double"
"0","Exchange/DataCenterDemo/Site1/DataHall1/Section2/PDU/PDU9A/Outlet/Outlet9/RmsCurrent","random(10.0, 30.0, true)","Double"
"0","Exchange/DataCenterDemo/Site1/DataHall1/Section1/PDU/PDU8B/Outlet/Outlet6/RmsCurrent","random(10.0, 30.0, true)","Double"
"0","Exchange/DataCenterDemo/Site1/DataHall1/Section2/PDU/PDU7A/Outlet/Outlet11/RmsCurrent","random(10.0, 30.0, true)","Double"
"0","Exchange/DataCenterDemo/Site1/DataHall1/Section2/Breaker/Breaker5A/Metering/VoltageMeanLL","random(470.0, 490.0, true)","Double"
"0","Exchange/DataCenterDemo/Site1/DataHall2/Section2/PDU/PDU11A/Outlet/Outlet10/RmsCurrent","random(10.0, 30.0, true)","Double"
"0","Exchange/DataCenterDemo/Site1/DataHall1/Section1/PDU/PDU3A/Outlet/Outlet6/RmsCurrent","random(10.0, 30.0, true)","Double"
"0","Exchange/DataCenterDemo/Site1/DataHall2/Section4/PDU/PDU4B/Outlet/Outlet13/RmsCurrent","random(10.0, 30.0, true)","Double"
"0","Exchange/DataCenterDemo/Site1/DataHall1/Section4/PDU/PDU5A/Outlet/Outlet8/RmsCurrent","random(10.0, 30.0, true)","Double"
"0","Exchange/DataCenterDemo/Site1/DataHall1/Section4/Heatmap/Aisle9/Sensor3/Temperature","random(18.0, 23.9, true)","Double"
"0","Exchange/DataCenterDemo/Site1/DataHall2/Section2/PDU/PDU12B/Outlet/Outlet14/RmsCurrent","random(10.0, 30.0, true)","Double"
"0","Exchange/DataCenterDemo/Site1/DataHall1/Section2/Breaker/Breaker2B/Metering/CurrentC","random(4300.0, 5800.0, true)","Double"
"0","Exchange/DataCenterDemo/Site1/DataHall1/Section2/Heatmap/Aisle4/Sensor2/Humidity","cosine(42.0, 44.0, 105.843, true)","Double"
"0","Exchange/DataCenterDemo/Site1/DataHall1/Section2/Breaker/Breaker2B/Metering/CurrentB","random(4300.0, 5800.0, true)","Double"
"0","Exchange/DataCenterDemo/Site1/DataHall2/Section2/PDU/PDU9A/Outlet/Outlet14/RmsCurrent","random(10.0, 30.0, true)","Double"
"0","Exchange/DataCenterDemo/Site1/DataHall2/Section3/Breaker/Breaker5A/Metering/VoltageMeanLL","random(470.0, 490.0, true)","Double"
"0","Exchange/DataCenterDemo/Site1/DataHall1/Section2/Breaker/Breaker2B/Metering/CurrentA","random(4300.0, 5800.0, true)","Double"
"0","Exchange/DataCenterDemo/Site1/DataHall2/Section1/PDU/PDU6B/Outlet/Outlet9/RmsCurrent","random(10.0, 30.0, true)","Double"
"0","Exchange/DataCenterDemo/Site1/DataHall1/Section2/AHU/AHU5/Fan/SupplyAirStaticPressure","cosine(210.0, 225.0, 109.998, true)","Double"
"0","Exchange/DataCenterDemo/Site1/DataHall1/Section4/Heatmap/Aisle10/Sensor2/Temperature","random(38.0, 43.9, true)","Double"
"0","Exchange/DataCenterDemo/Site1/DataHall2/Section3/PDU/PDU9B/Outlet/Outlet7/RmsCurrent","random(10.0, 30.0, true)","Double"
"0","Exchange/DataCenterDemo/Site1/DataHall2/Section3/AHU/AHU1/Status/IsAhuRunning","1.0","Double"
"0","Exchange/DataCenterDemo/Site1/DataHall2/Section3/Breaker/Breaker2A/Metering/CurrentA","random(4300.0, 5800.0, true)","Double"
"0","Exchange/DataCenterDemo/Site1/DataHall2/Section3/Breaker/Breaker2A/Metering/CurrentB","random(4300.0, 5800.0, true)","Double"
"0","Exchange/DataCenterDemo/Site1/DataHall2/Section3/Breaker/Breaker2A/Metering/CurrentC","random(4300.0, 5800.0, true)","Double"
"0","Exchange/DataCenterDemo/Site1/DataHall2/Section2/PQM/PQM2B/Current/CurrentA","random(3750.0, 4100.0, true)","Double"
"0","Exchange/DataCenterDemo/Site1/DataHall2/Section2/PQM/PQM2B/Current/CurrentB","random(3750.0, 4100.0, true)","Double"
"0","Exchange/DataCenterDemo/Site1/DataHall2/Section2/PQM/PQM2B/Current/CurrentC","random(3750.0, 4100.0, true)","Double"
"0","Exchange/DataCenterDemo/Site1/DataHall2/Section3/PDU/PDU10B/Outlet/Outlet2/RmsCurrent","random(10.0, 30.0, true)","Double"
"0","Exchange/DataCenterDemo/Site1/DataHall1/Section1/Heatmap/Aisle3/Sensor1/Humidity","cosine(46.0, 48.0, 107.985, true)","Double"
"0","Exchange/DataCenterDemo/Site1/DataHall1/Section4/Section/ItLoadMw","sine(850.0, 1150.0, 10.0, true)","Double"
"0","Exchange/DataCenterDemo/Site1/DataHall1/Section4/Heatmap/Aisle6/Sensor2/Humidity","cosine(42.0, 44.0, 107.42, true)","Double"
"0","Exchange/DataCenterDemo/Site1/DataHall2/Section4/PDU/PDU1A/Outlet/Outlet13/RmsCurrent","random(10.0, 30.0, true)","Double"
"0","Exchange/DataCenterDemo/Site1/DataHall2/Section4/Heatmap/Aisle1/Sensor1/Temperature","random(18.0, 23.9, true)","Double"
"0","Exchange/DataCenterDemo/Site1/DataHall1/Section2/AHU/AHU6/Fan/FanSpeedCommand","square(70.0, 100.0, 103.007, true)","Double"
"0","Exchange/DataCenterDemo/Site1/DataHall1/Section4/PDU/PDU12A/Outlet/Outlet9/RmsCurrent","random(10.0, 30.0, true)","Double"
"0","Exchange/DataCenterDemo/Site1/DataHall1/Section4/PDU/PDU5B/Outlet/Outlet14/RmsCurrent","random(10.0, 30.0, true)","Double"
"0","Exchange/DataCenterDemo/Site1/DataHall2/Section4/Heatmap/Aisle9/Sensor3/Temperature","random(18.0, 23.9, true)","Double"
"0","Exchange/DataCenterDemo/Site1/DataHall1/Section2/AHU/AHU4/Temperature/ReturnAirTemperature","sine(30.0, 34.0, 186.66, true)","Double"
"0","Exchange/DataCenterDemo/Site1/DataHall2/Section1/PDU/PDU10A/Outlet/Outlet16/RmsCurrent","random(10.0, 30.0, true)","Double"
"0","Exchange/DataCenterDemo/Site1/DataHall2/Section4/PDU/PDU4A/Outlet/Outlet7/RmsCurrent","random(10.0, 30.0, true)","Double"
"0","Exchange/DataCenterDemo/Site1/DataHall1/Section2/PDU/PDU6B/Outlet/Outlet4/RmsCurrent","random(10.0, 30.0, true)","Double"
"0","Exchange/DataCenterDemo/Site1/DataHall2/Section4/PDU/PDU2B/Outlet/Outlet10/RmsCurrent","random(10.0, 30.0, true)","Double"
"0","Exchange/DataCenterDemo/Site1/DataHall2/Section1/PDU/PDU9B/Outlet/Outlet12/RmsCurrent","random(10.0, 30.0, true)","Double"
"0","Exchange/DataCenterDemo/Site1/DataHall1/Section1/Heatmap/Aisle8/Sensor2/Humidity","cosine(42.0, 44.0, 109.981, true)","Double"
"0","Exchange/DataCenterDemo/Site1/DataHall1/Section2/PDU/PDU4A/Outlet/Outlet14/RmsCurrent","random(10.0, 30.0, true)","Double"
"0","Exchange/DataCenterDemo/Site1/DataHall2/Section3/PDU/PDU9B/Outlet/Outlet15/RmsCurrent","random(10.0, 30.0, true)","Double"
"0","Exchange/DataCenterDemo/Site1/DataHall2/Section4/PDU/PDU7B/Outlet/Outlet10/RmsCurrent","random(10.0, 30.0, true)","Double"
"0","Exchange/DataCenterDemo/Site1/DataHall1/Section4/Section/PowerUsageEffectiveness","random(1.15, 1.3, false)","Double"
"0","Exchange/DataCenterDemo/Site1/DataHall1/Section2/PDU/PDU5B/Outlet/Outlet8/RmsCurrent","random(10.0, 30.0, true)","Double"
"0","Exchange/DataCenterDemo/Site1/DataHall2/Section3/PDU/PDU6A/Outlet/Outlet6/RmsCurrent","random(10.0, 30.0, true)","Double"
"0","Exchange/DataCenterDemo/Site1/DataHall2/Section4/PDU/PDU8B/Outlet/Outlet1/RmsCurrent","random(10.0, 30.0, true)","Double"
"0","Exchange/DataCenterDemo/Site1/DataHall1/Section3/PDU/PDU8B/Outlet/Outlet13/RmsCurrent","random(10.0, 30.0, true)","Double"
"0","Exchange/DataCenterDemo/Site1/DataHall2/Section3/PDU/PDU10A/Outlet/Outlet11/RmsCurrent","random(10.0, 30.0, true)","Double"
"0","Exchange/DataCenterDemo/Site1/DataHall2/Section4/PDU/PDU2A/Outlet/Outlet8/RmsCurrent","random(10.0, 30.0, true)","Double"
"0","Exchange/DataCenterDemo/Site1/DataHall2/Section1/PDU/PDU8A/Outlet/Outlet1/RmsCurrent","random(10.0, 30.0, true)","Double"
"0","Exchange/DataCenterDemo/Architecture/EAM/Agents/Edge 1/Independent/Metrics/Sessions/Clients","random(0.0, 5.0, true)","Double"
"0","Exchange/DataCenterDemo/Site1/DataHall2/Section2/PDU/PDU7A/Outlet/Outlet5/RmsCurrent","random(10.0, 30.0, true)","Double"
"0","Exchange/DataCenterDemo/Site1/DataHall2/Section3/PDU/PDU6B/Outlet/Outlet11/RmsCurrent","random(10.0, 30.0, true)","Double"
"0","Exchange/DataCenterDemo/Site1/Site/CarbonUsageEffectiveness","ramp(1.5, 2.1, 10.0, true)","Double"
"0","Exchange/DataCenterDemo/Site1/DataHall1/Section2/PDU/PDU10B/Outlet/Outlet4/RmsCurrent","random(10.0, 30.0, true)","Double"
"0","Exchange/DataCenterDemo/Site1/DataHall1/Section3/PDU/PDU12A/Outlet/Outlet4/RmsCurrent","random(10.0, 30.0, true)","Double"
"0","Exchange/DataCenterDemo/Site1/DataHall2/Section3/PDU/PDU1B/Outlet/Outlet5/RmsCurrent","random(10.0, 30.0, true)","Double"
"0","Exchange/DataCenterDemo/Site1/DataHall1/Section4/PDU/PDU3A/Outlet/Outlet9/RmsCurrent","random(10.0, 30.0, true)","Double"
"0","Exchange/DataCenterDemo/Site1/DataHall1/Section3/PDU/PDU10B/Outlet/Outlet2/RmsCurrent","random(10.0, 30.0, true)","Double"
"0","Exchange/DataCenterDemo/Site1/DataHall1/Section1/PDU/PDU4B/Outlet/Outlet12/RmsCurrent","random(10.0, 30.0, true)","Double"
"0","Exchange/DataCenterDemo/Site1/DataHall1/Section4/PDU/PDU8B/Outlet/Outlet11/RmsCurrent","random(10.0, 30.0, true)","Double"
"0","Exchange/DataCenterDemo/Site1/DataHall1/Section4/PDU/PDU12A/Outlet/Outlet13/RmsCurrent","random(10.0, 30.0, true)","Double"
"0","Exchange/DataCenterDemo/Site1/DataHall2/Section2/UPS/UPS1A/Output/SystemOutputVoltageBC","random(480.0, 480.5, true)","Double"
"0","Exchange/DataCenterDemo/Site1/DataHall1/Section1/Breaker/Breaker3A/Metering/VoltageMeanLL","random(470.0, 490.0, true)","Double"
"0","Exchange/DataCenterDemo/Site1/DataHall1/Section1/Heatmap/Aisle11/Sensor1/Humidity","cosine(46.0, 48.0, 90.264, true)","Double"
"0","Exchange/DataCenterDemo/Site1/DataHall1/Section2/AHU/AHU5/Temperature/SupplyAirTemperature","sine(21.0, 22.0, 93.599, true)","Double"
"0","Exchange/DataCenterDemo/Site1/DataHall1/Section3/PDU/PDU7A/Outlet/Outlet7/RmsCurrent","random(10.0, 30.0, true)","Double"
"0","Exchange/DataCenterDemo/Site1/DataHall1/Section4/PDU/PDU4A/Outlet/Outlet5/RmsCurrent","random(10.0, 30.0, true)","Double"
"0","Exchange/DataCenterDemo/Site1/DataHall1/Section2/PDU/PDU8A/Outlet/Outlet6/RmsCurrent","random(10.0, 30.0, true)","Double"
"0","Exchange/DataCenterDemo/Site1/DataHall2/Section1/PDU/PDU8A/Outlet/Outlet15/RmsCurrent","random(10.0, 30.0, true)","Double"
"0","Exchange/DataCenterDemo/Site1/DataHall1/Section1/PDU/PDU2A/Outlet/Outlet3/RmsCurrent","random(10.0, 30.0, true)","Double"
"0","Exchange/DataCenterDemo/Site1/DataHall2/Section2/AHU/AHU7/Fan/FanSpeedCommand","square(70.0, 100.0, 107.875, true)","Double"
"0","Exchange/DataCenterDemo/Site1/DataHall2/Section2/UPS/UPS1B/Battery/BatteryCapacityRemaining","ramp(95.0, 99.0, 91.375, true)","Double"
"0","Exchange/DataCenterDemo/Site1/DataHall2/Section3/PDU/PDU12B/Outlet/Outlet8/RmsCurrent","random(10.0, 30.0, true)","Double"
"0","Exchange/DataCenterDemo/Site1/DataHall2/Section2/PDU/PDU3A/Outlet/Outlet13/RmsCurrent","random(10.0, 30.0, true)","Double"
"0","Exchange/DataCenterDemo/Site1/DataHall2/Section4/PDU/PDU6A/Outlet/Outlet13/RmsCurrent","random(10.0, 30.0, true)","Double"
"0","Exchange/DataCenterDemo/Site1/DataHall2/Section2/Breaker/Breaker3A/Metering/VoltageMeanLL","random(470.0, 490.0, true)","Double"
"0","Exchange/DataCenterDemo/Site1/DataHall2/Section2/PDU/PDU11B/Outlet/Outlet13/RmsCurrent","random(10.0, 30.0, true)","Double"
"0","Exchange/DataCenterDemo/Site1/DataHall1/Section2/AHU/AHU3/Temperature/ReturnAirTemperature","sine(30.0, 34.0, 199.733, true)","Double"
"0","Exchange/DataCenterDemo/Site1/DataHall2/Section3/PDU/PDU7A/Outlet/Outlet2/RmsCurrent","random(10.0, 30.0, true)","Double"
"0","Exchange/DataCenterDemo/Site1/DataHall1/Section4/PDU/PDU2B/Outlet/Outlet10/RmsCurrent","random(10.0, 30.0, true)","Double"
"0","Exchange/DataCenterDemo/Site1/DataHall1/Section3/PDU/PDU8A/Outlet/Outlet3/RmsCurrent","random(10.0, 30.0, true)","Double"
"0","Exchange/DataCenterDemo/Site1/DataHall1/Section1/PDU/PDU11B/Outlet/Outlet2/RmsCurrent","random(10.0, 30.0, true)","Double"
"0","Exchange/DataCenterDemo/Site1/DataHall1/Section4/PDU/PDU9B/Outlet/Outlet2/RmsCurrent","random(10.0, 30.0, true)","Double"
"0","Exchange/DataCenterDemo/Site1/DataHall2/Section4/PDU/PDU12B/Outlet/Outlet6/RmsCurrent","random(10.0, 30.0, true)","Double"
"0","Exchange/DataCenterDemo/Site1/DataHall2/Section3/PDU/PDU3A/Outlet/Outlet11/RmsCurrent","random(10.0, 30.0, true)","Double"
"0","Exchange/DataCenterDemo/Site1/DataHall1/Section2/Heatmap/Aisle3/Sensor3/Humidity","cosine(46.0, 48.0, 102.323, true)","Double"
"0","Exchange/DataCenterDemo/Site1/DataHall2/Section2/UPS/UPS1A/Output/SystemOutputVoltageCA","random(480.0, 480.5, true)","Double"
"0","Exchange/DataCenterDemo/Site1/DataHall2/Section2/PDU/PDU6A/Outlet/Outlet9/RmsCurrent","random(10.0, 30.0, true)","Double"
"0","Exchange/DataCenterDemo/Site1/DataHall1/Section4/PDU/PDU11A/Outlet/Outlet6/RmsCurrent","random(10.0, 30.0, true)","Double"
"0","Exchange/DataCenterDemo/Site1/DataHall2/Section4/PDU/PDU1B/Outlet/Outlet2/RmsCurrent","random(10.0, 30.0, true)","Double"
"0","Exchange/DataCenterDemo/Site1/DataHall2/Section4/PDU/PDU3A/Outlet/Outlet4/RmsCurrent","random(10.0, 30.0, true)","Double"
"0","Exchange/DataCenterDemo/Site1/DataHall1/Section1/Heatmap/Aisle10/Sensor3/Temperature","random(38.0, 43.9, true)","Double"
"0","Exchange/DataCenterDemo/Site1/DataHall2/Section1/PDU/PDU1A/Outlet/Outlet2/RmsCurrent","random(10.0, 30.0, true)","Double"
"0","Exchange/DataCenterDemo/Site1/DataHall1/Section2/UPS/UPS1A/Input/SystemInputCurrentC","random(1600.0, 1900.0, true)","Double"
"0","Exchange/DataCenterDemo/Site1/DataHall2/Section1/Heatmap/Aisle6/Sensor2/Temperature","random(38.0, 43.9, true)","Double"
"0","Exchange/DataCenterDemo/Site1/DataHall1/Section2/UPS/UPS1A/Input/SystemInputCurrentB","random(1600.0, 1900.0, true)","Double"
"0","Exchange/DataCenterDemo/Site1/DataHall1/Section2/UPS/UPS1A/Input/SystemInputCurrentA","random(1600.0, 1900.0, true)","Double"
"0","Exchange/DataCenterDemo/Site1/DataHall1/Section1/PDU/PDU10A/Outlet/Outlet13/RmsCurrent","random(10.0, 30.0, true)","Double"
"0","Exchange/DataCenterDemo/Site1/DataHall1/Section4/PDU/PDU8A/Outlet/Outlet15/RmsCurrent","random(10.0, 30.0, true)","Double"
"0","Exchange/DataCenterDemo/Site1/DataHall2/Section2/Heatmap/Aisle13/Sensor2/Temperature","random(18.0, 23.9, true)","Double"
"0","Exchange/DataCenterDemo/Site1/DataHall2/Section4/PDU/PDU1B/Outlet/Outlet16/RmsCurrent","random(10.0, 30.0, true)","Double"
"0","Exchange/DataCenterDemo/Site1/DataHall2/Section3/Heatmap/Aisle13/Sensor3/Temperature","random(18.0, 23.9, true)","Double"
"0","Exchange/DataCenterDemo/Site1/DataHall1/Section2/PDU/PDU10B/Outlet/Outlet11/RmsCurrent","random(10.0, 30.0, true)","Double"
"0","Exchange/DataCenterDemo/Site1/DataHall1/Section3/PDU/PDU9B/Outlet/Outlet5/RmsCurrent","random(10.0, 30.0, true)","Double"
"0","Exchange/DataCenterDemo/Site1/DataHall1/Section1/PDU/PDU9B/Outlet/Outlet9/RmsCurrent","random(10.0, 30.0, true)","Double"
"0","Exchange/DataCenterDemo/Site1/DataHall1/Section4/PDU/PDU2A/Outlet/Outlet14/RmsCurrent","random(10.0, 30.0, true)","Double"
"0","Exchange/DataCenterDemo/Site1/DataHall1/Section2/PDU/PDU1A/Outlet/Outlet10/RmsCurrent","random(10.0, 30.0, true)","Double"
"0","Exchange/DataCenterDemo/Site1/DataHall2/Section3/PDU/PDU6A/Outlet/Outlet15/RmsCurrent","random(10.0, 30.0, true)","Double"
"0","Exchange/DataCenterDemo/Site1/DataHall1/Section3/PDU/PDU2B/Outlet/Outlet12/RmsCurrent","random(10.0, 30.0, true)","Double"
"0","Exchange/DataCenterDemo/Site1/DataHall2/Section2/AHU/AHU1/Temperature/ReturnAirTemperature","sine(30.0, 34.0, 204.124, true)","Double"
"0","Exchange/DataCenterDemo/Site1/DataHall2/Section3/PDU/PDU9A/Outlet/Outlet12/RmsCurrent","random(10.0, 30.0, true)","Double"
"0","Exchange/DataCenterDemo/Site1/DataHall1/Section2/PDU/PDU4B/Outlet/Outlet5/RmsCurrent","random(10.0, 30.0, true)","Double"
"0","Exchange/DataCenterDemo/Site1/DataHall2/Section2/PDU/PDU1B/Outlet/Outlet16/RmsCurrent","random(10.0, 30.0, true)","Double"
"0","Exchange/DataCenterDemo/Site1/DataHall1/Section4/PDU/PDU2B/Outlet/Outlet3/RmsCurrent","random(10.0, 30.0, true)","Double"
"0","Exchange/DataCenterDemo/Site1/DataHall2/Section1/PDU/PDU5A/Outlet/Outlet11/RmsCurrent","random(10.0, 30.0, true)","Double"
"0","Exchange/DataCenterDemo/Site1/DataHall2/Section3/PDU/PDU8B/Outlet/Outlet4/RmsCurrent","random(10.0, 30.0, true)","Double"
"0","Exchange/DataCenterDemo/Site1/DataHall2/Section2/PDU/PDU3B/Outlet/Outlet4/RmsCurrent","random(10.0, 30.0, true)","Double"
"0","Exchange/DataCenterDemo/Site1/DataHall1/Section3/PDU/PDU2B/Outlet/Outlet6/RmsCurrent","random(10.0, 30.0, true)","Double"
"0","Exchange/DataCenterDemo/Site1/DataHall1/Section4/PDU/PDU5A/Outlet/Outlet11/RmsCurrent","random(10.0, 30.0, true)","Double"
"0","Exchange/DataCenterDemo/Site1/DataHall1/Section4/PDU/PDU1B/Outlet/Outlet7/RmsCurrent","random(10.0, 30.0, true)","Double"
"0","Exchange/DataCenterDemo/Site1/DataHall2/Section1/AHU/AHU2/Temperature/MixedAirTemperature","cosine(14.0, 16.0, 90.01, true)","Double"
"0","Exchange/DataCenterDemo/Site1/DataHall2/Section2/PDU/PDU6B/Outlet/Outlet13/RmsCurrent","random(10.0, 30.0, true)","Double"
"0","Exchange/DataCenterDemo/Architecture/EAM/Agents/Edge 3/Independent/Metrics/System/CPU Usage","ramp(3.0, 18.0, 0.915, true)","Double"
"0","Exchange/DataCenterDemo/Site1/DataHall2/Section3/Heatmap/Aisle4/Sensor3/Humidity","cosine(42.0, 44.0, 109.694, true)","Double"
"0","Exchange/DataCenterDemo/Site1/DataHall2/Section2/PDU/PDU8B/Outlet/Outlet16/RmsCurrent","random(10.0, 30.0, true)","Double"
"0","Exchange/DataCenterDemo/Site1/DataHall2/Section2/AHU/AHU5/Fan/SupplyAirStaticPressure","cosine(210.0, 225.0, 103.339, true)","Double"
"0","Exchange/DataCenterDemo/Site1/DataHall1/Section2/PDU/PDU7A/Outlet/Outlet3/RmsCurrent","random(10.0, 30.0, true)","Double"
"0","Exchange/DataCenterDemo/Site1/DataHall1/Section4/Heatmap/Aisle5/Sensor3/Humidity","cosine(46.0, 48.0, 90.076, true)","Double"
"0","Exchange/DataCenterDemo/Site1/DataHall1/Section3/PDU/PDU1B/Outlet/Outlet3/RmsCurrent","random(10.0, 30.0, true)","Double"
"0","Exchange/DataCenterDemo/Site1/DataHall1/Section4/PDU/PDU2A/Outlet/Outlet6/RmsCurrent","random(10.0, 30.0, true)","Double"
"0","Exchange/DataCenterDemo/Site1/DataHall1/Section3/PDU/PDU4B/Outlet/Outlet2/RmsCurrent","random(10.0, 30.0, true)","Double"
"0","Exchange/DataCenterDemo/Site1/DataHall2/Section3/PDU/PDU11B/Outlet/Outlet15/RmsCurrent","random(10.0, 30.0, true)","Double"
"0","Exchange/DataCenterDemo/Site1/DataHall1/Section3/Heatmap/Aisle1/Sensor1/Humidity","cosine(46.0, 48.0, 94.374, true)","Double"
"0","Exchange/DataCenterDemo/Site1/DataHall1/Section1/PDU/PDU12B/Outlet/Outlet5/RmsCurrent","random(10.0, 30.0, true)","Double"
"0","Exchange/DataCenterDemo/Site1/DataHall2/Section2/Heatmap/Aisle2/Sensor2/Temperature","random(38.0, 43.9, true)","Double"
"0","Exchange/DataCenterDemo/Site1/DataHall1/Section3/PDU/PDU1A/Outlet/Outlet15/RmsCurrent","random(10.0, 30.0, true)","Double"
"0","Exchange/DataCenterDemo/Site1/DataHall2/Section1/PDU/PDU7B/Outlet/Outlet2/RmsCurrent","random(10.0, 30.0, true)","Double"
"0","Exchange/DataCenterDemo/Site1/DataHall2/Section2/PDU/PDU6B/Outlet/Outlet6/RmsCurrent","random(10.0, 30.0, true)","Double"
"0","Exchange/DataCenterDemo/Site1/DataHall2/Section1/PDU/PDU1B/Outlet/Outlet11/RmsCurrent","random(10.0, 30.0, true)","Double"
"0","Exchange/DataCenterDemo/Site1/DataHall2/Section4/PDU/PDU9B/Outlet/Outlet4/RmsCurrent","random(10.0, 30.0, true)","Double"
"0","Exchange/DataCenterDemo/Site1/DataHall1/Section2/Heatmap/Aisle10/Sensor1/Humidity","cosine(42.0, 44.0, 99.336, true)","Double"
"0","Exchange/DataCenterDemo/Site1/DataHall1/Section4/UPS/UPS2B/Output/SystemOutputVoltageCA","random(480.0, 480.5, true)","Double"
"0","Exchange/DataCenterDemo/Site1/DataHall1/Section2/PDU/PDU12B/Outlet/Outlet3/RmsCurrent","random(10.0, 30.0, true)","Double"
"0","Exchange/DataCenterDemo/Site1/DataHall1/Section3/PDU/PDU11B/Outlet/Outlet15/RmsCurrent","random(10.0, 30.0, true)","Double"
"0","Exchange/DataCenterDemo/Site1/DataHall2/Section3/PDU/PDU7A/Outlet/Outlet9/RmsCurrent","random(10.0, 30.0, true)","Double"
"0","Exchange/DataCenterDemo/Site1/DataHall2/Section2/PDU/PDU1A/Outlet/Outlet6/RmsCurrent","random(10.0, 30.0, true)","Double"
"0","Exchange/DataCenterDemo/Site1/DataHall2/Section3/UPS/UPS1B/Output/SystemOutputCurrentA","random(1500.0, 1800.0, true)","Double"
"0","Exchange/DataCenterDemo/Architecture/EAM/Agents/Edge 1/Independent/Metrics/Logging/Errors Per Minute","random(0.0, 1.5, true)","Double"
"0","Exchange/DataCenterDemo/Site1/DataHall2/Section3/UPS/UPS1B/Output/SystemOutputCurrentB","random(1500.0, 1800.0, true)","Double"
"0","Exchange/DataCenterDemo/Site1/DataHall2/Section4/PDU/PDU2B/Outlet/Outlet5/RmsCurrent","random(10.0, 30.0, true)","Double"
"0","Exchange/DataCenterDemo/Site1/DataHall1/Section4/PDU/PDU10B/Outlet/Outlet7/RmsCurrent","random(10.0, 30.0, true)","Double"
"0","Exchange/DataCenterDemo/Site1/DataHall1/Section2/PDU/PDU1B/Outlet/Outlet13/RmsCurrent","random(10.0, 30.0, true)","Double"
"0","Exchange/DataCenterDemo/Site1/DataHall1/Section3/AHU/AHU2/Fan/FanSpeedFeedback","cosine(70.0, 100.0, 104.241, true)","Double"
"0","Exchange/DataCenterDemo/Site1/DataHall1/Section4/AHU/AHU5/Temperature/MixedAirTemperature","cosine(14.0, 16.0, 95.68, true)","Double"
"0","Exchange/DataCenterDemo/Site1/DataHall2/Section4/PDU/PDU12A/Outlet/Outlet9/RmsCurrent","random(10.0, 30.0, true)","Double"
"0","Exchange/DataCenterDemo/Site1/DataHall1/Section3/Heatmap/Aisle5/Sensor1/Humidity","cosine(46.0, 48.0, 105.101, true)","Double"
"0","Exchange/DataCenterDemo/Site1/DataHall2/Section2/PDU/PDU9A/Outlet/Outlet1/RmsCurrent","random(10.0, 30.0, true)","Double"
"0","Exchange/DataCenterDemo/Site1/DataHall2/Section2/PDU/PDU1A/Outlet/Outlet13/RmsCurrent","random(10.0, 30.0, true)","Double"
"0","Exchange/DataCenterDemo/Site1/DataHall1/Section4/AHU/AHU5/Fan/SupplyAirStaticPressure","cosine(210.0, 225.0, 93.597, true)","Double"
"0","Exchange/DataCenterDemo/Site1/DataHall2/Section4/PDU/PDU1B/Outlet/Outlet9/RmsCurrent","random(10.0, 30.0, true)","Double"
"0","Exchange/DataCenterDemo/Site1/DataHall2/Section3/Heatmap/Aisle4/Sensor1/Temperature","random(38.0, 43.9, true)","Double"
"0","Exchange/DataCenterDemo/Site1/DataHall1/Section3/PDU/PDU11B/Outlet/Outlet5/RmsCurrent","random(10.0, 30.0, true)","Double"
"0","Exchange/DataCenterDemo/Site1/DataHall1/Section3/PDU/PDU12A/Outlet/Outlet11/RmsCurrent","random(10.0, 30.0, true)","Double"
"0","Exchange/DataCenterDemo/Site1/DataHall2/Section3/UPS/UPS1B/Output/SystemOutputCurrentC","random(1500.0, 1800.0, true)","Double"
"0","Exchange/DataCenterDemo/Site1/DataHall2/Section1/Breaker/Breaker1A/Metering/VoltageMeanLL","random(470.0, 490.0, true)","Double"
"0","Exchange/DataCenterDemo/Site1/DataHall2/Section1/Heatmap/Aisle9/Sensor1/Humidity","cosine(46.0, 48.0, 104.244, true)","Double"
"0","Exchange/DataCenterDemo/Site1/DataHall2/Section2/PDU/PDU2A/Outlet/Outlet2/RmsCurrent","random(10.0, 30.0, true)","Double"
"0","Exchange/DataCenterDemo/Site1/DataHall2/Section3/Heatmap/Aisle6/Sensor1/Temperature","random(38.0, 43.9, true)","Double"
"0","Exchange/DataCenterDemo/Site1/DataHall2/Section4/AHU/AHU3/Fan/SupplyAirStaticPressure","cosine(210.0, 225.0, 95.437, true)","Double"
"0","Exchange/DataCenterDemo/Site1/DataHall2/Section4/PDU/PDU11B/Outlet/Outlet15/RmsCurrent","random(10.0, 30.0, true)","Double"
"0","Exchange/DataCenterDemo/Site1/DataHall1/Section3/AHU/AHU1/Fan/FanSpeedCommand","square(70.0, 100.0, 108.343, true)","Double"
"0","Exchange/DataCenterDemo/Site1/DataHall1/Section1/UPS/UPS2A/Output/SystemOutputVoltageCA","random(480.0, 480.5, true)","Double"
"0","Exchange/DataCenterDemo/Site1/DataHall2/Section1/PDU/PDU8B/Outlet/Outlet11/RmsCurrent","random(10.0, 30.0, true)","Double"
"0","Exchange/DataCenterDemo/Site1/DataHall1/Section2/Heatmap/Aisle9/Sensor1/Humidity","cosine(46.0, 48.0, 96.574, true)","Double"
"0","Exchange/DataCenterDemo/Site1/DataHall1/Section2/PDU/PDU3A/Outlet/Outlet13/RmsCurrent","random(10.0, 30.0, true)","Double"
"0","Exchange/DataCenterDemo/Site1/DataHall1/Section3/PDU/PDU10B/Outlet/Outlet9/RmsCurrent","random(10.0, 30.0, true)","Double"
"0","Exchange/DataCenterDemo/Site1/DataHall1/Section4/UPS/UPS2B/Output/SystemOutputVoltageAB","random(480.0, 480.5, true)","Double"
"0","Exchange/DataCenterDemo/Site1/DataHall1/Section4/PDU/PDU11B/Outlet/Outlet15/RmsCurrent","random(10.0, 30.0, true)","Double"
"0","Exchange/DataCenterDemo/Site1/DataHall1/Section2/AHU/AHU7/Fan/FanSpeedCommand","square(70.0, 100.0, 108.533, true)","Double"
"0","Exchange/DataCenterDemo/Site1/DataHall2/Section4/UPS/UPS1B/Output/SystemOutputCurrentA","random(1500.0, 1800.0, true)","Double"
"0","Exchange/DataCenterDemo/Site1/DataHall1/Section4/Breaker/Breaker4A/Metering/CurrentC","random(4300.0, 5800.0, true)","Double"
"0","Exchange/DataCenterDemo/Site1/DataHall1/Section2/PDU/PDU1A/Outlet/Outlet4/RmsCurrent","random(10.0, 30.0, true)","Double"
"0","Exchange/DataCenterDemo/Site1/DataHall1/Section4/Breaker/Breaker4A/Metering/CurrentB","random(4300.0, 5800.0, true)","Double"
"0","Exchange/DataCenterDemo/Site1/DataHall1/Section4/Breaker/Breaker4A/Metering/CurrentA","random(4300.0, 5800.0, true)","Double"
"0","Exchange/DataCenterDemo/Site1/DataHall1/Section3/PDU/PDU5A/Outlet/Outlet16/RmsCurrent","random(10.0, 30.0, true)","Double"
"0","Exchange/DataCenterDemo/Site1/DataHall1/Section3/PDU/PDU8A/Outlet/Outlet10/RmsCurrent","random(10.0, 30.0, true)","Double"
"0","Exchange/DataCenterDemo/Site1/DataHall2/Section1/PDU/PDU11B/Outlet/Outlet13/RmsCurrent","random(10.0, 30.0, true)","Double"
"0","Exchange/DataCenterDemo/Site1/DataHall1/Section4/Heatmap/Aisle2/Sensor2/Temperature","random(38.0, 43.9, true)","Double"
"0","Exchange/DataCenterDemo/Site1/DataHall2/Section3/AHU/AHU2/Status/IsAhuRunning","1.0","Double"
"0","Exchange/DataCenterDemo/Site1/DataHall2/Section3/PDU/PDU12A/Outlet/Outlet11/RmsCurrent","random(10.0, 30.0, true)","Double"
"0","Exchange/DataCenterDemo/Site1/DataHall2/Section4/PQM/PQM1A/Freq/Frequency","ramp(59.7, 60.3, 1.016, true)","Double"
"0","Exchange/DataCenterDemo/Site1/DataHall2/Section2/PDU/PDU8A/Outlet/Outlet13/RmsCurrent","random(10.0, 30.0, true)","Double"
"0","Exchange/DataCenterDemo/Site1/DataHall1/Section2/PDU/PDU6A/Outlet/Outlet7/RmsCurrent","random(10.0, 30.0, true)","Double"
"0","Exchange/DataCenterDemo/Site1/DataHall2/Section4/PQM/PQM1B/Current/CurrentA","random(3750.0, 4100.0, true)","Double"
"0","Exchange/DataCenterDemo/Site1/DataHall1/Section4/PDU/PDU6A/Outlet/Outlet1/RmsCurrent","random(10.0, 30.0, true)","Double"
"0","Exchange/DataCenterDemo/Site1/DataHall2/Section4/PQM/PQM1B/Current/CurrentB","random(3750.0, 4100.0, true)","Double"
"0","Exchange/DataCenterDemo/Site1/DataHall1/Section1/PDU/PDU10B/Outlet/Outlet9/RmsCurrent","random(10.0, 30.0, true)","Double"
"0","Exchange/DataCenterDemo/Site1/DataHall1/Section2/PDU/PDU11B/Outlet/Outlet7/RmsCurrent","random(10.0, 30.0, true)","Double"
"0","Exchange/DataCenterDemo/Site1/DataHall2/Section2/UPS/UPS1A/Output/SystemOutputVoltageAB","random(480.0, 480.5, true)","Double"
"0","Exchange/DataCenterDemo/Site1/DataHall2/Section4/PQM/PQM1B/Current/CurrentC","random(3750.0, 4100.0, true)","Double"
"0","Exchange/DataCenterDemo/Site1/DataHall1/Section1/PDU/PDU1A/Outlet/Outlet7/RmsCurrent","random(10.0, 30.0, true)","Double"
"0","Exchange/DataCenterDemo/Site1/DataHall2/Section1/Heatmap/Aisle12/Sensor1/Temperature","random(38.0, 43.9, true)","Double"
"0","Exchange/DataCenterDemo/Site1/DataHall1/Section2/PDU/PDU5B/Outlet/Outlet14/RmsCurrent","random(10.0, 30.0, true)","Double"
"0","Exchange/DataCenterDemo/Site1/DataHall1/Section4/UPS/UPS2B/Output/SystemOutputVoltageBC","random(480.0, 480.5, true)","Double"
"0","Exchange/DataCenterDemo/Site1/DataHall1/Section4/PQM/PQM2A/PQ/ThdVoltageAN","3.3","Double"
"0","Exchange/DataCenterDemo/Site1/DataHall2/Section1/PDU/PDU12B/Outlet/Outlet8/RmsCurrent","random(10.0, 30.0, true)","Double"
"0","Exchange/DataCenterDemo/Site1/DataHall2/Section1/PDU/PDU3B/Outlet/Outlet11/RmsCurrent","random(10.0, 30.0, true)","Double"
"0","Exchange/DataCenterDemo/Site1/DataHall2/Section2/PDU/PDU2A/Outlet/Outlet12/RmsCurrent","random(10.0, 30.0, true)","Double"
"0","Exchange/DataCenterDemo/Site1/DataHall1/Section2/PDU/PDU12A/Outlet/Outlet11/RmsCurrent","random(10.0, 30.0, true)","Double"
"0","Exchange/DataCenterDemo/Site1/DataHall2/Section4/UPS/UPS1B/Output/SystemOutputCurrentC","random(1500.0, 1800.0, true)","Double"
"0","Exchange/DataCenterDemo/Site1/DataHall2/Section4/UPS/UPS1B/Output/SystemOutputCurrentB","random(1500.0, 1800.0, true)","Double"
"0","Exchange/DataCenterDemo/Site1/DataHall1/Section2/PDU/PDU9A/Outlet/Outlet14/RmsCurrent","random(10.0, 30.0, true)","Double"
"0","Exchange/DataCenterDemo/Site1/DataHall2/Section1/PDU/PDU3A/Outlet/Outlet8/RmsCurrent","random(10.0, 30.0, true)","Double"
"0","Exchange/DataCenterDemo/Site1/DataHall2/Section2/PDU/PDU10A/Outlet/Outlet5/RmsCurrent","random(10.0, 30.0, true)","Double"
"0","Exchange/DataCenterDemo/Site1/DataHall2/Section2/PDU/PDU5B/Outlet/Outlet3/RmsCurrent","random(10.0, 30.0, true)","Double"
"0","Exchange/DataCenterDemo/Site1/DataHall2/Section3/PDU/PDU12B/Outlet/Outlet14/RmsCurrent","random(10.0, 30.0, true)","Double"
"0","Exchange/DataCenterDemo/Site1/DataHall2/Section1/PDU/PDU9B/Outlet/Outlet1/RmsCurrent","random(10.0, 30.0, true)","Double"
"0","Exchange/DataCenterDemo/Site1/DataHall2/Section4/PDU/PDU7A/Outlet/Outlet14/RmsCurrent","random(10.0, 30.0, true)","Double"
"0","Exchange/DataCenterDemo/Site1/DataHall2/Section4/PDU/PDU3B/Outlet/Outlet8/RmsCurrent","random(10.0, 30.0, true)","Double"
"0","Exchange/DataCenterDemo/Site1/DataHall2/Section3/PDU/PDU4B/Outlet/Outlet4/RmsCurrent","random(10.0, 30.0, true)","Double"
"0","Exchange/DataCenterDemo/Site1/DataHall2/Section1/PDU/PDU1B/Outlet/Outlet6/RmsCurrent","random(10.0, 30.0, true)","Double"
"0","Exchange/DataCenterDemo/Site1/DataHall1/Section1/UPS/UPS1A/Input/SystemInputVoltageAB","random(470.0, 490.0, true)","Double"
"0","Exchange/DataCenterDemo/Site1/DataHall1/Section4/AHU/AHU3/Fan/SupplyAirStaticPressure","cosine(210.0, 225.0, 106.734, true)","Double"
"0","Exchange/DataCenterDemo/Site1/DataHall2/Section1/PQM/PQM1B/Freq/Frequency","ramp(59.7, 60.3, 1.093, true)","Double"
"0","Exchange/DataCenterDemo/Site1/DataHall1/Section2/AHU/AHU5/Fan/FanSpeedCommand","square(70.0, 100.0, 96.001, true)","Double"
"0","Exchange/DataCenterDemo/Site1/DataHall2/Section3/PDU/PDU10A/Outlet/Outlet3/RmsCurrent","random(10.0, 30.0, true)","Double"
"0","Exchange/DataCenterDemo/Site1/DataHall1/Section1/UPS/UPS2A/Output/SystemOutputVoltageAB","random(480.0, 480.5, true)","Double"
"0","Exchange/DataCenterDemo/Site1/DataHall1/Section2/Heatmap/Aisle10/Sensor1/Temperature","random(38.0, 43.9, true)","Double"
"0","Exchange/DataCenterDemo/Site1/DataHall1/Section3/PDU/PDU12B/Outlet/Outlet14/RmsCurrent","random(10.0, 30.0, true)","Double"
"0","Exchange/DataCenterDemo/Site1/DataHall1/Section1/PDU/PDU9A/Outlet/Outlet2/RmsCurrent","random(10.0, 30.0, true)","Double"
"0","Exchange/DataCenterDemo/Site1/DataHall1/Section3/PDU/PDU5A/Outlet/Outlet1/RmsCurrent","random(10.0, 30.0, true)","Double"
"0","Exchange/DataCenterDemo/Site1/DataHall1/Section1/UPS/UPS2B/Input/SystemInputPowerFactor","random(0.95, 0.98, true)","Double"
"0","Exchange/DataCenterDemo/Site1/DataHall2/Section3/PQM/PQM1A/PQ/ThdVoltageAN","3.3","Double"
"0","Exchange/DataCenterDemo/Site1/DataHall1/Section3/PDU/PDU12B/Outlet/Outlet8/RmsCurrent","random(10.0, 30.0, true)","Double"
"0","Exchange/DataCenterDemo/Site1/DataHall2/Section3/PDU/PDU11A/Outlet/Outlet12/RmsCurrent","random(10.0, 30.0, true)","Double"
"0","Exchange/DataCenterDemo/Site1/DataHall2/Section2/PDU/PDU11A/Outlet/Outlet1/RmsCurrent","random(10.0, 30.0, true)","Double"
"0","Exchange/DataCenterDemo/Site1/DataHall1/Section1/PDU/PDU9B/Outlet/Outlet12/RmsCurrent","random(10.0, 30.0, true)","Double"
"0","Exchange/DataCenterDemo/Site1/DataHall2/Section2/PDU/PDU12A/Outlet/Outlet11/RmsCurrent","random(10.0, 30.0, true)","Double"
"0","Exchange/DataCenterDemo/Site1/DataHall1/Section4/PDU/PDU6B/Outlet/Outlet3/RmsCurrent","random(10.0, 30.0, true)","Double"
"0","Exchange/DataCenterDemo/Site1/DataHall1/Section1/PDU/PDU1A/Outlet/Outlet15/RmsCurrent","random(10.0, 30.0, true)","Double"
"0","Exchange/DataCenterDemo/Site1/DataHall2/Section2/PDU/PDU4B/Outlet/Outlet7/RmsCurrent","random(10.0, 30.0, true)","Double"
"0","Exchange/DataCenterDemo/Site1/DataHall1/Section1/PDU/PDU4B/Outlet/Outlet1/RmsCurrent","random(10.0, 30.0, true)","Double"
"0","Exchange/DataCenterDemo/Site1/DataHall1/Section2/PDU/PDU5A/Outlet/Outlet4/RmsCurrent","random(10.0, 30.0, true)","Double"
"0","Exchange/DataCenterDemo/Site1/DataHall2/Section1/PDU/PDU8B/Outlet/Outlet5/RmsCurrent","random(10.0, 30.0, true)","Double"
"0","Exchange/DataCenterDemo/Site1/DataHall2/Section3/PDU/PDU7B/Outlet/Outlet12/RmsCurrent","random(10.0, 30.0, true)","Double"
"0","Exchange/DataCenterDemo/Site1/DataHall1/Section1/Heatmap/Aisle7/Sensor3/Humidity","cosine(46.0, 48.0, 93.944, true)","Double"
"0","Exchange/DataCenterDemo/Site1/DataHall2/Section2/Breaker/Breaker6B/Metering/CurrentB","random(4300.0, 5800.0, true)","Double"
"0","Exchange/DataCenterDemo/Site1/DataHall2/Section2/Breaker/Breaker6B/Metering/CurrentA","random(4300.0, 5800.0, true)","Double"
"0","Exchange/DataCenterDemo/Site1/DataHall2/Section1/PDU/PDU10B/Outlet/Outlet9/RmsCurrent","random(10.0, 30.0, true)","Double"
"0","Exchange/DataCenterDemo/Site1/DataHall2/Section2/Breaker/Breaker6B/Metering/CurrentC","random(4300.0, 5800.0, true)","Double"
"0","Exchange/DataCenterDemo/Site1/DataHall1/Section1/Heatmap/Aisle7/Sensor2/Temperature","random(18.0, 23.9, true)","Double"
"0","Exchange/DataCenterDemo/Site1/DataHall2/Section4/PQM/PQM2B/PQ/ThdVoltageAN","3.3","Double"
"0","Exchange/DataCenterDemo/Site1/DataHall1/Section1/PDU/PDU9A/Outlet/Outlet16/RmsCurrent","random(10.0, 30.0, true)","Double"
"0","Exchange/DataCenterDemo/Site1/DataHall1/Section4/PDU/PDU11A/Outlet/Outlet12/RmsCurrent","random(10.0, 30.0, true)","Double"
"0","Exchange/DataCenterDemo/Site1/DataHall2/Section3/PDU/PDU1B/Outlet/Outlet11/RmsCurrent","random(10.0, 30.0, true)","Double"
"0","Exchange/DataCenterDemo/Site1/DataHall2/Section1/PDU/PDU5B/Outlet/Outlet6/RmsCurrent","random(10.0, 30.0, true)","Double"
"0","Exchange/DataCenterDemo/Site1/DataHall1/Section2/PDU/PDU3B/Outlet/Outlet2/RmsCurrent","random(10.0, 30.0, true)","Double"
"0","Exchange/DataCenterDemo/Site1/DataHall1/Section1/UPS/UPS2A/Output/SystemOutputVoltageBC","random(480.0, 480.5, true)","Double"
"0","Exchange/DataCenterDemo/Site1/DataHall2/Section4/PDU/PDU7B/Outlet/Outlet8/RmsCurrent","random(10.0, 30.0, true)","Double"
"0","Exchange/DataCenterDemo/Site1/DataHall2/Section2/Breaker/Breaker1A/Metering/VoltageMeanLL","random(470.0, 490.0, true)","Double"
"0","Exchange/DataCenterDemo/Architecture/EAM/Agents/Frontend 1/Independent/Metrics/Sessions/Designers","random(0.0, 2.0, true)","Double"
"0","Exchange/DataCenterDemo/Site1/DataHall1/Section1/PDU/PDU3B/Outlet/Outlet11/RmsCurrent","random(10.0, 30.0, true)","Double"
"0","Exchange/DataCenterDemo/Site1/DataHall2/Section1/AHU/AHU7/Temperature/MixedAirTemperature","cosine(14.0, 16.0, 109.217, true)","Double"
"0","Exchange/DataCenterDemo/Site1/DataHall1/Section4/PDU/PDU5B/Outlet/Outlet7/RmsCurrent","random(10.0, 30.0, true)","Double"
"0","Exchange/DataCenterDemo/Site1/DataHall1/Section1/Heatmap/Aisle5/Sensor2/Temperature","random(18.0, 23.9, true)","Double"
"0","Exchange/DataCenterDemo/Site1/DataHall1/Section1/PDU/PDU3B/Outlet/Outlet5/RmsCurrent","random(10.0, 30.0, true)","Double"
"0","Exchange/DataCenterDemo/Site1/DataHall1/Section2/Heatmap/Aisle1/Sensor2/Temperature","random(18.0, 23.9, true)","Double"
"0","Exchange/DataCenterDemo/Site1/DataHall1/Section1/PDU/PDU3A/Outlet/Outlet15/RmsCurrent","random(10.0, 30.0, true)","Double"
"0","Exchange/DataCenterDemo/Site1/DataHall1/Section3/PDU/PDU7A/Outlet/Outlet16/RmsCurrent","random(10.0, 30.0, true)","Double"
"0","Exchange/DataCenterDemo/Site1/DataHall1/Section1/UPS/UPS1A/Input/SystemInputVoltageCA","random(470.0, 490.0, true)","Double"
"0","Exchange/DataCenterDemo/Site1/DataHall2/Section1/PDU/PDU7B/Outlet/Outlet12/RmsCurrent","random(10.0, 30.0, true)","Double"
"0","Exchange/DataCenterDemo/Site1/DataHall2/Section4/PDU/PDU11B/Outlet/Outlet3/RmsCurrent","random(10.0, 30.0, true)","Double"
"0","Exchange/DataCenterDemo/Site1/DataHall1/Section3/PDU/PDU8B/Outlet/Outlet2/RmsCurrent","random(10.0, 30.0, true)","Double"
"0","Exchange/DataCenterDemo/Site1/DataHall2/Section2/PDU/PDU12B/Outlet/Outlet3/RmsCurrent","random(10.0, 30.0, true)","Double"
"0","Exchange/DataCenterDemo/Site1/DataHall2/Section1/PDU/PDU11B/Outlet/Outlet5/RmsCurrent","random(10.0, 30.0, true)","Double"
"0","Exchange/DataCenterDemo/Site1/DataHall1/Section2/PDU/PDU7B/Outlet/Outlet14/RmsCurrent","random(10.0, 30.0, true)","Double"
"0","Exchange/DataCenterDemo/Site1/DataHall1/Section1/PDU/PDU7A/Outlet/Outlet16/RmsCurrent","random(10.0, 30.0, true)","Double"
"0","Exchange/DataCenterDemo/Site1/DataHall2/Section4/PDU/PDU6B/Outlet/Outlet16/RmsCurrent","random(10.0, 30.0, true)","Double"
"0","Exchange/DataCenterDemo/Site1/DataHall1/Section1/AHU/AHU1/Temperature/MixedAirTemperature","cosine(14.0, 16.0, 103.919, true)","Double"
"0","Exchange/DataCenterDemo/Site1/DataHall1/Section2/PDU/PDU12B/Outlet/Outlet14/RmsCurrent","random(10.0, 30.0, true)","Double"
"0","Exchange/DataCenterDemo/Site1/DataHall1/Section4/PDU/PDU7A/Outlet/Outlet14/RmsCurrent","random(10.0, 30.0, true)","Double"
"0","Exchange/DataCenterDemo/Site1/DataHall2/Section3/UPS/UPS1A/Input/SystemInputPowerFactor","random(0.95, 0.98, true)","Double"
"0","Exchange/DataCenterDemo/Site1/DataHall2/Section2/PDU/PDU2B/Outlet/Outlet15/RmsCurrent","random(10.0, 30.0, true)","Double"
"0","Exchange/DataCenterDemo/Site1/DataHall2/Section1/Heatmap/Aisle12/Sensor1/Humidity","cosine(42.0, 44.0, 96.002, true)","Double"
"0","Exchange/DataCenterDemo/Site1/DataHall2/Section1/PDU/PDU1A/Outlet/Outlet15/RmsCurrent","random(10.0, 30.0, true)","Double"
"0","Exchange/DataCenterDemo/Site1/DataHall2/Section4/PDU/PDU11A/Outlet/Outlet12/RmsCurrent","random(10.0, 30.0, true)","Double"
"0","Exchange/DataCenterDemo/Site1/DataHall2/Section2/PDU/PDU8A/Outlet/Outlet8/RmsCurrent","random(10.0, 30.0, true)","Double"
"0","Exchange/DataCenterDemo/Site1/DataHall1/Section4/PDU/PDU1A/Outlet/Outlet13/RmsCurrent","random(10.0, 30.0, true)","Double"
"0","Exchange/DataCenterDemo/Site1/DataHall1/Section3/PDU/PDU7B/Outlet/Outlet12/RmsCurrent","random(10.0, 30.0, true)","Double"
"0","Exchange/DataCenterDemo/Site1/DataHall2/Section2/PDU/PDU10B/Outlet/Outlet14/RmsCurrent","random(10.0, 30.0, true)","Double"
"0","Exchange/DataCenterDemo/Site1/DataHall2/Section1/PDU/PDU11A/Outlet/Outlet3/RmsCurrent","random(10.0, 30.0, true)","Double"
"0","Exchange/DataCenterDemo/Site1/DataHall1/Section2/AHU/AHU6/Temperature/SupplyAirTemperature","sine(21.0, 22.0, 100.222, true)","Double"
"0","Exchange/DataCenterDemo/Site1/DataHall2/Section3/PDU/PDU12B/Outlet/Outlet1/RmsCurrent","random(10.0, 30.0, true)","Double"
"0","Exchange/DataCenterDemo/Site1/DataHall1/Section1/Heatmap/Aisle10/Sensor2/Humidity","cosine(42.0, 44.0, 108.09, true)","Double"
"0","Exchange/DataCenterDemo/Site1/DataHall1/Section1/UPS/UPS1A/Input/SystemInputVoltageBC","random(470.0, 490.0, true)","Double"
"0","Exchange/DataCenterDemo/Site1/DataHall1/Section3/Heatmap/Aisle3/Sensor1/Temperature","sine(21.0, 26.0, 300.0, true)","Double"
"0","Exchange/DataCenterDemo/Site1/DataHall2/Section2/PDU/PDU3A/Outlet/Outlet5/RmsCurrent","random(10.0, 30.0, true)","Double"
"0","Exchange/DataCenterDemo/Site1/DataHall2/Section4/Heatmap/Aisle12/Sensor3/Temperature","random(38.0, 43.9, true)","Double"
"0","Exchange/DataCenterDemo/Site1/DataHall1/Section4/PDU/PDU3A/Outlet/Outlet2/RmsCurrent","random(10.0, 30.0, true)","Double"
"0","Exchange/DataCenterDemo/Site1/DataHall2/Section3/PDU/PDU8A/Outlet/Outlet5/RmsCurrent","random(10.0, 30.0, true)","Double"
"0","Exchange/DataCenterDemo/Site1/DataHall1/Section3/PDU/PDU1B/Outlet/Outlet11/RmsCurrent","random(10.0, 30.0, true)","Double"
"0","Exchange/DataCenterDemo/Site1/DataHall2/Section2/PDU/PDU2A/Outlet/Outlet9/RmsCurrent","random(10.0, 30.0, true)","Double"
"0","Exchange/DataCenterDemo/Site1/DataHall2/Section2/PDU/PDU10B/Outlet/Outlet7/RmsCurrent","random(10.0, 30.0, true)","Double"
"0","Exchange/DataCenterDemo/Site1/DataHall2/Section3/PDU/PDU11B/Outlet/Outlet5/RmsCurrent","random(10.0, 30.0, true)","Double"
"0","Exchange/DataCenterDemo/Site1/DataHall1/Section3/PDU/PDU11A/Outlet/Outlet12/RmsCurrent","random(10.0, 30.0, true)","Double"
"0","Exchange/DataCenterDemo/Site1/DataHall1/Section2/Heatmap/Aisle9/Sensor1/Temperature","random(18.0, 23.9, true)","Double"
"0","Exchange/DataCenterDemo/Site1/DataHall1/Section3/AHU/AHU1/Status/IsAhuRunning","1.0","Double"
"0","Exchange/DataCenterDemo/Site1/DataHall1/Section2/PDU/PDU4A/Outlet/Outlet1/RmsCurrent","random(10.0, 30.0, true)","Double"
"0","Exchange/DataCenterDemo/Site1/DataHall2/Section2/Heatmap/Aisle4/Sensor2/Humidity","cosine(42.0, 44.0, 109.649, true)","Double"
"0","Exchange/DataCenterDemo/Site1/DataHall1/Section2/PDU/PDU8A/Outlet/Outlet15/RmsCurrent","random(10.0, 30.0, true)","Double"
"0","Exchange/DataCenterDemo/Site1/DataHall1/Section3/PDU/PDU7B/Outlet/Outlet4/RmsCurrent","random(10.0, 30.0, true)","Double"
"0","Exchange/DataCenterDemo/Site1/DataHall2/Section4/PDU/PDU8A/Outlet/Outlet13/RmsCurrent","random(10.0, 30.0, true)","Double"
"0","Exchange/DataCenterDemo/Site1/DataHall2/Section4/UPS/UPS1B/Output/SystemOutputVoltageBC","random(480.0, 480.5, true)","Double"
"0","Exchange/DataCenterDemo/Site1/DataHall1/Section3/PDU/PDU3A/Outlet/Outlet13/RmsCurrent","random(10.0, 30.0, true)","Double"
"0","Exchange/DataCenterDemo/Architecture/EAM/Agents/Backend - Master/Master/Metrics/Sessions/Designers","random(0.0, 2.0, true)","Double"
"0","Exchange/DataCenterDemo/Site1/DataHall2/Section1/PDU/PDU2B/Outlet/Outlet9/RmsCurrent","random(10.0, 30.0, true)","Double"
"0","Exchange/DataCenterDemo/Site1/DataHall2/Section2/PDU/PDU12A/Outlet/Outlet4/RmsCurrent","random(10.0, 30.0, true)","Double"
"0","Exchange/DataCenterDemo/Site1/DataHall1/Section4/PDU/PDU9B/Outlet/Outlet10/RmsCurrent","random(10.0, 30.0, true)","Double"
"0","Exchange/DataCenterDemo/Site1/DataHall1/Section1/PDU/PDU12B/Outlet/Outlet14/RmsCurrent","random(10.0, 30.0, true)","Double"
"0","Exchange/DataCenterDemo/Site1/DataHall2/Section3/PDU/PDU6B/Outlet/Outlet3/RmsCurrent","random(10.0, 30.0, true)","Double"
"0","Exchange/DataCenterDemo/Site1/DataHall2/Section3/AHU/AHU3/Fan/SupplyAirStaticPressure","cosine(210.0, 225.0, 93.947, true)","Double"
"0","Exchange/DataCenterDemo/Site1/DataHall1/Section2/PDU/PDU3B/Outlet/Outlet11/RmsCurrent","random(10.0, 30.0, true)","Double"
"0","Exchange/DataCenterDemo/Site1/DataHall2/Section2/PDU/PDU4A/Outlet/Outlet8/RmsCurrent","random(10.0, 30.0, true)","Double"
"0","Exchange/DataCenterDemo/Site1/DataHall1/Section3/PDU/PDU6B/Outlet/Outlet13/RmsCurrent","random(10.0, 30.0, true)","Double"
"0","Exchange/DataCenterDemo/Site1/DataHall2/Section4/UPS/UPS1B/Output/SystemOutputVoltageAB","random(480.0, 480.5, true)","Double"
"0","Exchange/DataCenterDemo/Site1/DataHall2/Section4/PDU/PDU3B/Outlet/Outlet3/RmsCurrent","random(10.0, 30.0, true)","Double"
"0","Exchange/DataCenterDemo/Site1/DataHall2/Section2/PDU/PDU7A/Outlet/Outlet14/RmsCurrent","random(10.0, 30.0, true)","Double"
"0","Exchange/DataCenterDemo/Site1/DataHall1/Section1/PDU/PDU7A/Outlet/Outlet1/RmsCurrent","random(10.0, 30.0, true)","Double"
"0","Exchange/DataCenterDemo/Site1/DataHall1/Section4/PDU/PDU6A/Outlet/Outlet10/RmsCurrent","random(10.0, 30.0, true)","Double"
"0","Exchange/DataCenterDemo/Site1/DataHall2/Section2/PDU/PDU5B/Outlet/Outlet14/RmsCurrent","random(10.0, 30.0, true)","Double"
"0","Exchange/DataCenterDemo/Site1/DataHall2/Section4/Heatmap/Aisle10/Sensor3/Humidity","cosine(42.0, 44.0, 90.53, true)","Double"
"0","Exchange/DataCenterDemo/Site1/DataHall1/Section3/Heatmap/Aisle12/Sensor2/Temperature","random(38.0, 43.9, true)","Double"
"0","Exchange/DataCenterDemo/Site1/DataHall2/Section1/PDU/PDU1B/Outlet/Outlet1/RmsCurrent","random(10.0, 30.0, true)","Double"
"0","Exchange/DataCenterDemo/Site1/DataHall1/Section4/AHU/AHU1/Fan/FanSpeedFeedback","cosine(70.0, 100.0, 99.692, true)","Double"
"0","Exchange/DataCenterDemo/Site1/DataHall1/Section1/PDU/PDU10A/Outlet/Outlet7/RmsCurrent","random(10.0, 30.0, true)","Double"
"0","Exchange/DataCenterDemo/Site1/DataHall1/Section2/Breaker/Breaker4B/Metering/CurrentA","random(4300.0, 5800.0, true)","Double"
"0","Exchange/DataCenterDemo/Site1/DataHall2/Section4/PDU/PDU10A/Outlet/Outlet3/RmsCurrent","random(10.0, 30.0, true)","Double"
"0","Exchange/DataCenterDemo/Site1/DataHall1/Section1/PDU/PDU5A/Outlet/Outlet13/RmsCurrent","random(10.0, 30.0, true)","Double"
"0","Exchange/DataCenterDemo/Site1/DataHall1/Section1/Breaker/Breaker6B/Metering/VoltageMeanLL","random(470.0, 490.0, true)","Double"
"0","Exchange/DataCenterDemo/Site1/DataHall1/Section2/UPS/UPS2B/Input/SystemInputCurrentA","random(1600.0, 1900.0, true)","Double"
"0","Exchange/DataCenterDemo/Site1/DataHall1/Section1/UPS/UPS1B/Input/SystemInputPowerFactor","random(0.95, 0.98, true)","Double"
"0","Exchange/DataCenterDemo/Site1/DataHall1/Section2/Breaker/Breaker4B/Metering/CurrentB","random(4300.0, 5800.0, true)","Double"
"0","Exchange/DataCenterDemo/Site1/DataHall1/Section2/UPS/UPS2B/Input/SystemInputCurrentC","random(1600.0, 1900.0, true)","Double"
"0","Exchange/DataCenterDemo/Site1/DataHall1/Section2/Breaker/Breaker4B/Metering/CurrentC","random(4300.0, 5800.0, true)","Double"
"0","Exchange/DataCenterDemo/Site1/DataHall1/Section2/UPS/UPS2B/Input/SystemInputCurrentB","random(1600.0, 1900.0, true)","Double"
"0","Exchange/DataCenterDemo/Site1/DataHall2/Section2/Heatmap/Aisle9/Sensor2/Humidity","cosine(46.0, 48.0, 104.084, true)","Double"
"0","Exchange/DataCenterDemo/Site1/DataHall1/Section3/PDU/PDU12B/Outlet/Outlet3/RmsCurrent","random(10.0, 30.0, true)","Double"
"0","Exchange/DataCenterDemo/Site1/DataHall2/Section2/PDU/PDU2B/Outlet/Outlet10/RmsCurrent","random(10.0, 30.0, true)","Double"
"0","Exchange/DataCenterDemo/Site1/DataHall2/Section1/PDU/PDU5A/Outlet/Outlet9/RmsCurrent","random(10.0, 30.0, true)","Double"
"0","Exchange/DataCenterDemo/Site1/DataHall1/Section2/PDU/PDU1B/Outlet/Outlet1/RmsCurrent","random(10.0, 30.0, true)","Double"
"0","Exchange/DataCenterDemo/Site1/DataHall2/Section2/PDU/PDU7B/Outlet/Outlet4/RmsCurrent","random(10.0, 30.0, true)","Double"
"0","Exchange/DataCenterDemo/Site1/DataHall1/Section1/PQM/PQM1A/Voltage/VoltageAB","cosine(478.0, 481.0, 96.162, true)","Double"
"0","Exchange/DataCenterDemo/Site1/DataHall2/Section2/AHU/AHU5/Fan/FanSpeedCommand","square(70.0, 100.0, 107.182, true)","Double"
"0","Exchange/DataCenterDemo/Site1/DataHall2/Section3/PDU/PDU1A/Outlet/Outlet3/RmsCurrent","random(10.0, 30.0, true)","Double"
"0","Exchange/DataCenterDemo/Site1/DataHall1/Section1/PDU/PDU8A/Outlet/Outlet10/RmsCurrent","random(10.0, 30.0, true)","Double"
"0","Exchange/DataCenterDemo/Site1/DataHall1/Section4/Heatmap/Aisle3/Sensor2/Temperature","random(18.0, 23.9, true)","Double"
"0","Exchange/DataCenterDemo/Site1/DataHall2/Section4/PDU/PDU4B/Outlet/Outlet6/RmsCurrent","random(10.0, 30.0, true)","Double"
"0","Exchange/DataCenterDemo/Site1/DataHall1/Section1/PDU/PDU2B/Outlet/Outlet2/RmsCurrent","random(10.0, 30.0, true)","Double"
"0","Exchange/DataCenterDemo/Site1/DataHall1/Section2/PDU/PDU1B/Outlet/Outlet6/RmsCurrent","random(10.0, 30.0, true)","Double"
"0","Exchange/DataCenterDemo/Site1/DataHall2/Section3/Heatmap/Aisle5/Sensor2/Humidity","cosine(46.0, 48.0, 95.522, true)","Double"
"0","Exchange/DataCenterDemo/Site1/DataHall1/Section2/Breaker/Breaker3A/Metering/VoltageMeanLL","random(470.0, 490.0, true)","Double"
"0","Exchange/DataCenterDemo/Site1/DataHall2/Section1/PDU/PDU2B/Outlet/Outlet4/RmsCurrent","random(10.0, 30.0, true)","Double"
"0","Exchange/DataCenterDemo/Site1/DataHall2/Section2/UPS/UPS2B/Input/SystemInputPowerFactor","random(0.95, 0.98, true)","Double"
"0","Exchange/DataCenterDemo/Site1/DataHall1/Section4/PDU/PDU4B/Outlet/Outlet4/RmsCurrent","random(10.0, 30.0, true)","Double"
"0","Exchange/DataCenterDemo/Site1/DataHall2/Section1/Heatmap/Aisle11/Sensor1/Temperature","random(18.0, 23.9, true)","Double"
"0","Exchange/DataCenterDemo/Site1/DataHall2/Section1/PQM/PQM2B/PQ/ThdVoltageAN","3.3","Double"
"0","Exchange/DataCenterDemo/Site1/DataHall1/Section3/PDU/PDU6B/Outlet/Outlet1/RmsCurrent","random(10.0, 30.0, true)","Double"
"0","Exchange/DataCenterDemo/Site1/DataHall1/Section2/PDU/PDU8A/Outlet/Outlet10/RmsCurrent","random(10.0, 30.0, true)","Double"
"0","Exchange/DataCenterDemo/Site1/DataHall1/Section4/PDU/PDU12B/Outlet/Outlet8/RmsCurrent","random(10.0, 30.0, true)","Double"
"0","Exchange/DataCenterDemo/Site1/DataHall2/Section1/Heatmap/Aisle8/Sensor2/Temperature","random(38.0, 43.9, true)","Double"
"0","Exchange/DataCenterDemo/Site1/DataHall2/Section3/PDU/PDU8B/Outlet/Outlet11/RmsCurrent","random(10.0, 30.0, true)","Double"
"0","Exchange/DataCenterDemo/Site1/DataHall1/Section1/PQM/PQM1A/Voltage/VoltageBC","cosine(478.0, 481.0, 93.2, true)","Double"
"0","Exchange/DataCenterDemo/Site1/DataHall2/Section4/Heatmap/Aisle7/Sensor1/Humidity","cosine(46.0, 48.0, 109.441, true)","Double"
"0","Exchange/DataCenterDemo/Site1/DataHall2/Section3/PDU/PDU2A/Outlet/Outlet12/RmsCurrent","random(10.0, 30.0, true)","Double"
"0","Exchange/DataCenterDemo/Site1/DataHall2/Section1/Breaker/Breaker4B/Metering/CurrentB","random(4300.0, 5800.0, true)","Double"
"0","Exchange/DataCenterDemo/Site1/DataHall2/Section1/Breaker/Breaker4B/Metering/CurrentC","random(4300.0, 5800.0, true)","Double"
"0","Exchange/DataCenterDemo/Site1/DataHall1/Section1/PDU/PDU7A/Outlet/Outlet6/RmsCurrent","random(10.0, 30.0, true)","Double"
"0","Exchange/DataCenterDemo/Site1/DataHall2/Section1/Breaker/Breaker4B/Metering/CurrentA","random(4300.0, 5800.0, true)","Double"
"0","Exchange/DataCenterDemo/Site1/DataHall2/Section1/Heatmap/Aisle3/Sensor2/Humidity","cosine(46.0, 48.0, 91.608, true)","Double"
"0","Exchange/DataCenterDemo/Site1/DataHall1/Section2/PDU/PDU5A/Outlet/Outlet9/RmsCurrent","random(10.0, 30.0, true)","Double"
"0","Exchange/DataCenterDemo/Site1/DataHall1/Section1/PQM/PQM1A/Voltage/VoltageAN","cosine(276.0, 278.0, 90.156, true)","Double"
"0","Exchange/DataCenterDemo/Site1/DataHall2/Section4/PDU/PDU3B/Outlet/Outlet14/RmsCurrent","random(10.0, 30.0, true)","Double"
"0","Exchange/DataCenterDemo/Site1/DataHall1/Section3/UPS/UPS2A/Input/SystemInputPowerFactor","random(0.95, 0.98, true)","Double"
"0","Exchange/DataCenterDemo/Site1/DataHall1/Section4/PDU/PDU10A/Outlet/Outlet13/RmsCurrent","random(10.0, 30.0, true)","Double"
"0","Exchange/DataCenterDemo/Site1/DataHall1/Section4/PDU/PDU9A/Outlet/Outlet8/RmsCurrent","random(10.0, 30.0, true)","Double"
"0","Exchange/DataCenterDemo/Site1/DataHall1/Section1/PDU/PDU10B/Outlet/Outlet11/RmsCurrent","random(10.0, 30.0, true)","Double"
"0","Exchange/DataCenterDemo/Site1/DataHall2/Section2/Heatmap/Aisle12/Sensor2/Temperature","random(38.0, 43.9, true)","Double"
"0","Exchange/DataCenterDemo/Site1/DataHall1/Section4/PDU/PDU1B/Outlet/Outlet16/RmsCurrent","random(10.0, 30.0, true)","Double"
"0","Exchange/DataCenterDemo/Site1/DataHall1/Section1/PQM/PQM1A/Voltage/VoltageCA","cosine(478.0, 481.0, 109.497, true)","Double"
"0","Exchange/DataCenterDemo/Site1/DataHall2/Section3/PDU/PDU9A/Outlet/Outlet8/RmsCurrent","random(10.0, 30.0, true)","Double"
"0","Exchange/DataCenterDemo/Site1/DataHall2/Section1/Heatmap/Aisle7/Sensor2/Temperature","random(18.0, 23.9, true)","Double"
"0","Exchange/DataCenterDemo/Site1/DataHall2/Section3/Heatmap/Aisle6/Sensor1/Humidity","cosine(42.0, 44.0, 96.16, true)","Double"
"0","Exchange/DataCenterDemo/Site1/DataHall1/Section1/PQM/PQM1A/Voltage/VoltageBN","cosine(276.0, 278.0, 102.496, true)","Double"
"0","Exchange/DataCenterDemo/Site1/DataHall1/Section3/PDU/PDU4A/Outlet/Outlet8/RmsCurrent","random(10.0, 30.0, true)","Double"
"0","Exchange/DataCenterDemo/Site1/DataHall1/Section3/PDU/PDU8B/Outlet/Outlet7/RmsCurrent","random(10.0, 30.0, true)","Double"
"0","Exchange/DataCenterDemo/Site1/DataHall2/Section2/PDU/PDU5A/Outlet/Outlet11/RmsCurrent","random(10.0, 30.0, true)","Double"
"0","Exchange/DataCenterDemo/Site1/DataHall2/Section2/Heatmap/Aisle12/Sensor1/Humidity","cosine(42.0, 44.0, 93.461, true)","Double"
"0","Exchange/DataCenterDemo/Site1/DataHall1/Section4/PDU/PDU1A/Outlet/Outlet3/RmsCurrent","random(10.0, 30.0, true)","Double"
"0","Exchange/DataCenterDemo/Site1/DataHall2/Section2/AHU/AHU6/Fan/FanSpeedCommand","square(70.0, 100.0, 109.986, true)","Double"
"0","Exchange/DataCenterDemo/Site1/DataHall1/Section1/PDU/PDU5B/Outlet/Outlet16/RmsCurrent","random(10.0, 30.0, true)","Double"
"0","Exchange/DataCenterDemo/Site1/DataHall1/Section4/PDU/PDU6B/Outlet/Outlet13/RmsCurrent","random(10.0, 30.0, true)","Double"
"0","Exchange/DataCenterDemo/Site1/DataHall2/Section1/PDU/PDU2A/Outlet/Outlet14/RmsCurrent","random(10.0, 30.0, true)","Double"
"0","Exchange/DataCenterDemo/Site1/DataHall2/Section4/Heatmap/Aisle1/Sensor2/Humidity","cosine(46.0, 48.0, 90.245, true)","Double"
"0","Exchange/DataCenterDemo/Site1/DataHall2/Section4/PDU/PDU6A/Outlet/Outlet3/RmsCurrent","random(10.0, 30.0, true)","Double"
"0","Exchange/DataCenterDemo/Site1/DataHall1/Section3/PDU/PDU1A/Outlet/Outlet6/RmsCurrent","random(10.0, 30.0, true)","Double"
"0","Exchange/DataCenterDemo/Site1/DataHall2/Section1/Heatmap/Aisle7/Sensor3/Humidity","cosine(46.0, 48.0, 90.424, true)","Double"
"0","Exchange/DataCenterDemo/Site1/DataHall2/Section1/PDU/PDU4A/Outlet/Outlet1/RmsCurrent","random(10.0, 30.0, true)","Double"
"0","Exchange/DataCenterDemo/Site1/DataHall1/Section1/PQM/PQM1A/Voltage/VoltageCN","cosine(276.0, 278.0, 107.766, true)","Double"
"0","Exchange/DataCenterDemo/Site1/DataHall1/Section4/Heatmap/Aisle13/Sensor3/Humidity","cosine(46.0, 48.0, 107.3, true)","Double"
"0","Exchange/DataCenterDemo/Site1/DataHall2/Section1/PDU/PDU3B/Outlet/Outlet7/RmsCurrent","random(10.0, 30.0, true)","Double"
"0","Exchange/DataCenterDemo/Site1/DataHall1/Section2/PDU/PDU3B/Outlet/Outlet16/RmsCurrent","random(10.0, 30.0, true)","Double"
"0","Exchange/DataCenterDemo/Site1/DataHall2/Section4/PDU/PDU5B/Outlet/Outlet9/RmsCurrent","random(10.0, 30.0, true)","Double"
"0","Exchange/DataCenterDemo/Site1/DataHall1/Section3/PDU/PDU8A/Outlet/Outlet15/RmsCurrent","random(10.0, 30.0, true)","Double"
"0","Exchange/DataCenterDemo/Site1/DataHall1/Section4/PDU/PDU10B/Outlet/Outlet2/RmsCurrent","random(10.0, 30.0, true)","Double"
"0","Exchange/DataCenterDemo/Site1/DataHall2/Section3/PDU/PDU12A/Outlet/Outlet4/RmsCurrent","random(10.0, 30.0, true)","Double"
"0","Exchange/DataCenterDemo/Site1/DataHall1/Section2/PDU/PDU8B/Outlet/Outlet13/RmsCurrent","random(10.0, 30.0, true)","Double"
"0","Exchange/DataCenterDemo/Site1/DataHall2/Section4/PDU/PDU3A/Outlet/Outlet11/RmsCurrent","random(10.0, 30.0, true)","Double"
"0","Exchange/DataCenterDemo/Site1/DataHall1/Section4/PDU/PDU6A/Outlet/Outlet15/RmsCurrent","random(10.0, 30.0, true)","Double"
"0","Exchange/DataCenterDemo/Site1/DataHall1/Section1/PDU/PDU5B/Outlet/Outlet4/RmsCurrent","random(10.0, 30.0, true)","Double"
"0","Exchange/DataCenterDemo/Site1/DataHall2/Section2/Breaker/Breaker6B/Metering/VoltageMeanLL","random(470.0, 490.0, true)","Double"
"0","Exchange/DataCenterDemo/Site1/DataHall1/Section4/Heatmap/Aisle8/Sensor3/Temperature","random(38.0, 43.9, true)","Double"
"0","Exchange/DataCenterDemo/Site1/DataHall1/Section1/PDU/PDU8A/Outlet/Outlet9/RmsCurrent","random(10.0, 30.0, true)","Double"
"0","Exchange/DataCenterDemo/Site1/DataHall1/Section2/PQM/PQM2B/Freq/Frequency","ramp(59.7, 60.3, 1.089, true)","Double"
"0","Exchange/DataCenterDemo/Site1/DataHall2/Section1/AHU/AHU5/Fan/SupplyAirStaticPressure","cosine(210.0, 225.0, 90.057, true)","Double"
"0","Exchange/DataCenterDemo/Site1/DataHall1/Section2/PDU/PDU2A/Outlet/Outlet14/RmsCurrent","random(10.0, 30.0, true)","Double"
"0","Exchange/DataCenterDemo/Site1/DataHall1/Section2/PDU/PDU11B/Outlet/Outlet15/RmsCurrent","random(10.0, 30.0, true)","Double"
"0","Exchange/DataCenterDemo/Site1/DataHall1/Section4/Breaker/Breaker1B/Metering/VoltageMeanLL","random(470.0, 490.0, true)","Double"
"0","Exchange/DataCenterDemo/Site1/DataHall2/Section4/PDU/PDU10A/Outlet/Outlet8/RmsCurrent","random(10.0, 30.0, true)","Double"
"0","Exchange/DataCenterDemo/Site1/DataHall2/Section2/UPS/UPS1B/Output/SystemOutputCurrentA","random(1500.0, 1800.0, true)","Double"
"0","Exchange/DataCenterDemo/Site1/DataHall2/Section2/PDU/PDU8B/Outlet/Outlet7/RmsCurrent","random(10.0, 30.0, true)","Double"
"0","Exchange/DataCenterDemo/Site1/DataHall1/Section3/PDU/PDU9A/Outlet/Outlet1/RmsCurrent","random(10.0, 30.0, true)","Double"
"0","Exchange/DataCenterDemo/Site1/DataHall2/Section2/UPS/UPS1B/Output/SystemOutputCurrentC","random(1500.0, 1800.0, true)","Double"
"0","Exchange/DataCenterDemo/Site1/DataHall2/Section3/PDU/PDU3B/Outlet/Outlet1/RmsCurrent","random(10.0, 30.0, true)","Double"
"0","Exchange/DataCenterDemo/Site1/DataHall1/Section4/PDU/PDU10B/Outlet/Outlet16/RmsCurrent","random(10.0, 30.0, true)","Double"
"0","Exchange/DataCenterDemo/Site1/DataHall2/Section2/UPS/UPS1B/Output/SystemOutputCurrentB","random(1500.0, 1800.0, true)","Double"
"0","Exchange/DataCenterDemo/Site1/DataHall1/Section1/PDU/PDU8B/Outlet/Outlet13/RmsCurrent","random(10.0, 30.0, true)","Double"
"0","Exchange/DataCenterDemo/Site1/DataHall1/Section2/AHU/AHU6/Temperature/ReturnAirTemperature","sine(30.0, 34.0, 183.414, true)","Double"
"0","Exchange/DataCenterDemo/Site1/DataHall1/Section3/PDU/PDU7B/Outlet/Outlet9/RmsCurrent","random(10.0, 30.0, true)","Double"
"0","Exchange/DataCenterDemo/Site1/DataHall2/Section4/UPS/UPS1B/Output/SystemOutputVoltageCA","random(480.0, 480.5, true)","Double"
"0","Exchange/DataCenterDemo/Site1/DataHall2/Section2/AHU/AHU6/Temperature/MixedAirTemperature","cosine(14.0, 16.0, 93.073, true)","Double"
"0","Exchange/DataCenterDemo/Site1/DataHall1/Section4/PDU/PDU7B/Outlet/Outlet6/RmsCurrent","random(10.0, 30.0, true)","Double"
"0","Exchange/DataCenterDemo/Site1/DataHall2/Section4/PDU/PDU11A/Outlet/Outlet6/RmsCurrent","random(10.0, 30.0, true)","Double"
"0","Exchange/DataCenterDemo/Site1/DataHall1/Section1/PDU/PDU2B/Outlet/Outlet12/RmsCurrent","random(10.0, 30.0, true)","Double"
"0","Exchange/DataCenterDemo/Site1/DataHall2/Section2/Heatmap/Aisle7/Sensor3/Temperature","random(18.0, 23.9, true)","Double"
"0","Exchange/DataCenterDemo/Site1/DataHall2/Section2/PDU/PDU7B/Outlet/Outlet9/RmsCurrent","random(10.0, 30.0, true)","Double"
"0","Exchange/DataCenterDemo/Site1/DataHall1/Section3/PDU/PDU3B/Outlet/Outlet16/RmsCurrent","random(10.0, 30.0, true)","Double"
"0","Exchange/DataCenterDemo/Site1/DataHall1/Section4/AHU/AHU3/Fan/FanSpeedFeedback","cosine(70.0, 100.0, 109.859, true)","Double"
"0","Exchange/DataCenterDemo/Site1/DataHall2/Section3/PDU/PDU11A/Outlet/Outlet6/RmsCurrent","random(10.0, 30.0, true)","Double"
"0","Exchange/DataCenterDemo/Site1/DataHall2/Section4/Section/PowerUsageEffectiveness","random(1.15, 1.3, false)","Double"
"0","Exchange/DataCenterDemo/Site1/DataHall1/Section4/PDU/PDU3B/Outlet/Outlet1/RmsCurrent","random(10.0, 30.0, true)","Double"
"0","Exchange/DataCenterDemo/Site1/DataHall1/Section2/PDU/PDU10A/Outlet/Outlet13/RmsCurrent","random(10.0, 30.0, true)","Double"
"0","Exchange/DataCenterDemo/Site1/DataHall2/Section3/PDU/PDU7B/Outlet/Outlet6/RmsCurrent","random(10.0, 30.0, true)","Double"
"0","Exchange/DataCenterDemo/Site1/DataHall1/Section2/PDU/PDU2B/Outlet/Outlet9/RmsCurrent","random(10.0, 30.0, true)","Double"
"0","Exchange/DataCenterDemo/Site1/DataHall2/Section4/Breaker/Breaker6A/Metering/CurrentC","random(4300.0, 5800.0, true)","Double"
"0","Exchange/DataCenterDemo/Site1/DataHall1/Section3/PDU/PDU9A/Outlet/Outlet6/RmsCurrent","random(10.0, 30.0, true)","Double"
"0","Exchange/DataCenterDemo/Site1/DataHall2/Section4/Breaker/Breaker6A/Metering/CurrentB","random(4300.0, 5800.0, true)","Double"
"0","Exchange/DataCenterDemo/Site1/DataHall2/Section4/Breaker/Breaker6A/Metering/CurrentA","random(4300.0, 5800.0, true)","Double"
"0","Exchange/DataCenterDemo/Site1/DataHall2/Section1/UPS/UPS2B/Input/SystemInputVoltageAB","random(470.0, 490.0, true)","Double"
"0","Exchange/DataCenterDemo/Site1/DataHall1/Section2/Breaker/Breaker3B/Metering/CurrentA","random(4300.0, 5800.0, true)","Double"
"0","Exchange/DataCenterDemo/Site1/DataHall1/Section2/Breaker/Breaker3B/Metering/CurrentB","random(4300.0, 5800.0, true)","Double"
"0","Exchange/DataCenterDemo/Site1/DataHall1/Section2/Breaker/Breaker3B/Metering/CurrentC","random(4300.0, 5800.0, true)","Double"
"0","Exchange/DataCenterDemo/Site1/DataHall2/Section2/UPS/UPS2A/Output/SystemOutputVoltageCA","random(480.0, 480.5, true)","Double"
"0","Exchange/DataCenterDemo/Site1/DataHall1/Section2/PQM/PQM2A/Freq/Frequency","ramp(59.7, 60.3, 1.046, true)","Double"
"0","Exchange/DataCenterDemo/Site1/DataHall1/Section3/UPS/UPS2B/Input/SystemInputVoltageCA","random(470.0, 490.0, true)","Double"
"0","Exchange/DataCenterDemo/Site1/DataHall2/Section1/Heatmap/Aisle4/Sensor1/Humidity","cosine(42.0, 44.0, 109.601, true)","Double"
"0","Exchange/DataCenterDemo/Site1/DataHall2/Section3/PDU/PDU3B/Outlet/Outlet14/RmsCurrent","random(10.0, 30.0, true)","Double"
"0","Exchange/DataCenterDemo/Site1/DataHall1/Section3/PDU/PDU10B/Outlet/Outlet11/RmsCurrent","random(10.0, 30.0, true)","Double"
"0","Exchange/DataCenterDemo/Site1/DataHall1/Section4/PDU/PDU3B/Outlet/Outlet6/RmsCurrent","random(10.0, 30.0, true)","Double"
"0","Exchange/DataCenterDemo/Site1/DataHall1/Section2/PDU/PDU3B/Outlet/Outlet7/RmsCurrent","random(10.0, 30.0, true)","Double"
"0","Exchange/DataCenterDemo/Site1/DataHall2/Section3/Breaker/Breaker3A/Metering/CurrentC","random(4300.0, 5800.0, true)","Double"
"0","Exchange/DataCenterDemo/Site1/DataHall2/Section4/PDU/PDU12B/Outlet/Outlet1/RmsCurrent","random(10.0, 30.0, true)","Double"
"0","Exchange/DataCenterDemo/Site1/DataHall2/Section3/Breaker/Breaker3A/Metering/CurrentB","random(4300.0, 5800.0, true)","Double"
"0","Exchange/DataCenterDemo/Architecture/EAM/Agents/Frontend 1/Independent/Metrics/Logging/Errors Per Minute","random(0.0, 1.5, true)","Double"
"0","Exchange/DataCenterDemo/Site1/DataHall1/Section3/UPS/UPS2B/Input/SystemInputVoltageBC","random(470.0, 490.0, true)","Double"
"0","Exchange/DataCenterDemo/Site1/DataHall1/Section1/PDU/PDU1B/Outlet/Outlet4/RmsCurrent","random(10.0, 30.0, true)","Double"
"0","Exchange/DataCenterDemo/Site1/DataHall2/Section3/Breaker/Breaker3A/Metering/CurrentA","random(4300.0, 5800.0, true)","Double"
"0","Exchange/DataCenterDemo/Site1/DataHall2/Section2/PDU/PDU5A/Outlet/Outlet6/RmsCurrent","random(10.0, 30.0, true)","Double"
"0","Exchange/DataCenterDemo/Architecture/EAM/Agents/Edge 1/Independent/Metrics/System/Memory Usage","ramp(27.0, 38.0, 0.945, true)","Double"
"0","Exchange/DataCenterDemo/Site1/DataHall1/Section3/Heatmap/Aisle4/Sensor1/Temperature","random(38.0, 43.9, true)","Double"
"0","Exchange/DataCenterDemo/Site1/DataHall2/Section1/PDU/PDU9A/Outlet/Outlet14/RmsCurrent","random(10.0, 30.0, true)","Double"
"0","Exchange/DataCenterDemo/Site1/DataHall2/Section4/PDU/PDU1A/Outlet/Outlet5/RmsCurrent","random(10.0, 30.0, true)","Double"
"0","Exchange/DataCenterDemo/Site1/DataHall1/Section4/Heatmap/Aisle10/Sensor1/Humidity","cosine(42.0, 44.0, 92.639, true)","Double"
"0","Exchange/DataCenterDemo/Site1/DataHall1/Section2/PDU/PDU11A/Outlet/Outlet3/RmsCurrent","random(10.0, 30.0, true)","Double"
"0","Exchange/DataCenterDemo/Site1/DataHall2/Section3/PDU/PDU8B/Outlet/Outlet9/RmsCurrent","random(10.0, 30.0, true)","Double"
"0","Exchange/DataCenterDemo/Site1/DataHall2/Section2/PDU/PDU5A/Outlet/Outlet16/RmsCurrent","random(10.0, 30.0, true)","Double"
"0","Exchange/DataCenterDemo/Site1/DataHall2/Section1/UPS/UPS2B/Input/SystemInputVoltageBC","random(470.0, 490.0, true)","Double"
"0","Exchange/DataCenterDemo/Site1/DataHall2/Section4/PDU/PDU5A/Outlet/Outlet5/RmsCurrent","random(10.0, 30.0, true)","Double"
"0","Exchange/DataCenterDemo/Site1/DataHall2/Section3/UPS/UPS2A/Output/SystemOutputCurrentC","random(1500.0, 1800.0, true)","Double"
"0","Exchange/DataCenterDemo/Site1/DataHall2/Section1/PDU/PDU3A/Outlet/Outlet3/RmsCurrent","random(10.0, 30.0, true)","Double"
"0","Exchange/DataCenterDemo/Site1/DataHall2/Section3/UPS/UPS2A/Output/SystemOutputCurrentB","random(1500.0, 1800.0, true)","Double"
"0","Exchange/DataCenterDemo/Site1/DataHall2/Section3/UPS/UPS2A/Output/SystemOutputCurrentA","random(1500.0, 1800.0, true)","Double"
"0","Exchange/DataCenterDemo/Site1/DataHall2/Section1/PDU/PDU8A/Outlet/Outlet6/RmsCurrent","random(10.0, 30.0, true)","Double"
"0","Exchange/DataCenterDemo/Site1/DataHall2/Section1/Heatmap/Aisle2/Sensor1/Temperature","random(38.0, 43.9, true)","Double"
"0","Exchange/DataCenterDemo/Site1/DataHall2/Section3/PDU/PDU7B/Outlet/Outlet1/RmsCurrent","random(10.0, 30.0, true)","Double"
"0","Exchange/DataCenterDemo/Site1/DataHall2/Section2/PDU/PDU10B/Outlet/Outlet2/RmsCurrent","random(10.0, 30.0, true)","Double"
"0","Exchange/DataCenterDemo/Site1/DataHall1/Section3/Heatmap/Aisle13/Sensor2/Temperature","random(18.0, 23.9, true)","Double"
"0","Exchange/DataCenterDemo/Site1/DataHall2/Section2/UPS/UPS2A/Output/SystemOutputVoltageBC","random(480.0, 480.5, true)","Double"
"0","Exchange/DataCenterDemo/Site1/DataHall1/Section2/PDU/PDU7B/Outlet/Outlet7/RmsCurrent","random(10.0, 30.0, true)","Double"
"0","Exchange/DataCenterDemo/Site1/DataHall1/Section3/UPS/UPS2B/Input/SystemInputVoltageAB","random(470.0, 490.0, true)","Double"
"0","Exchange/DataCenterDemo/Site1/DataHall2/Section4/PDU/PDU6B/Outlet/Outlet11/RmsCurrent","random(10.0, 30.0, true)","Double"
"0","Exchange/DataCenterDemo/Site1/DataHall1/Section2/PDU/PDU3A/Outlet/Outlet3/RmsCurrent","random(10.0, 30.0, true)","Double"
"0","Exchange/DataCenterDemo/Site1/DataHall1/Section3/PDU/PDU4B/Outlet/Outlet15/RmsCurrent","random(10.0, 30.0, true)","Double"
"0","Exchange/DataCenterDemo/Site1/DataHall2/Section2/PDU/PDU7B/Outlet/Outlet12/RmsCurrent","random(10.0, 30.0, true)","Double"
"0","Exchange/DataCenterDemo/Site1/DataHall2/Section1/PDU/PDU12A/Outlet/Outlet16/RmsCurrent","random(10.0, 30.0, true)","Double"
"0","Exchange/DataCenterDemo/Site1/DataHall1/Section1/PDU/PDU12A/Outlet/Outlet1/RmsCurrent","random(10.0, 30.0, true)","Double"
"0","Exchange/DataCenterDemo/Site1/DataHall2/Section1/PDU/PDU11A/Outlet/Outlet8/RmsCurrent","random(10.0, 30.0, true)","Double"
"0","Exchange/DataCenterDemo/Site1/DataHall1/Section4/PDU/PDU7B/Outlet/Outlet1/RmsCurrent","random(10.0, 30.0, true)","Double"
"0","Exchange/DataCenterDemo/Site1/DataHall2/Section2/Heatmap/Aisle8/Sensor3/Humidity","cosine(42.0, 44.0, 104.239, true)","Double"
"0","Exchange/DataCenterDemo/Site1/DataHall1/Section1/PDU/PDU6B/Outlet/Outlet7/RmsCurrent","random(10.0, 30.0, true)","Double"
"0","Exchange/DataCenterDemo/Site1/DataHall2/Section2/AHU/AHU1/Temperature/MixedAirTemperature","cosine(14.0, 16.0, 109.348, true)","Double"
"0","Exchange/DataCenterDemo/Site1/DataHall1/Section3/PDU/PDU5A/Outlet/Outlet6/RmsCurrent","random(10.0, 30.0, true)","Double"
"0","Exchange/DataCenterDemo/Site1/DataHall1/Section1/Breaker/Breaker1A/Metering/VoltageMeanLL","random(470.0, 490.0, true)","Double"
"0","Exchange/DataCenterDemo/Site1/DataHall1/Section4/PDU/PDU8B/Outlet/Outlet9/RmsCurrent","random(10.0, 30.0, true)","Double"
"0","Exchange/DataCenterDemo/Site1/DataHall2/Section1/PDU/PDU5B/Outlet/Outlet14/RmsCurrent","random(10.0, 30.0, true)","Double"
"0","Exchange/DataCenterDemo/Site1/DataHall2/Section2/UPS/UPS2A/Output/SystemOutputVoltageAB","random(480.0, 480.5, true)","Double"
"0","Exchange/DataCenterDemo/Site1/DataHall2/Section2/PDU/PDU6B/Outlet/Outlet1/RmsCurrent","random(10.0, 30.0, true)","Double"
"0","Exchange/DataCenterDemo/Site1/DataHall1/Section4/PDU/PDU10B/Outlet/Outlet11/RmsCurrent","random(10.0, 30.0, true)","Double"
"0","Exchange/DataCenterDemo/Site1/DataHall1/Section4/PDU/PDU11B/Outlet/Outlet10/RmsCurrent","random(10.0, 30.0, true)","Double"
"0","Exchange/DataCenterDemo/Site1/DataHall2/Section1/PDU/PDU4B/Outlet/Outlet15/RmsCurrent","random(10.0, 30.0, true)","Double"
"0","Exchange/DataCenterDemo/Site1/DataHall2/Section3/PDU/PDU7A/Outlet/Outlet14/RmsCurrent","random(10.0, 30.0, true)","Double"
"0","Exchange/DataCenterDemo/Site1/DataHall1/Section4/PDU/PDU5A/Outlet/Outlet16/RmsCurrent","random(10.0, 30.0, true)","Double"
"0","Exchange/DataCenterDemo/Site1/DataHall1/Section2/PDU/PDU9B/Outlet/Outlet12/RmsCurrent","random(10.0, 30.0, true)","Double"
"0","Exchange/DataCenterDemo/Site1/DataHall2/Section3/PDU/PDU8A/Outlet/Outlet13/RmsCurrent","random(10.0, 30.0, true)","Double"
"0","Exchange/DataCenterDemo/Site1/DataHall2/Section2/Heatmap/Aisle5/Sensor1/Humidity","cosine(46.0, 48.0, 95.681, true)","Double"
"0","Exchange/DataCenterDemo/Site1/DataHall2/Section2/AHU/AHU7/Status/IsAhuRunning","1.0","Double"
"0","Exchange/DataCenterDemo/Site1/DataHall1/Section2/PDU/PDU10B/Outlet/Outlet16/RmsCurrent","random(10.0, 30.0, true)","Double"
"0","Exchange/DataCenterDemo/Site1/DataHall2/Section3/PDU/PDU4B/Outlet/Outlet9/RmsCurrent","random(10.0, 30.0, true)","Double"
"0","Exchange/DataCenterDemo/Site1/DataHall1/Section4/Breaker/Breaker3A/Metering/CurrentB","random(4300.0, 5800.0, true)","Double"
"0","Exchange/DataCenterDemo/Site1/DataHall1/Section4/Breaker/Breaker3A/Metering/CurrentC","random(4300.0, 5800.0, true)","Double"
"0","Exchange/DataCenterDemo/Site1/DataHall2/Section2/UPS/UPS2A/Output/SystemOutputCurrentA","random(1500.0, 1800.0, true)","Double"
"0","Exchange/DataCenterDemo/Site1/DataHall1/Section2/PDU/PDU4B/Outlet/Outlet10/RmsCurrent","random(10.0, 30.0, true)","Double"
"0","Exchange/DataCenterDemo/Site1/DataHall1/Section3/PDU/PDU11A/Outlet/Outlet8/RmsCurrent","random(10.0, 30.0, true)","Double"
"0","Exchange/DataCenterDemo/Site1/DataHall1/Section4/Breaker/Breaker3A/Metering/CurrentA","random(4300.0, 5800.0, true)","Double"
"0","Exchange/DataCenterDemo/Site1/DataHall1/Section1/PDU/PDU6B/Outlet/Outlet15/RmsCurrent","random(10.0, 30.0, true)","Double"
"0","Exchange/DataCenterDemo/Site1/DataHall2/Section2/UPS/UPS2A/Output/SystemOutputCurrentB","random(1500.0, 1800.0, true)","Double"
"0","Exchange/DataCenterDemo/Site1/DataHall2/Section2/UPS/UPS2A/Output/SystemOutputCurrentC","random(1500.0, 1800.0, true)","Double"
"0","Exchange/DataCenterDemo/Site1/DataHall2/Section3/Heatmap/Aisle12/Sensor1/Humidity","cosine(42.0, 44.0, 109.649, true)","Double"
"0","Exchange/DataCenterDemo/Site1/DataHall1/Section1/PDU/PDU8A/Outlet/Outlet4/RmsCurrent","random(10.0, 30.0, true)","Double"
"0","Exchange/DataCenterDemo/Site1/DataHall2/Section3/Heatmap/Aisle1/Sensor1/Humidity","cosine(46.0, 48.0, 90.285, true)","Double"
"0","Exchange/DataCenterDemo/Site1/DataHall2/Section1/Breaker/Breaker3B/Metering/CurrentA","random(4300.0, 5800.0, true)","Double"
"0","Exchange/DataCenterDemo/Site1/DataHall2/Section1/UPS/UPS2B/Input/SystemInputCurrentA","random(1600.0, 1900.0, true)","Double"
"0","Exchange/DataCenterDemo/Site1/DataHall1/Section3/PDU/PDU9A/Outlet/Outlet14/RmsCurrent","random(10.0, 30.0, true)","Double"
"0","Exchange/DataCenterDemo/Site1/DataHall2/Section1/Breaker/Breaker3B/Metering/CurrentB","random(4300.0, 5800.0, true)","Double"
"0","Exchange/DataCenterDemo/Site1/DataHall2/Section1/Breaker/Breaker3B/Metering/CurrentC","random(4300.0, 5800.0, true)","Double"
"0","Exchange/DataCenterDemo/Site1/DataHall2/Section1/UPS/UPS2B/Input/SystemInputCurrentC","random(1600.0, 1900.0, true)","Double"
"0","Exchange/DataCenterDemo/Site1/DataHall2/Section4/PDU/PDU3A/Outlet/Outlet16/RmsCurrent","random(10.0, 30.0, true)","Double"
"0","Exchange/DataCenterDemo/Site1/DataHall2/Section1/UPS/UPS2B/Input/SystemInputCurrentB","random(1600.0, 1900.0, true)","Double"
"0","Exchange/DataCenterDemo/Site1/DataHall1/Section3/PDU/PDU5B/Outlet/Outlet14/RmsCurrent","random(10.0, 30.0, true)","Double"
"0","Exchange/DataCenterDemo/Site1/DataHall2/Section4/Heatmap/Aisle11/Sensor2/Humidity","cosine(46.0, 48.0, 108.621, true)","Double"
"0","Exchange/DataCenterDemo/Site1/DataHall2/Section2/PDU/PDU12A/Outlet/Outlet16/RmsCurrent","random(10.0, 30.0, true)","Double"
"0","Exchange/DataCenterDemo/Site1/DataHall1/Section2/PDU/PDU12A/Outlet/Outlet6/RmsCurrent","random(10.0, 30.0, true)","Double"
"0","Exchange/DataCenterDemo/Site1/DataHall2/Section2/PDU/PDU8B/Outlet/Outlet11/RmsCurrent","random(10.0, 30.0, true)","Double"
"0","Exchange/DataCenterDemo/Site1/DataHall2/Section2/PDU/PDU11B/Outlet/Outlet5/RmsCurrent","random(10.0, 30.0, true)","Double"
"0","Exchange/DataCenterDemo/Site1/DataHall2/Section1/PDU/PDU9A/Outlet/Outlet9/RmsCurrent","random(10.0, 30.0, true)","Double"
"0","Exchange/DataCenterDemo/Site1/DataHall1/Section3/PDU/PDU4A/Outlet/Outlet12/RmsCurrent","random(10.0, 30.0, true)","Double"
"0","Exchange/DataCenterDemo/Site1/DataHall2/Section4/PDU/PDU9B/Outlet/Outlet9/RmsCurrent","random(10.0, 30.0, true)","Double"
"0","Exchange/DataCenterDemo/Site1/DataHall2/Section3/PDU/PDU2B/Outlet/Outlet15/RmsCurrent","random(10.0, 30.0, true)","Double"
"0","Exchange/DataCenterDemo/Site1/DataHall1/Section2/Heatmap/Aisle11/Sensor1/Temperature","random(18.0, 23.9, true)","Double"
"0","Exchange/DataCenterDemo/Site1/DataHall1/Section4/PDU/PDU4B/Outlet/Outlet9/RmsCurrent","random(10.0, 30.0, true)","Double"
"0","Exchange/DataCenterDemo/Site1/DataHall2/Section2/PDU/PDU2B/Outlet/Outlet1/RmsCurrent","random(10.0, 30.0, true)","Double"
"0","Exchange/DataCenterDemo/Site1/DataHall1/Section3/PDU/PDU11B/Outlet/Outlet10/RmsCurrent","random(10.0, 30.0, true)","Double"
"0","Exchange/DataCenterDemo/Site1/DataHall1/Section1/PDU/PDU4A/Outlet/Outlet9/RmsCurrent","random(10.0, 30.0, true)","Double"
"0","Exchange/DataCenterDemo/Site1/DataHall1/Section2/AHU/AHU4/Temperature/SupplyAirTemperature","sine(21.0, 22.0, 90.127, true)","Double"
"0","Exchange/DataCenterDemo/Site1/DataHall2/Section4/Heatmap/Aisle6/Sensor2/Humidity","cosine(42.0, 44.0, 96.323, true)","Double"
"0","Exchange/DataCenterDemo/Site1/DataHall1/Section2/PDU/PDU7A/Outlet/Outlet16/RmsCurrent","random(10.0, 30.0, true)","Double"
"0","Exchange/DataCenterDemo/Site1/DataHall1/Section3/PQM/PQM1B/PQ/ThdVoltageAN","3.3","Double"
"0","Exchange/DataCenterDemo/Site1/DataHall2/Section3/PDU/PDU12A/Outlet/Outlet9/RmsCurrent","random(10.0, 30.0, true)","Double"
"0","Exchange/DataCenterDemo/Site1/DataHall1/Section1/PDU/PDU7B/Outlet/Outlet14/RmsCurrent","random(10.0, 30.0, true)","Double"
"0","Exchange/DataCenterDemo/Site1/DataHall1/Section3/Heatmap/Aisle9/Sensor2/Temperature","random(18.0, 23.9, true)","Double"
"0","Exchange/DataCenterDemo/Site1/DataHall1/Section2/AHU/AHU5/Temperature/ReturnAirTemperature","sine(30.0, 34.0, 180.153, true)","Double"
"0","Exchange/DataCenterDemo/Site1/DataHall2/Section1/PDU/PDU12B/Outlet/Outlet3/RmsCurrent","random(10.0, 30.0, true)","Double"
"0","Exchange/DataCenterDemo/Site1/DataHall2/Section3/PDU/PDU11A/Outlet/Outlet1/RmsCurrent","random(10.0, 30.0, true)","Double"
"0","Exchange/DataCenterDemo/Site1/DataHall1/Section2/PDU/PDU2B/Outlet/Outlet4/RmsCurrent","random(10.0, 30.0, true)","Double"
"0","Exchange/DataCenterDemo/Site1/DataHall2/Section1/PDU/PDU4A/Outlet/Outlet12/RmsCurrent","random(10.0, 30.0, true)","Double"
"0","Exchange/DataCenterDemo/Site1/DataHall2/Section3/PDU/PDU1A/Outlet/Outlet13/RmsCurrent","random(10.0, 30.0, true)","Double"
"0","Exchange/DataCenterDemo/Site1/DataHall2/Section1/Breaker/Breaker4B/Metering/VoltageMeanLL","random(470.0, 490.0, true)","Double"
"0","Exchange/DataCenterDemo/Site1/DataHall1/Section4/PDU/PDU11B/Outlet/Outlet5/RmsCurrent","random(10.0, 30.0, true)","Double"
"0","Exchange/DataCenterDemo/Site1/DataHall2/Section2/PDU/PDU3B/Outlet/Outlet9/RmsCurrent","random(10.0, 30.0, true)","Double"
"0","Exchange/DataCenterDemo/Site1/DataHall1/Section1/PDU/PDU2B/Outlet/Outlet7/RmsCurrent","random(10.0, 30.0, true)","Double"
"0","Exchange/DataCenterDemo/Site1/DataHall2/Section3/PDU/PDU8B/Outlet/Outlet16/RmsCurrent","random(10.0, 30.0, true)","Double"
"0","Exchange/DataCenterDemo/Site1/DataHall2/Section1/PDU/PDU7B/Outlet/Outlet7/RmsCurrent","random(10.0, 30.0, true)","Double"
"0","Exchange/DataCenterDemo/Site1/DataHall2/Section3/PDU/PDU12A/Outlet/Outlet16/RmsCurrent","random(10.0, 30.0, true)","Double"
"0","Exchange/DataCenterDemo/Site1/DataHall1/Section1/PDU/PDU1B/Outlet/Outlet13/RmsCurrent","random(10.0, 30.0, true)","Double"
"0","Exchange/DataCenterDemo/Site1/DataHall2/Section3/PDU/PDU3B/Outlet/Outlet6/RmsCurrent","random(10.0, 30.0, true)","Double"
"0","Exchange/DataCenterDemo/Site1/DataHall1/Section2/PDU/PDU11B/Outlet/Outlet10/RmsCurrent","random(10.0, 30.0, true)","Double"
"0","Exchange/DataCenterDemo/Site1/DataHall2/Section1/UPS/UPS2B/Input/SystemInputVoltageCA","random(470.0, 490.0, true)","Double"
"0","Exchange/DataCenterDemo/Site1/DataHall2/Section3/Heatmap/Aisle9/Sensor3/Humidity","cosine(46.0, 48.0, 103.922, true)","Double"
"0","Exchange/DataCenterDemo/Site1/DataHall1/Section1/PDU/PDU6A/Outlet/Outlet12/RmsCurrent","random(10.0, 30.0, true)","Double"
"0","Exchange/DataCenterDemo/Site1/DataHall2/Section2/PDU/PDU1B/Outlet/Outlet11/RmsCurrent","random(10.0, 30.0, true)","Double"
"0","Exchange/DataCenterDemo/Site1/Site/CoolingCapacity","cosine(0.55, 0.65, 92.581, true)","Double"
"0","Exchange/DataCenterDemo/Site1/DataHall1/Section4/AHU/AHU2/Fan/FanSpeedFeedback","cosine(70.0, 100.0, 106.335, true)","Double"
"0","Exchange/DataCenterDemo/Site1/DataHall1/Section4/PDU/PDU9A/Outlet/Outlet3/RmsCurrent","random(10.0, 30.0, true)","Double"
"0","Exchange/DataCenterDemo/Site1/DataHall1/Section3/PDU/PDU4A/Outlet/Outlet3/RmsCurrent","random(10.0, 30.0, true)","Double"
"0","Exchange/DataCenterDemo/Site1/DataHall2/Section2/PDU/PDU9A/Outlet/Outlet6/RmsCurrent","random(10.0, 30.0, true)","Double"
"0","Exchange/DataCenterDemo/Site1/DataHall2/Section1/PDU/PDU10A/Outlet/Outlet5/RmsCurrent","random(10.0, 30.0, true)","Double"
"0","Exchange/DataCenterDemo/Site1/DataHall2/Section4/Heatmap/Aisle11/Sensor3/Temperature","random(18.0, 23.9, true)","Double"
"0","Exchange/DataCenterDemo/Site1/DataHall1/Section2/PDU/PDU1A/Outlet/Outlet15/RmsCurrent","random(10.0, 30.0, true)","Double"
"0","Exchange/DataCenterDemo/Site1/DataHall2/Section4/PDU/PDU4A/Outlet/Outlet10/RmsCurrent","random(10.0, 30.0, true)","Double"
"0","Exchange/DataCenterDemo/Site1/DataHall2/Section4/AHU/AHU5/Temperature/MixedAirTemperature","cosine(14.0, 16.0, 106.932, true)","Double"
"0","Exchange/DataCenterDemo/Site1/DataHall1/Section1/PDU/PDU10B/Outlet/Outlet16/RmsCurrent","random(10.0, 30.0, true)","Double"
"0","Exchange/DataCenterDemo/Site1/DataHall2/Section3/PDU/PDU9A/Outlet/Outlet3/RmsCurrent","random(10.0, 30.0, true)","Double"
"0","Exchange/DataCenterDemo/Site1/DataHall2/Section4/UPS/UPS2A/Output/SystemOutputCurrentA","random(1500.0, 1800.0, true)","Double"
"0","Exchange/DataCenterDemo/Site1/DataHall1/Section2/PDU/PDU4A/Outlet/Outlet6/RmsCurrent","random(10.0, 30.0, true)","Double"
"0","Exchange/DataCenterDemo/Site1/DataHall2/Section4/UPS/UPS2A/Output/SystemOutputCurrentB","random(1500.0, 1800.0, true)","Double"
"0","Exchange/DataCenterDemo/Site1/DataHall2/Section4/UPS/UPS2A/Output/SystemOutputCurrentC","random(1500.0, 1800.0, true)","Double"
"0","Exchange/DataCenterDemo/Site1/DataHall2/Section4/Heatmap/Aisle2/Sensor1/Humidity","cosine(42.0, 44.0, 104.713, true)","Double"
"0","Exchange/DataCenterDemo/Site1/DataHall1/Section1/Heatmap/Aisle6/Sensor2/Temperature","random(38.0, 43.9, true)","Double"
"0","Exchange/DataCenterDemo/Site1/DataHall2/Section3/PDU/PDU10B/Outlet/Outlet7/RmsCurrent","random(10.0, 30.0, true)","Double"
"0","Exchange/DataCenterDemo/Site1/DataHall1/Section4/PDU/PDU1B/Outlet/Outlet11/RmsCurrent","random(10.0, 30.0, true)","Double"
"0","Exchange/DataCenterDemo/Site1/DataHall1/Section4/PDU/PDU7B/Outlet/Outlet12/RmsCurrent","random(10.0, 30.0, true)","Double"
"0","Exchange/DataCenterDemo/Site1/DataHall2/Section3/PDU/PDU1A/Outlet/Outlet8/RmsCurrent","random(10.0, 30.0, true)","Double"
"0","Exchange/DataCenterDemo/Site1/DataHall2/Section1/PDU/PDU4A/Outlet/Outlet6/RmsCurrent","random(10.0, 30.0, true)","Double"
"0","Exchange/DataCenterDemo/Site1/DataHall2/Section4/PDU/PDU5B/Outlet/Outlet12/RmsCurrent","random(10.0, 30.0, true)","Double"
"0","Exchange/DataCenterDemo/Site1/DataHall2/Section4/PDU/PDU6A/Outlet/Outlet8/RmsCurrent","random(10.0, 30.0, true)","Double"
"0","Exchange/DataCenterDemo/Site1/DataHall1/Section3/PDU/PDU10A/Outlet/Outlet5/RmsCurrent","random(10.0, 30.0, true)","Double"
"0","Exchange/DataCenterDemo/Site1/DataHall2/Section1/Heatmap/Aisle8/Sensor2/Humidity","cosine(42.0, 44.0, 104.079, true)","Double"
"0","Exchange/DataCenterDemo/Site1/DataHall2/Section2/PDU/PDU4A/Outlet/Outlet3/RmsCurrent","random(10.0, 30.0, true)","Double"
"0","Exchange/DataCenterDemo/Site1/DataHall1/Section4/PDU/PDU1A/Outlet/Outlet8/RmsCurrent","random(10.0, 30.0, true)","Double"
"0","Exchange/DataCenterDemo/Site1/DataHall2/Section4/PDU/PDU12A/Outlet/Outlet16/RmsCurrent","random(10.0, 30.0, true)","Double"
"0","Exchange/DataCenterDemo/Site1/DataHall2/Section4/Heatmap/Aisle5/Sensor1/Temperature","random(18.0, 23.9, true)","Double"
"0","Exchange/DataCenterDemo/Site1/DataHall2/Section1/Heatmap/Aisle1/Sensor3/Temperature","random(18.0, 23.9, true)","Double"
"0","Exchange/DataCenterDemo/Site1/DataHall1/Section3/Heatmap/Aisle5/Sensor2/Humidity","cosine(46.0, 48.0, 90.056, true)","Double"
"0","Exchange/DataCenterDemo/Site1/DataHall2/Section1/PDU/PDU7A/Outlet/Outlet7/RmsCurrent","random(10.0, 30.0, true)","Double"
"0","Exchange/DataCenterDemo/Site1/DataHall2/Section2/PDU/PDU11A/Outlet/Outlet2/RmsCurrent","random(10.0, 30.0, true)","Double"
"0","Exchange/DataCenterDemo/Site1/DataHall1/Section4/PDU/PDU2B/Outlet/Outlet1/RmsCurrent","random(10.0, 30.0, true)","Double"
"0","Exchange/DataCenterDemo/Site1/DataHall1/Section2/PDU/PDU5A/Outlet/Outlet10/RmsCurrent","random(10.0, 30.0, true)","Double"
"0","Exchange/DataCenterDemo/Site1/DataHall2/Section1/PDU/PDU9A/Outlet/Outlet11/RmsCurrent","random(10.0, 30.0, true)","Double"
"0","Exchange/DataCenterDemo/Site1/DataHall2/Section4/PDU/PDU12B/Outlet/Outlet4/RmsCurrent","random(10.0, 30.0, true)","Double"
"0","Exchange/DataCenterDemo/Site1/DataHall2/Section4/AHU/AHU2/Fan/FanSpeedFeedback","cosine(70.0, 100.0, 109.467, true)","Double"
"0","Exchange/DataCenterDemo/Site1/DataHall2/Section2/PDU/PDU8A/Outlet/Outlet11/RmsCurrent","random(10.0, 30.0, true)","Double"
"0","Exchange/DataCenterDemo/Site1/DataHall1/Section3/AHU/AHU3/Temperature/SupplyAirTemperature","sine(21.0, 22.0, 108.438, true)","Double"
"0","Exchange/DataCenterDemo/Site1/DataHall1/Section1/AHU/AHU6/Temperature/ReturnAirTemperature","sine(30.0, 34.0, 217.246, true)","Double"
"0","Exchange/DataCenterDemo/Site1/DataHall2/Section3/PDU/PDU10A/Outlet/Outlet4/RmsCurrent","random(10.0, 30.0, true)","Double"
"0","Exchange/DataCenterDemo/Site1/DataHall2/Section4/PDU/PDU11B/Outlet/Outlet8/RmsCurrent","random(10.0, 30.0, true)","Double"
"0","Exchange/DataCenterDemo/Site1/DataHall2/Section4/UPS/UPS1A/Input/SystemInputCurrentA","random(1600.0, 1900.0, true)","Double"
"0","Exchange/DataCenterDemo/Site1/DataHall2/Section4/UPS/UPS1A/Input/SystemInputCurrentB","random(1600.0, 1900.0, true)","Double"
"0","Exchange/DataCenterDemo/Site1/DataHall1/Section3/PDU/PDU4A/Outlet/Outlet10/RmsCurrent","random(10.0, 30.0, true)","Double"
"0","Exchange/DataCenterDemo/Site1/DataHall2/Section2/PDU/PDU7A/Outlet/Outlet7/RmsCurrent","random(10.0, 30.0, true)","Double"
"0","Exchange/DataCenterDemo/Site1/DataHall1/Section1/PDU/PDU8A/Outlet/Outlet8/RmsCurrent","random(10.0, 30.0, true)","Double"
"0","Exchange/DataCenterDemo/Site1/DataHall1/Section2/Heatmap/Aisle7/Sensor1/Humidity","cosine(46.0, 48.0, 92.068, true)","Double"
"0","Exchange/DataCenterDemo/Site1/DataHall2/Section3/AHU/AHU5/Status/IsAhuRunning","1.0","Double"
"0","Exchange/DataCenterDemo/Site1/DataHall2/Section4/UPS/UPS1A/Input/SystemInputCurrentC","random(1600.0, 1900.0, true)","Double"
"0","Exchange/DataCenterDemo/Site1/DataHall1/Section3/AHU/AHU3/Status/IsAhuRunning","1.0","Double"
"0","Exchange/DataCenterDemo/Site1/DataHall1/Section3/PDU/PDU10B/Outlet/Outlet7/RmsCurrent","random(10.0, 30.0, true)","Double"
"0","Exchange/DataCenterDemo/Site1/DataHall1/Section3/PQM/PQM2B/Voltage/VoltageCN","cosine(276.0, 278.0, 98.024, true)","Double"
"0","Exchange/DataCenterDemo/Site1/DataHall2/Section2/Heatmap/Aisle10/Sensor3/Humidity","cosine(42.0, 44.0, 108.437, true)","Double"
"0","Exchange/DataCenterDemo/Site1/DataHall2/Section1/AHU/AHU7/Fan/SupplyAirStaticPressure","cosine(210.0, 225.0, 99.693, true)","Double"
"0","Exchange/DataCenterDemo/Architecture/EAM/Agents/Backend - Master/Master/Metrics/Sessions/Clients","random(0.0, 5.0, true)","Double"
"0","Exchange/DataCenterDemo/Site1/DataHall1/Section1/PDU/PDU5A/Outlet/Outlet12/RmsCurrent","random(10.0, 30.0, true)","Double"
"0","Exchange/DataCenterDemo/Architecture/EAM/Agents/Backend - Backup/Backup/Metrics/Logging/Errors Per Hour","random(0.0, 5.0, true)","Double"
"0","Exchange/DataCenterDemo/Site1/DataHall1/Section1/PDU/PDU9A/Outlet/Outlet4/RmsCurrent","random(10.0, 30.0, true)","Double"
"0","Exchange/DataCenterDemo/Site1/DataHall2/Section1/PDU/PDU9B/Outlet/Outlet9/RmsCurrent","random(10.0, 30.0, true)","Double"
"0","Exchange/DataCenterDemo/Site1/DataHall2/Section1/PDU/PDU7B/Outlet/Outlet11/RmsCurrent","random(10.0, 30.0, true)","Double"
"0","Exchange/DataCenterDemo/Site1/DataHall2/Section3/PDU/PDU12B/Outlet/Outlet6/RmsCurrent","random(10.0, 30.0, true)","Double"
"0","Exchange/DataCenterDemo/Site1/DataHall1/Section1/AHU/AHU3/Fan/FanSpeedFeedback","cosine(70.0, 100.0, 109.218, true)","Double"
"0","Exchange/DataCenterDemo/Site1/DataHall1/Section1/PDU/PDU2A/Outlet/Outlet5/RmsCurrent","random(10.0, 30.0, true)","Double"
"0","Exchange/DataCenterDemo/Site1/DataHall1/Section2/PDU/PDU1A/Outlet/Outlet9/RmsCurrent","random(10.0, 30.0, true)","Double"
"0","Exchange/DataCenterDemo/Site1/DataHall1/Section1/PDU/PDU4A/Outlet/Outlet14/RmsCurrent","random(10.0, 30.0, true)","Double"
"0","Exchange/DataCenterDemo/Site1/DataHall1/Section4/PDU/PDU3A/Outlet/Outlet10/RmsCurrent","random(10.0, 30.0, true)","Double"
"0","Exchange/DataCenterDemo/Site1/DataHall1/Section3/PQM/PQM2B/Voltage/VoltageCA","cosine(478.0, 481.0, 90.683, true)","Double"
"0","Exchange/DataCenterDemo/Site1/DataHall2/Section2/PDU/PDU9B/Outlet/Outlet9/RmsCurrent","random(10.0, 30.0, true)","Double"
"0","Exchange/DataCenterDemo/Site1/DataHall1/Section2/PDU/PDU11B/Outlet/Outlet5/RmsCurrent","random(10.0, 30.0, true)","Double"
"0","Exchange/DataCenterDemo/Site1/DataHall1/Section4/Heatmap/Aisle12/Sensor3/Humidity","cosine(42.0, 44.0, 105.1, true)","Double"
"0","Exchange/DataCenterDemo/Site1/DataHall2/Section4/PDU/PDU6A/Outlet/Outlet11/RmsCurrent","random(10.0, 30.0, true)","Double"
"0","Exchange/DataCenterDemo/Site1/DataHall1/Section2/PDU/PDU4A/Outlet/Outlet12/RmsCurrent","random(10.0, 30.0, true)","Double"
"0","Exchange/DataCenterDemo/Site1/DataHall2/Section3/AHU/AHU6/Temperature/MixedAirTemperature","cosine(14.0, 16.0, 96.489, true)","Double"
"0","Exchange/DataCenterDemo/Site1/DataHall1/Section2/PDU/PDU3B/Outlet/Outlet10/RmsCurrent","random(10.0, 30.0, true)","Double"
"0","Exchange/DataCenterDemo/Site1/DataHall1/Section3/PDU/PDU2B/Outlet/Outlet1/RmsCurrent","random(10.0, 30.0, true)","Double"
"0","Exchange/DataCenterDemo/Site1/DataHall1/Section3/PQM/PQM2B/Voltage/VoltageBN","cosine(276.0, 278.0, 91.909, true)","Double"
"0","Exchange/DataCenterDemo/Site1/DataHall2/Section1/PDU/PDU1A/Outlet/Outlet4/RmsCurrent","random(10.0, 30.0, true)","Double"
"0","Exchange/DataCenterDemo/Site1/DataHall2/Section2/PDU/PDU7A/Outlet/Outlet13/RmsCurrent","random(10.0, 30.0, true)","Double"
"0","Exchange/DataCenterDemo/Site1/DataHall1/Section2/Heatmap/Aisle5/Sensor3/Temperature","random(18.0, 23.9, true)","Double"
"0","Exchange/DataCenterDemo/Site1/DataHall1/Section2/PDU/PDU10B/Outlet/Outlet9/RmsCurrent","random(10.0, 30.0, true)","Double"
"0","Exchange/DataCenterDemo/Site1/DataHall2/Section1/PDU/PDU8A/Outlet/Outlet3/RmsCurrent","random(10.0, 30.0, true)","Double"
"0","Exchange/DataCenterDemo/Site1/DataHall1/Section1/Heatmap/Aisle1/Sensor2/Temperature","random(18.0, 23.9, true)","Double"
"0","Exchange/DataCenterDemo/Site1/DataHall1/Section3/PQM/PQM2B/Voltage/VoltageBC","cosine(478.0, 481.0, 100.573, true)","Double"
"0","Exchange/DataCenterDemo/Site1/DataHall1/Section1/PDU/PDU3A/Outlet/Outlet1/RmsCurrent","random(10.0, 30.0, true)","Double"
"0","Exchange/DataCenterDemo/Site1/DataHall1/Section1/PDU/PDU1A/Outlet/Outlet9/RmsCurrent","random(10.0, 30.0, true)","Double"
"0","Exchange/DataCenterDemo/Site1/DataHall2/Section3/PDU/PDU7A/Outlet/Outlet11/RmsCurrent","random(10.0, 30.0, true)","Double"
"0","Exchange/DataCenterDemo/Site1/DataHall1/Section1/PDU/PDU12B/Outlet/Outlet3/RmsCurrent","random(10.0, 30.0, true)","Double"
"0","Exchange/DataCenterDemo/Site1/DataHall2/Section2/PDU/PDU12B/Outlet/Outlet8/RmsCurrent","random(10.0, 30.0, true)","Double"
"0","Exchange/DataCenterDemo/Site1/DataHall2/Section3/PDU/PDU9B/Outlet/Outlet9/RmsCurrent","random(10.0, 30.0, true)","Double"
"0","Exchange/DataCenterDemo/Site1/DataHall1/Section1/UPS/UPS2A/Output/SystemOutputCurrentB","random(1500.0, 1800.0, true)","Double"
"0","Exchange/DataCenterDemo/Site1/DataHall2/Section4/PDU/PDU10A/Outlet/Outlet2/RmsCurrent","random(10.0, 30.0, true)","Double"
"0","Exchange/DataCenterDemo/Site1/DataHall1/Section1/UPS/UPS2A/Output/SystemOutputCurrentC","random(1500.0, 1800.0, true)","Double"
"0","Exchange/DataCenterDemo/Site1/DataHall1/Section2/PDU/PDU2B/Outlet/Outlet1/RmsCurrent","random(10.0, 30.0, true)","Double"
"0","Exchange/DataCenterDemo/Site1/DataHall2/Section3/UPS/UPS2B/Output/SystemOutputCurrentC","random(1500.0, 1800.0, true)","Double"
"0","Exchange/DataCenterDemo/Site1/DataHall1/Section1/UPS/UPS2A/Output/SystemOutputCurrentA","random(1500.0, 1800.0, true)","Double"
"0","Exchange/DataCenterDemo/Site1/DataHall1/Section3/PDU/PDU3A/Outlet/Outlet12/RmsCurrent","random(10.0, 30.0, true)","Double"
"0","Exchange/DataCenterDemo/Site1/DataHall2/Section3/UPS/UPS2B/Output/SystemOutputCurrentB","random(1500.0, 1800.0, true)","Double"
"0","Exchange/DataCenterDemo/Site1/DataHall2/Section3/UPS/UPS2B/Output/SystemOutputCurrentA","random(1500.0, 1800.0, true)","Double"
"0","Exchange/DataCenterDemo/Site1/DataHall1/Section3/PQM/PQM2B/Voltage/VoltageAN","cosine(276.0, 278.0, 108.711, true)","Double"
"0","Exchange/DataCenterDemo/Site1/DataHall2/Section3/UPS/UPS1A/Input/SystemInputCurrentB","random(1600.0, 1900.0, true)","Double"
"0","Exchange/DataCenterDemo/Site1/DataHall1/Section1/PDU/PDU11B/Outlet/Outlet7/RmsCurrent","random(10.0, 30.0, true)","Double"
"0","Exchange/DataCenterDemo/Site1/DataHall1/Section1/PDU/PDU4B/Outlet/Outlet10/RmsCurrent","random(10.0, 30.0, true)","Double"
"0","Exchange/DataCenterDemo/Site1/DataHall2/Section2/UPS/UPS2B/Input/SystemInputVoltageAB","random(470.0, 490.0, true)","Double"
"0","Exchange/DataCenterDemo/Site1/DataHall2/Section3/UPS/UPS1A/Input/SystemInputCurrentC","random(1600.0, 1900.0, true)","Double"
"0","Exchange/DataCenterDemo/Site1/DataHall2/Section3/UPS/UPS1A/Input/SystemInputCurrentA","random(1600.0, 1900.0, true)","Double"
"0","Exchange/DataCenterDemo/Site1/DataHall2/Section1/PDU/PDU8A/Outlet/Outlet13/RmsCurrent","random(10.0, 30.0, true)","Double"
"0","Exchange/DataCenterDemo/Site1/DataHall2/Section2/PDU/PDU1A/Outlet/Outlet4/RmsCurrent","random(10.0, 30.0, true)","Double"
"0","Exchange/DataCenterDemo/Site1/DataHall1/Section4/UPS/UPS2A/Input/SystemInputPowerFactor","random(0.95, 0.98, true)","Double"
"0","Exchange/DataCenterDemo/Site1/DataHall1/Section4/PDU/PDU9A/Outlet/Outlet4/RmsCurrent","random(10.0, 30.0, true)","Double"
"0","Exchange/DataCenterDemo/Site1/DataHall2/Section3/PDU/PDU4B/Outlet/Outlet13/RmsCurrent","random(10.0, 30.0, true)","Double"
"0","Exchange/DataCenterDemo/Site1/DataHall1/Section3/PQM/PQM2B/Voltage/VoltageAB","cosine(478.0, 481.0, 108.839, true)","Double"
"0","Exchange/DataCenterDemo/Site1/DataHall2/Section3/PDU/PDU5A/Outlet/Outlet15/RmsCurrent","random(10.0, 30.0, true)","Double"
"0","Exchange/DataCenterDemo/Site1/DataHall1/Section2/PDU/PDU2A/Outlet/Outlet16/RmsCurrent","random(10.0, 30.0, true)","Double"
"0","Exchange/DataCenterDemo/Site1/DataHall2/Section1/Heatmap/Aisle10/Sensor1/Humidity","cosine(42.0, 44.0, 101.545, true)","Double"
"0","Exchange/DataCenterDemo/Site1/DataHall2/Section1/PDU/PDU11B/Outlet/Outlet15/RmsCurrent","random(10.0, 30.0, true)","Double"
"0","Exchange/DataCenterDemo/Site1/DataHall1/Section4/PDU/PDU7B/Outlet/Outlet8/RmsCurrent","random(10.0, 30.0, true)","Double"
"0","Exchange/DataCenterDemo/Site1/DataHall1/Section1/PDU/PDU2B/Outlet/Outlet1/RmsCurrent","random(10.0, 30.0, true)","Double"
"0","Exchange/DataCenterDemo/Site1/DataHall1/Section3/PDU/PDU1B/Outlet/Outlet12/RmsCurrent","random(10.0, 30.0, true)","Double"
"0","Exchange/DataCenterDemo/Site1/DataHall1/Section4/PDU/PDU6A/Outlet/Outlet2/RmsCurrent","random(10.0, 30.0, true)","Double"
"0","Exchange/DataCenterDemo/Site1/DataHall2/Section4/UPS/UPS2A/Input/SystemInputVoltageBC","random(470.0, 490.0, true)","Double"
"0","Exchange/DataCenterDemo/Site1/DataHall1/Section2/PDU/PDU1B/Outlet/Outlet5/RmsCurrent","random(10.0, 30.0, true)","Double"
"0","Exchange/DataCenterDemo/Site1/DataHall1/Section1/Heatmap/Aisle5/Sensor3/Humidity","cosine(46.0, 48.0, 90.62, true)","Double"
"0","Exchange/DataCenterDemo/Site1/DataHall1/Section4/AHU/AHU3/Fan/FanSpeedCommand","square(70.0, 100.0, 103.92, true)","Double"
"0","Exchange/DataCenterDemo/Site1/DataHall1/Section4/PDU/PDU1A/Outlet/Outlet9/RmsCurrent","random(10.0, 30.0, true)","Double"
"0","Exchange/DataCenterDemo/Site1/DataHall2/Section4/PDU/PDU4B/Outlet/Outlet11/RmsCurrent","random(10.0, 30.0, true)","Double"
"0","Exchange/DataCenterDemo/Site1/DataHall1/Section2/PDU/PDU3A/Outlet/Outlet1/RmsCurrent","random(10.0, 30.0, true)","Double"
"0","Exchange/DataCenterDemo/Site1/DataHall2/Section4/UPS/UPS2A/Input/SystemInputVoltageCA","random(470.0, 490.0, true)","Double"
"0","Exchange/DataCenterDemo/Site1/DataHall2/Section1/PDU/PDU1A/Outlet/Outlet14/RmsCurrent","random(10.0, 30.0, true)","Double"
"0","Exchange/DataCenterDemo/Site1/DataHall2/Section4/PDU/PDU5A/Outlet/Outlet13/RmsCurrent","random(10.0, 30.0, true)","Double"
"0","Exchange/DataCenterDemo/Site1/DataHall2/Section2/PDU/PDU3B/Outlet/Outlet6/RmsCurrent","random(10.0, 30.0, true)","Double"
"0","Exchange/DataCenterDemo/Site1/DataHall1/Section3/PDU/PDU2A/Outlet/Outlet14/RmsCurrent","random(10.0, 30.0, true)","Double"
"0","Exchange/DataCenterDemo/Site1/DataHall2/Section4/PDU/PDU7A/Outlet/Outlet7/RmsCurrent","random(10.0, 30.0, true)","Double"
"0","Exchange/DataCenterDemo/Site1/DataHall2/Section3/Heatmap/Aisle10/Sensor1/Temperature","random(38.0, 43.9, true)","Double"
"0","Exchange/DataCenterDemo/Site1/DataHall1/Section1/PDU/PDU3A/Outlet/Outlet16/RmsCurrent","random(10.0, 30.0, true)","Double"
"0","Exchange/DataCenterDemo/Site1/DataHall1/Section4/PDU/PDU2A/Outlet/Outlet12/RmsCurrent","random(10.0, 30.0, true)","Double"
"0","Exchange/DataCenterDemo/Site1/DataHall1/Section1/PDU/PDU2B/Outlet/Outlet14/RmsCurrent","random(10.0, 30.0, true)","Double"
"0","Exchange/DataCenterDemo/Site1/DataHall1/Section4/PDU/PDU1B/Outlet/Outlet10/RmsCurrent","random(10.0, 30.0, true)","Double"
"0","Exchange/DataCenterDemo/Site1/DataHall2/Section2/PDU/PDU7B/Outlet/Outlet3/RmsCurrent","random(10.0, 30.0, true)","Double"
"0","Exchange/DataCenterDemo/Site1/DataHall1/Section4/PDU/PDU8B/Outlet/Outlet4/RmsCurrent","random(10.0, 30.0, true)","Double"
"0","Exchange/DataCenterDemo/Site1/DataHall2/Section1/PDU/PDU5B/Outlet/Outlet15/RmsCurrent","random(10.0, 30.0, true)","Double"
"0","Exchange/DataCenterDemo/Site1/DataHall2/Section4/AHU/AHU4/Fan/SupplyAirStaticPressure","cosine(210.0, 225.0, 90.714, true)","Double"
"0","Exchange/DataCenterDemo/Site1/DataHall1/Section3/PDU/PDU1A/Outlet/Outlet16/RmsCurrent","random(10.0, 30.0, true)","Double"
"0","Exchange/DataCenterDemo/Site1/DataHall1/Section2/PDU/PDU5B/Outlet/Outlet3/RmsCurrent","random(10.0, 30.0, true)","Double"
"0","Exchange/DataCenterDemo/Site1/DataHall2/Section4/PDU/PDU4A/Outlet/Outlet15/RmsCurrent","random(10.0, 30.0, true)","Double"
"0","Exchange/DataCenterDemo/Site1/DataHall1/Section2/PDU/PDU3A/Outlet/Outlet14/RmsCurrent","random(10.0, 30.0, true)","Double"
"0","Exchange/DataCenterDemo/Site1/DataHall2/Section1/UPS/UPS1A/Input/SystemInputCurrentB","random(1600.0, 1900.0, true)","Double"
"0","Exchange/DataCenterDemo/Site1/DataHall2/Section2/Heatmap/Aisle6/Sensor1/Temperature","random(38.0, 43.9, true)","Double"
"0","Exchange/DataCenterDemo/Site1/DataHall1/Section2/PDU/PDU2A/Outlet/Outlet5/RmsCurrent","random(10.0, 30.0, true)","Double"
"0","Exchange/DataCenterDemo/Site1/DataHall2/Section1/UPS/UPS1A/Input/SystemInputCurrentC","random(1600.0, 1900.0, true)","Double"
"0","Exchange/DataCenterDemo/Site1/DataHall2/Section2/PDU/PDU1A/Outlet/Outlet12/RmsCurrent","random(10.0, 30.0, true)","Double"
"0","Exchange/DataCenterDemo/Site1/DataHall2/Section4/UPS/UPS2A/Input/SystemInputVoltageAB","random(470.0, 490.0, true)","Double"
"0","Exchange/DataCenterDemo/Site1/DataHall2/Section1/UPS/UPS1A/Input/SystemInputCurrentA","random(1600.0, 1900.0, true)","Double"
"0","Exchange/DataCenterDemo/Site1/DataHall2/Section2/PDU/PDU5B/Outlet/Outlet13/RmsCurrent","random(10.0, 30.0, true)","Double"
"0","Exchange/DataCenterDemo/Site1/DataHall1/Section4/PDU/PDU8A/Outlet/Outlet8/RmsCurrent","random(10.0, 30.0, true)","Double"
"0","Exchange/DataCenterDemo/Site1/DataHall1/Section2/PDU/PDU8B/Outlet/Outlet4/RmsCurrent","random(10.0, 30.0, true)","Double"
"0","Exchange/DataCenterDemo/Site1/DataHall1/Section3/PDU/PDU2B/Outlet/Outlet10/RmsCurrent","random(10.0, 30.0, true)","Double"
"0","Exchange/DataCenterDemo/Site1/DataHall2/Section3/PDU/PDU6A/Outlet/Outlet13/RmsCurrent","random(10.0, 30.0, true)","Double"
"0","Exchange/DataCenterDemo/Site1/DataHall2/Section1/PDU/PDU1B/Outlet/Outlet10/RmsCurrent","random(10.0, 30.0, true)","Double"
"0","Exchange/DataCenterDemo/Site1/DataHall2/Section3/PDU/PDU5A/Outlet/Outlet1/RmsCurrent","random(10.0, 30.0, true)","Double"
"0","Exchange/DataCenterDemo/Site1/DataHall2/Section4/AHU/AHU5/Fan/FanSpeedCommand","square(70.0, 100.0, 100.924, true)","Double"
"0","Exchange/DataCenterDemo/Site1/DataHall2/Section2/PDU/PDU8A/Outlet/Outlet3/RmsCurrent","random(10.0, 30.0, true)","Double"
"0","Exchange/DataCenterDemo/Site1/DataHall1/Section2/PDU/PDU1B/Outlet/Outlet14/RmsCurrent","random(10.0, 30.0, true)","Double"
"0","Exchange/DataCenterDemo/Site1/DataHall1/Section2/PDU/PDU4B/Outlet/Outlet7/RmsCurrent","random(10.0, 30.0, true)","Double"
"0","Exchange/DataCenterDemo/Site1/DataHall1/Section1/PDU/PDU3B/Outlet/Outlet12/RmsCurrent","random(10.0, 30.0, true)","Double"
"0","Exchange/DataCenterDemo/Site1/DataHall2/Section1/PDU/PDU10A/Outlet/Outlet8/RmsCurrent","random(10.0, 30.0, true)","Double"
"0","Exchange/DataCenterDemo/Architecture/EAM/Agents/Edge 2/Independent/Metrics/Sessions/Clients","random(0.0, 5.0, true)","Double"
"0","Exchange/DataCenterDemo/Site1/DataHall2/Section1/PDU/PDU6B/Outlet/Outlet13/RmsCurrent","random(10.0, 30.0, true)","Double"
"0","Exchange/DataCenterDemo/Site1/DataHall2/Section3/Breaker/Breaker2B/Metering/CurrentB","random(4300.0, 5800.0, true)","Double"
"0","Exchange/DataCenterDemo/Site1/DataHall2/Section3/Breaker/Breaker2B/Metering/CurrentC","random(4300.0, 5800.0, true)","Double"
"0","Exchange/DataCenterDemo/Site1/DataHall2/Section1/PDU/PDU7A/Outlet/Outlet15/RmsCurrent","random(10.0, 30.0, true)","Double"
"0","Exchange/DataCenterDemo/Site1/DataHall2/Section3/Breaker/Breaker2B/Metering/CurrentA","random(4300.0, 5800.0, true)","Double"
"0","Exchange/DataCenterDemo/Site1/DataHall2/Section4/PDU/PDU1A/Outlet/Outlet4/RmsCurrent","random(10.0, 30.0, true)","Double"
"0","Exchange/DataCenterDemo/Site1/DataHall1/Section2/PDU/PDU9A/Outlet/Outlet4/RmsCurrent","random(10.0, 30.0, true)","Double"
"0","Exchange/DataCenterDemo/Site1/DataHall2/Section2/PDU/PDU10A/Outlet/Outlet6/RmsCurrent","random(10.0, 30.0, true)","Double"
"0","Exchange/DataCenterDemo/Site1/DataHall2/Section2/AHU/AHU6/Fan/SupplyAirStaticPressure","cosine(210.0, 225.0, 96.324, true)","Double"
"0","Exchange/DataCenterDemo/Site1/DataHall2/Section2/PDU/PDU6B/Outlet/Outlet11/RmsCurrent","random(10.0, 30.0, true)","Double"
"0","Exchange/DataCenterDemo/Site1/DataHall2/Section3/AHU/AHU6/Temperature/ReturnAirTemperature","sine(30.0, 34.0, 180.448, true)","Double"
"0","Exchange/DataCenterDemo/Site1/DataHall1/Section2/PDU/PDU7B/Outlet/Outlet8/RmsCurrent","random(10.0, 30.0, true)","Double"
"0","Exchange/DataCenterDemo/Site1/DataHall1/Section4/PDU/PDU1B/Outlet/Outlet5/RmsCurrent","random(10.0, 30.0, true)","Double"
"0","Exchange/DataCenterDemo/Site1/DataHall1/Section2/PQM/PQM1A/Freq/Frequency","ramp(59.7, 60.3, 0.954, true)","Double"
"0","Exchange/DataCenterDemo/Site1/DataHall2/Section2/PDU/PDU6A/Outlet/Outlet15/RmsCurrent","random(10.0, 30.0, true)","Double"
"0","Exchange/DataCenterDemo/Site1/DataHall1/Section4/PDU/PDU3A/Outlet/Outlet1/RmsCurrent","random(10.0, 30.0, true)","Double"
"0","Exchange/DataCenterDemo/Site1/DataHall2/Section1/PDU/PDU5A/Outlet/Outlet1/RmsCurrent","random(10.0, 30.0, true)","Double"
"0","Exchange/DataCenterDemo/Site1/DataHall1/Section4/Heatmap/Aisle3/Sensor3/Humidity","cosine(46.0, 48.0, 90.964, true)","Double"
"0","Exchange/DataCenterDemo/Site1/DataHall2/Section4/Heatmap/Aisle6/Sensor2/Temperature","random(38.0, 43.9, true)","Double"
"0","Exchange/DataCenterDemo/Site1/DataHall1/Section2/PDU/PDU2B/Outlet/Outlet12/RmsCurrent","random(10.0, 30.0, true)","Double"
"0","Exchange/DataCenterDemo/Site1/DataHall2/Section3/UPS/UPS2A/Input/SystemInputPowerFactor","random(0.95, 0.98, true)","Double"
"0","Exchange/DataCenterDemo/Site1/DataHall2/Section4/PDU/PDU8A/Outlet/Outlet3/RmsCurrent","random(10.0, 30.0, true)","Double"
"0","Exchange/DataCenterDemo/Site1/DataHall1/Section4/PDU/PDU1A/Outlet/Outlet14/RmsCurrent","random(10.0, 30.0, true)","Double"
"0","Exchange/DataCenterDemo/Site1/DataHall2/Section3/AHU/AHU5/Fan/SupplyAirStaticPressure","cosine(210.0, 225.0, 107.058, true)","Double"
"0","Exchange/DataCenterDemo/Site1/DataHall2/Section4/PDU/PDU7B/Outlet/Outlet3/RmsCurrent","random(10.0, 30.0, true)","Double"
"0","Exchange/DataCenterDemo/Site1/DataHall2/Section1/PDU/PDU11A/Outlet/Outlet4/RmsCurrent","random(10.0, 30.0, true)","Double"
"0","Exchange/DataCenterDemo/Site1/DataHall2/Section4/PDU/PDU6B/Outlet/Outlet7/RmsCurrent","random(10.0, 30.0, true)","Double"
"0","Exchange/DataCenterDemo/Site1/DataHall2/Section2/PDU/PDU4B/Outlet/Outlet2/RmsCurrent","random(10.0, 30.0, true)","Double"
"0","Exchange/DataCenterDemo/Site1/DataHall1/Section2/PDU/PDU8A/Outlet/Outlet8/RmsCurrent","random(10.0, 30.0, true)","Double"
"0","Exchange/DataCenterDemo/Site1/DataHall1/Section4/PDU/PDU2A/Outlet/Outlet5/RmsCurrent","random(10.0, 30.0, true)","Double"
"0","Exchange/DataCenterDemo/Site1/DataHall2/Section3/PDU/PDU5B/Outlet/Outlet11/RmsCurrent","random(10.0, 30.0, true)","Double"
"0","Exchange/DataCenterDemo/Site1/DataHall2/Section3/PQM/PQM1B/PQ/ThdVoltageAN","3.3","Double"
"0","Exchange/DataCenterDemo/Site1/DataHall1/Section2/PDU/PDU11A/Outlet/Outlet9/RmsCurrent","random(10.0, 30.0, true)","Double"
"0","Exchange/DataCenterDemo/Site1/DataHall2/Section2/PDU/PDU3A/Outlet/Outlet9/RmsCurrent","random(10.0, 30.0, true)","Double"
"0","Exchange/DataCenterDemo/Site1/DataHall2/Section1/PDU/PDU4A/Outlet/Outlet5/RmsCurrent","random(10.0, 30.0, true)","Double"
"0","Exchange/DataCenterDemo/Site1/DataHall1/Section1/PDU/PDU7B/Outlet/Outlet8/RmsCurrent","random(10.0, 30.0, true)","Double"
"0","Exchange/DataCenterDemo/Site1/DataHall1/Section2/PDU/PDU9B/Outlet/Outlet11/RmsCurrent","random(10.0, 30.0, true)","Double"
"0","Exchange/DataCenterDemo/Site1/DataHall2/Section2/PDU/PDU12A/Outlet/Outlet10/RmsCurrent","random(10.0, 30.0, true)","Double"
"0","Exchange/DataCenterDemo/Site1/DataHall1/Section4/PDU/PDU10A/Outlet/Outlet9/RmsCurrent","random(10.0, 30.0, true)","Double"
"0","Exchange/DataCenterDemo/Site1/DataHall1/Section1/PDU/PDU6A/Outlet/Outlet2/RmsCurrent","random(10.0, 30.0, true)","Double"
"0","Exchange/DataCenterDemo/Site1/DataHall1/Section3/Breaker/Breaker2A/Metering/VoltageMeanLL","random(470.0, 490.0, true)","Double"
"0","Exchange/DataCenterDemo/Site1/DataHall1/Section2/AHU/AHU1/Temperature/MixedAirTemperature","cosine(14.0, 16.0, 106.604, true)","Double"
"0","Exchange/DataCenterDemo/Site1/DataHall1/Section3/PDU/PDU11A/Outlet/Outlet7/RmsCurrent","random(10.0, 30.0, true)","Double"
"0","Exchange/DataCenterDemo/Site1/DataHall1/Section1/PDU/PDU5A/Outlet/Outlet6/RmsCurrent","random(10.0, 30.0, true)","Double"
"0","Exchange/DataCenterDemo/Site1/DataHall2/Section4/Heatmap/Aisle9/Sensor3/Humidity","cosine(46.0, 48.0, 90.01, true)","Double"
"0","Exchange/DataCenterDemo/Site1/DataHall2/Section4/UPS/UPS1A/Output/SystemOutputVoltageBC","random(480.0, 480.5, true)","Double"
"0","Exchange/DataCenterDemo/Site1/DataHall1/Section1/PDU/PDU12A/Outlet/Outlet7/RmsCurrent","random(10.0, 30.0, true)","Double"
"0","Exchange/DataCenterDemo/Site1/DataHall1/Section4/Heatmap/Aisle6/Sensor1/Humidity","cosine(42.0, 44.0, 103.008, true)","Double"
"0","Exchange/DataCenterDemo/Site1/DataHall1/Section4/PDU/PDU11A/Outlet/Outlet5/RmsCurrent","random(10.0, 30.0, true)","Double"
"0","Exchange/DataCenterDemo/Site1/DataHall2/Section1/Heatmap/Aisle10/Sensor1/Temperature","random(38.0, 43.9, true)","Double"
"0","Exchange/DataCenterDemo/Site1/DataHall2/Section2/PDU/PDU10B/Outlet/Outlet10/RmsCurrent","random(10.0, 30.0, true)","Double"
"0","Exchange/DataCenterDemo/Site1/DataHall1/Section3/PDU/PDU8B/Outlet/Outlet11/RmsCurrent","random(10.0, 30.0, true)","Double"
"0","Exchange/DataCenterDemo/Site1/DataHall1/Section3/PDU/PDU12A/Outlet/Outlet2/RmsCurrent","random(10.0, 30.0, true)","Double"
"0","Exchange/DataCenterDemo/Site1/DataHall1/Section4/PDU/PDU11B/Outlet/Outlet16/RmsCurrent","random(10.0, 30.0, true)","Double"
"0","Exchange/DataCenterDemo/Site1/DataHall2/Section4/UPS/UPS1A/Output/SystemOutputVoltageCA","random(480.0, 480.5, true)","Double"
"0","Exchange/DataCenterDemo/Site1/DataHall1/Section4/PDU/PDU9A/Outlet/Outlet11/RmsCurrent","random(10.0, 30.0, true)","Double"
"0","Exchange/DataCenterDemo/Site1/DataHall1/Section1/PDU/PDU9B/Outlet/Outlet13/RmsCurrent","random(10.0, 30.0, true)","Double"
"0","Exchange/DataCenterDemo/Site1/DataHall1/Section3/PDU/PDU12A/Outlet/Outlet3/RmsCurrent","random(10.0, 30.0, true)","Double"
"0","Exchange/DataCenterDemo/Site1/DataHall2/Section4/PDU/PDU2B/Outlet/Outlet15/RmsCurrent","random(10.0, 30.0, true)","Double"
"0","Exchange/DataCenterDemo/Site1/DataHall1/Section4/Heatmap/Aisle4/Sensor3/Temperature","random(38.0, 43.9, true)","Double"
"0","Exchange/DataCenterDemo/Site1/DataHall2/Section4/PDU/PDU12A/Outlet/Outlet8/RmsCurrent","random(10.0, 30.0, true)","Double"
"0","Exchange/DataCenterDemo/Site1/DataHall2/Section1/AHU/AHU5/Fan/FanSpeedCommand","square(70.0, 100.0, 103.172, true)","Double"
"0","Exchange/DataCenterDemo/Site1/DataHall1/Section3/PDU/PDU11A/Outlet/Outlet6/RmsCurrent","random(10.0, 30.0, true)","Double"
"0","Exchange/DataCenterDemo/Site1/DataHall2/Section3/PQM/PQM1B/Current/CurrentB","random(3750.0, 4100.0, true)","Double"
"0","Exchange/DataCenterDemo/Site1/DataHall1/Section2/Heatmap/Aisle13/Sensor2/Temperature","random(18.0, 23.9, true)","Double"
"0","Exchange/DataCenterDemo/Site1/DataHall2/Section2/PDU/PDU6B/Outlet/Outlet7/RmsCurrent","random(10.0, 30.0, true)","Double"
"0","Exchange/DataCenterDemo/Site1/DataHall2/Section3/PQM/PQM1B/Current/CurrentA","random(3750.0, 4100.0, true)","Double"
"0","Exchange/DataCenterDemo/Site1/DataHall1/Section3/Heatmap/Aisle8/Sensor3/Temperature","random(38.0, 43.9, true)","Double"
"0","Exchange/DataCenterDemo/Site1/DataHall2/Section3/PDU/PDU4A/Outlet/Outlet5/RmsCurrent","random(10.0, 30.0, true)","Double"
"0","Exchange/DataCenterDemo/Site1/DataHall1/Section2/UPS/UPS1B/Output/SystemOutputCurrentA","random(1500.0, 1800.0, true)","Double"
"0","Exchange/DataCenterDemo/Site1/DataHall2/Section2/Heatmap/Aisle10/Sensor1/Temperature","random(38.0, 43.9, true)","Double"
"0","Exchange/DataCenterDemo/Site1/DataHall1/Section2/UPS/UPS1B/Output/SystemOutputCurrentB","random(1500.0, 1800.0, true)","Double"
"0","Exchange/DataCenterDemo/Site1/DataHall1/Section3/AHU/AHU1/Fan/FanSpeedFeedback","cosine(70.0, 100.0, 109.147, true)","Double"
"0","Exchange/DataCenterDemo/Site1/DataHall1/Section4/PDU/PDU4B/Outlet/Outlet7/RmsCurrent","random(10.0, 30.0, true)","Double"
"0","Exchange/DataCenterDemo/Site1/DataHall1/Section1/PDU/PDU12A/Outlet/Outlet6/RmsCurrent","random(10.0, 30.0, true)","Double"
"0","Exchange/DataCenterDemo/Site1/DataHall1/Section3/PDU/PDU5B/Outlet/Outlet3/RmsCurrent","random(10.0, 30.0, true)","Double"
"0","Exchange/DataCenterDemo/Site1/DataHall1/Section2/PDU/PDU9A/Outlet/Outlet15/RmsCurrent","random(10.0, 30.0, true)","Double"
"0","Exchange/DataCenterDemo/Site1/DataHall1/Section2/UPS/UPS1B/Output/SystemOutputCurrentC","random(1500.0, 1800.0, true)","Double"
"0","Exchange/DataCenterDemo/Site1/DataHall1/Section1/PDU/PDU12B/Outlet/Outlet10/RmsCurrent","random(10.0, 30.0, true)","Double"
"0","Exchange/DataCenterDemo/Site1/DataHall1/Section2/Heatmap/Aisle5/Sensor3/Humidity","cosine(46.0, 48.0, 107.179, true)","Double"
"0","Exchange/DataCenterDemo/Site1/DataHall2/Section2/Heatmap/Aisle4/Sensor3/Temperature","random(38.0, 43.9, true)","Double"
"0","Exchange/DataCenterDemo/Site1/DataHall1/Section4/PDU/PDU12B/Outlet/Outlet14/RmsCurrent","random(10.0, 30.0, true)","Double"
"0","Exchange/DataCenterDemo/Site1/DataHall2/Section3/PDU/PDU3B/Outlet/Outlet15/RmsCurrent","random(10.0, 30.0, true)","Double"
"0","Exchange/DataCenterDemo/Site1/DataHall1/Section1/PDU/PDU8B/Outlet/Outlet4/RmsCurrent","random(10.0, 30.0, true)","Double"
"0","Exchange/DataCenterDemo/Site1/DataHall1/Section4/PDU/PDU8A/Outlet/Outlet13/RmsCurrent","random(10.0, 30.0, true)","Double"
"0","Exchange/DataCenterDemo/Site1/DataHall2/Section1/AHU/AHU4/Temperature/ReturnAirTemperature","sine(30.0, 34.0, 214.607, true)","Double"
"0","Exchange/DataCenterDemo/Site1/DataHall2/Section3/PQM/PQM1B/Current/CurrentC","random(3750.0, 4100.0, true)","Double"
"0","Exchange/DataCenterDemo/Site1/DataHall1/DataHall/CoolingCapacity","cosine(0.6, 0.65, 108.999, true)","Double"
"0","Exchange/DataCenterDemo/Site1/DataHall2/Section3/PDU/PDU3A/Outlet/Outlet9/RmsCurrent","random(10.0, 30.0, true)","Double"
"0","Exchange/DataCenterDemo/Site1/DataHall1/Section4/PDU/PDU5A/Outlet/Outlet6/RmsCurrent","random(10.0, 30.0, true)","Double"
"0","Exchange/DataCenterDemo/Site1/DataHall1/Section2/PDU/PDU12A/Outlet/Outlet4/RmsCurrent","random(10.0, 30.0, true)","Double"
"0","Exchange/DataCenterDemo/Site1/DataHall2/Section2/AHU/AHU3/Temperature/ReturnAirTemperature","sine(30.0, 34.0, 181.177, true)","Double"
"0","Exchange/DataCenterDemo/Site1/DataHall1/Section1/PDU/PDU1B/Outlet/Outlet5/RmsCurrent","random(10.0, 30.0, true)","Double"
"0","Exchange/DataCenterDemo/Site1/DataHall1/Section3/PDU/PDU9A/Outlet/Outlet13/RmsCurrent","random(10.0, 30.0, true)","Double"
"0","Exchange/DataCenterDemo/Site1/DataHall2/Section4/PDU/PDU9B/Outlet/Outlet15/RmsCurrent","random(10.0, 30.0, true)","Double"
"0","Exchange/DataCenterDemo/Site1/DataHall1/Section3/PDU/PDU4B/Outlet/Outlet7/RmsCurrent","random(10.0, 30.0, true)","Double"
"0","Exchange/DataCenterDemo/Site1/DataHall2/Section2/PDU/PDU11A/Outlet/Outlet12/RmsCurrent","random(10.0, 30.0, true)","Double"
"0","Exchange/DataCenterDemo/Site1/DataHall2/Section4/PDU/PDU3B/Outlet/Outlet13/RmsCurrent","random(10.0, 30.0, true)","Double"
"0","Exchange/DataCenterDemo/Site1/DataHall1/Section1/PQM/PQM1A/PQ/ThdVoltageAN","3.3","Double"
"0","Exchange/DataCenterDemo/Site1/DataHall1/Section1/PDU/PDU12A/Outlet/Outlet14/RmsCurrent","random(10.0, 30.0, true)","Double"
"0","Exchange/DataCenterDemo/Site1/DataHall1/Section2/PDU/PDU12A/Outlet/Outlet5/RmsCurrent","random(10.0, 30.0, true)","Double"
"0","Exchange/DataCenterDemo/Site1/DataHall1/Section2/PDU/PDU11A/Outlet/Outlet8/RmsCurrent","random(10.0, 30.0, true)","Double"
"0","Exchange/DataCenterDemo/Site1/DataHall2/Section1/Breaker/Breaker2B/Metering/CurrentB","random(4300.0, 5800.0, true)","Double"
"0","Exchange/DataCenterDemo/Site1/DataHall2/Section1/Breaker/Breaker2B/Metering/CurrentC","random(4300.0, 5800.0, true)","Double"
"0","Exchange/DataCenterDemo/Site1/DataHall2/Section1/Breaker/Breaker2B/Metering/CurrentA","random(4300.0, 5800.0, true)","Double"
"0","Exchange/DataCenterDemo/Site1/DataHall2/Section2/PDU/PDU4B/Outlet/Outlet15/RmsCurrent","random(10.0, 30.0, true)","Double"
"0","Exchange/DataCenterDemo/Site1/DataHall2/Section4/UPS/UPS1A/Output/SystemOutputVoltageAB","random(480.0, 480.5, true)","Double"
"0","Exchange/DataCenterDemo/Site1/DataHall1/Section1/Heatmap/Aisle13/Sensor2/Temperature","random(18.0, 23.9, true)","Double"
"0","Exchange/DataCenterDemo/Site1/DataHall1/Section4/PDU/PDU5B/Outlet/Outlet3/RmsCurrent","random(10.0, 30.0, true)","Double"
"0","Exchange/DataCenterDemo/Site1/DataHall1/Section2/AHU/AHU2/Fan/FanSpeedFeedback","cosine(70.0, 100.0, 90.0, true)","Double"
"0","Exchange/DataCenterDemo/Site1/DataHall1/Section4/Heatmap/Aisle13/Sensor2/Humidity","cosine(46.0, 48.0, 103.176, true)","Double"
"0","Exchange/DataCenterDemo/Site1/DataHall1/Section2/PDU/PDU10A/Outlet/Outlet10/RmsCurrent","random(10.0, 30.0, true)","Double"
"0","Exchange/DataCenterDemo/Site1/DataHall2/Section3/PDU/PDU9B/Outlet/Outlet16/RmsCurrent","random(10.0, 30.0, true)","Double"
"0","Exchange/DataCenterDemo/Site1/DataHall2/Section1/PDU/PDU11B/Outlet/Outlet1/RmsCurrent","random(10.0, 30.0, true)","Double"
"0","Exchange/DataCenterDemo/Site1/DataHall2/Section3/PDU/PDU10B/Outlet/Outlet1/RmsCurrent","random(10.0, 30.0, true)","Double"
"0","Exchange/DataCenterDemo/Site1/DataHall1/Section4/PQM/PQM1B/Freq/Frequency","ramp(59.7, 60.3, 1.02, true)","Double"
"0","Exchange/DataCenterDemo/Site1/DataHall2/Section3/PDU/PDU7B/Outlet/Outlet3/RmsCurrent","random(10.0, 30.0, true)","Double"
"0","Exchange/DataCenterDemo/Site1/DataHall1/Section2/PDU/PDU7B/Outlet/Outlet9/RmsCurrent","random(10.0, 30.0, true)","Double"
"0","Exchange/DataCenterDemo/Site1/DataHall2/Section2/UPS/UPS1B/Input/SystemInputPowerFactor","random(0.95, 0.98, true)","Double"
"0","Exchange/DataCenterDemo/Site1/DataHall1/Section1/Heatmap/Aisle8/Sensor1/Humidity","cosine(42.0, 44.0, 95.284, true)","Double"
"0","Exchange/DataCenterDemo/Site1/DataHall2/Section2/Breaker/Breaker2B/Metering/CurrentC","random(4300.0, 5800.0, true)","Double"
"0","Exchange/DataCenterDemo/Site1/DataHall2/Section4/PDU/PDU3B/Outlet/Outlet5/RmsCurrent","random(10.0, 30.0, true)","Double"
"0","Exchange/DataCenterDemo/Site1/DataHall1/Section3/PDU/PDU2A/Outlet/Outlet5/RmsCurrent","random(10.0, 30.0, true)","Double"
"0","Exchange/DataCenterDemo/Site1/DataHall2/Section1/PDU/PDU3B/Outlet/Outlet6/RmsCurrent","random(10.0, 30.0, true)","Double"
"0","Exchange/DataCenterDemo/Site1/DataHall2/Section2/Breaker/Breaker2B/Metering/CurrentA","random(4300.0, 5800.0, true)","Double"
"0","Exchange/DataCenterDemo/Site1/DataHall1/Section3/Heatmap/Aisle11/Sensor1/Humidity","cosine(46.0, 48.0, 107.878, true)","Double"
"0","Exchange/DataCenterDemo/Site1/DataHall2/Section2/Breaker/Breaker2B/Metering/CurrentB","random(4300.0, 5800.0, true)","Double"
"0","Exchange/DataCenterDemo/Site1/DataHall2/Section1/PDU/PDU4B/Outlet/Outlet2/RmsCurrent","random(10.0, 30.0, true)","Double"
"0","Exchange/DataCenterDemo/Site1/DataHall1/Section4/AHU/AHU6/Temperature/SupplyAirTemperature","sine(21.0, 22.0, 107.653, true)","Double"
"0","Exchange/DataCenterDemo/Site1/DataHall2/Section2/UPS/UPS2B/Input/SystemInputVoltageBC","random(470.0, 490.0, true)","Double"
"0","Exchange/DataCenterDemo/Site1/DataHall2/Section3/PDU/PDU6B/Outlet/Outlet7/RmsCurrent","random(10.0, 30.0, true)","Double"
"0","Exchange/DataCenterDemo/Site1/DataHall1/Section1/PDU/PDU6A/Outlet/Outlet3/RmsCurrent","random(10.0, 30.0, true)","Double"
"0","Exchange/DataCenterDemo/Site1/DataHall2/Section3/UPS/UPS1B/Input/SystemInputVoltageAB","random(470.0, 490.0, true)","Double"
"0","Exchange/DataCenterDemo/Site1/DataHall2/Section2/UPS/UPS2A/Battery/BatteryCapacityRemaining","ramp(95.0, 99.0, 93.807, true)","Double"
"0","Exchange/DataCenterDemo/Site1/DataHall2/Section3/UPS/UPS1B/Input/SystemInputVoltageCA","random(470.0, 490.0, true)","Double"
"0","Exchange/DataCenterDemo/Site1/DataHall2/Section3/PDU/PDU4A/Outlet/Outlet6/RmsCurrent","random(10.0, 30.0, true)","Double"
"0","Exchange/DataCenterDemo/Site1/DataHall2/Section2/Breaker/Breaker2B/Metering/VoltageMeanLL","random(470.0, 490.0, true)","Double"
"0","Exchange/DataCenterDemo/Site1/DataHall1/Section1/PDU/PDU11B/Outlet/Outlet12/RmsCurrent","random(10.0, 30.0, true)","Double"
"0","Exchange/DataCenterDemo/Site1/DataHall2/Section3/AHU/AHU6/Temperature/SupplyAirTemperature","sine(21.0, 22.0, 92.947, true)","Double"
"0","Exchange/DataCenterDemo/Site1/DataHall1/Section2/Heatmap/Aisle7/Sensor1/Temperature","random(18.0, 23.9, true)","Double"
"0","Exchange/DataCenterDemo/Site1/DataHall2/Section2/PDU/PDU10A/Outlet/Outlet14/RmsCurrent","random(10.0, 30.0, true)","Double"
"0","Exchange/DataCenterDemo/Site1/DataHall1/Section1/Breaker/Breaker3B/Metering/VoltageMeanLL","random(470.0, 490.0, true)","Double"
"0","Exchange/DataCenterDemo/Site1/DataHall2/Section4/PDU/PDU8B/Outlet/Outlet16/RmsCurrent","random(10.0, 30.0, true)","Double"
"0","Exchange/DataCenterDemo/Architecture/EAM/Agents/Edge 2/Independent/Metrics/Logging/Errors Per Hour","random(0.0, 5.0, true)","Double"
"0","Exchange/DataCenterDemo/Site1/DataHall2/Section2/PDU/PDU10B/Outlet/Outlet3/RmsCurrent","random(10.0, 30.0, true)","Double"
"0","Exchange/DataCenterDemo/Site1/DataHall2/Section2/UPS/UPS2B/Input/SystemInputVoltageCA","random(470.0, 490.0, true)","Double"
"0","Exchange/DataCenterDemo/Site1/DataHall2/Section4/PDU/PDU1A/Outlet/Outlet3/RmsCurrent","random(10.0, 30.0, true)","Double"
"0","Exchange/DataCenterDemo/Site1/DataHall2/Section4/PDU/PDU4B/Outlet/Outlet1/RmsCurrent","random(10.0, 30.0, true)","Double"
"0","Exchange/DataCenterDemo/Site1/DataHall1/Section1/PDU/PDU11A/Outlet/Outlet16/RmsCurrent","random(10.0, 30.0, true)","Double"
"0","Exchange/DataCenterDemo/Site1/DataHall1/Section3/PDU/PDU3A/Outlet/Outlet1/RmsCurrent","random(10.0, 30.0, true)","Double"
"0","Exchange/DataCenterDemo/Site1/DataHall2/Section3/UPS/UPS1B/Input/SystemInputVoltageBC","random(470.0, 490.0, true)","Double"
"0","Exchange/DataCenterDemo/Site1/DataHall1/Section4/Heatmap/Aisle4/Sensor2/Humidity","cosine(42.0, 44.0, 102.665, true)","Double"
"0","Exchange/DataCenterDemo/Site1/DataHall2/Section4/PDU/PDU8A/Outlet/Outlet2/RmsCurrent","random(10.0, 30.0, true)","Double"
"0","Exchange/DataCenterDemo/Site1/DataHall1/Section1/PDU/PDU5A/Outlet/Outlet7/RmsCurrent","random(10.0, 30.0, true)","Double"
"0","Exchange/DataCenterDemo/Site1/DataHall1/Section1/Heatmap/Aisle6/Sensor2/Humidity","cosine(42.0, 44.0, 108.754, true)","Double"
"0","Exchange/DataCenterDemo/Site1/DataHall1/Section1/UPS/UPS1B/Battery/BatteryCapacityRemaining","ramp(95.0, 99.0, 90.374, true)","Double"
"0","Exchange/DataCenterDemo/Site1/DataHall1/Section2/PDU/PDU9B/Outlet/Outlet1/RmsCurrent","random(10.0, 30.0, true)","Double"
"0","Exchange/DataCenterDemo/Site1/DataHall2/Section4/Heatmap/Aisle7/Sensor3/Temperature","random(18.0, 23.9, true)","Double"
"0","Exchange/DataCenterDemo/Site1/DataHall1/Section4/PDU/PDU12A/Outlet/Outlet1/RmsCurrent","random(10.0, 30.0, true)","Double"
"0","Exchange/DataCenterDemo/Site1/DataHall1/Section3/Heatmap/Aisle4/Sensor3/Humidity","cosine(42.0, 44.0, 105.698, true)","Double"
"0","Exchange/DataCenterDemo/Site1/DataHall2/Section2/PDU/PDU5A/Outlet/Outlet1/RmsCurrent","random(10.0, 30.0, true)","Double"
"0","Exchange/DataCenterDemo/Site1/DataHall1/Section1/AHU/AHU3/Fan/FanSpeedCommand","square(70.0, 100.0, 101.717, true)","Double"
"0","Exchange/DataCenterDemo/Site1/DataHall1/Section3/PDU/PDU8A/Outlet/Outlet8/RmsCurrent","random(10.0, 30.0, true)","Double"
"0","Exchange/DataCenterDemo/Site1/DataHall2/Section1/Heatmap/Aisle3/Sensor1/Temperature","random(18.0, 23.9, true)","Double"
"0","Exchange/DataCenterDemo/Site1/DataHall2/Section3/PDU/PDU5A/Outlet/Outlet16/RmsCurrent","random(10.0, 30.0, true)","Double"
"0","Exchange/DataCenterDemo/Site1/DataHall1/Section2/PDU/PDU5B/Outlet/Outlet2/RmsCurrent","random(10.0, 30.0, true)","Double"
"0","Exchange/DataCenterDemo/Site1/DataHall2/Section2/PDU/PDU4A/Outlet/Outlet5/RmsCurrent","random(10.0, 30.0, true)","Double"
"0","Exchange/DataCenterDemo/Site1/DataHall1/Section2/PDU/PDU8B/Outlet/Outlet5/RmsCurrent","random(10.0, 30.0, true)","Double"
"0","Exchange/DataCenterDemo/Site1/DataHall2/Section4/PDU/PDU5A/Outlet/Outlet14/RmsCurrent","random(10.0, 30.0, true)","Double"
"0","Exchange/DataCenterDemo/Site1/DataHall1/Section3/PDU/PDU1A/Outlet/Outlet9/RmsCurrent","random(10.0, 30.0, true)","Double"
"0","Exchange/DataCenterDemo/Site1/DataHall2/Section4/PDU/PDU6B/Outlet/Outlet8/RmsCurrent","random(10.0, 30.0, true)","Double"
"0","Exchange/DataCenterDemo/Site1/DataHall2/Section3/Heatmap/Aisle13/Sensor3/Humidity","cosine(46.0, 48.0, 93.333, true)","Double"
"0","Exchange/DataCenterDemo/Site1/DataHall1/Section1/AHU/AHU6/Temperature/SupplyAirTemperature","sine(21.0, 22.0, 108.92, true)","Double"
"0","Exchange/DataCenterDemo/Site1/DataHall1/Section3/PDU/PDU9A/Outlet/Outlet4/RmsCurrent","random(10.0, 30.0, true)","Double"
"0","Exchange/DataCenterDemo/Site1/DataHall1/Section4/Breaker/Breaker2B/Metering/VoltageMeanLL","random(470.0, 490.0, true)","Double"
"0","Exchange/DataCenterDemo/Site1/DataHall2/Section4/PDU/PDU7A/Outlet/Outlet6/RmsCurrent","random(10.0, 30.0, true)","Double"
"0","Exchange/DataCenterDemo/Site1/DataHall1/Section1/PDU/PDU6A/Outlet/Outlet10/RmsCurrent","random(10.0, 30.0, true)","Double"
"0","Exchange/DataCenterDemo/Site1/DataHall2/Section1/PDU/PDU10B/Outlet/Outlet5/RmsCurrent","random(10.0, 30.0, true)","Double"
"0","Exchange/DataCenterDemo/Site1/DataHall1/Section4/AHU/AHU1/Fan/SupplyAirStaticPressure","cosine(210.0, 225.0, 108.244, true)","Double"
"0","Exchange/DataCenterDemo/Site1/DataHall2/Section2/PDU/PDU6A/Outlet/Outlet16/RmsCurrent","random(10.0, 30.0, true)","Double"
"0","Exchange/DataCenterDemo/Site1/DataHall2/Section2/Heatmap/Aisle13/Sensor1/Humidity","cosine(46.0, 48.0, 95.836, true)","Double"
"0","Exchange/DataCenterDemo/Site1/DataHall2/Section2/Heatmap/Aisle11/Sensor2/Humidity","cosine(46.0, 48.0, 98.548, true)","Double"
"0","Exchange/DataCenterDemo/Site1/DataHall1/Section1/PDU/PDU10B/Outlet/Outlet14/RmsCurrent","random(10.0, 30.0, true)","Double"
"0","Exchange/DataCenterDemo/Site1/DataHall1/Section2/UPS/UPS1A/Input/SystemInputVoltageCA","random(470.0, 490.0, true)","Double"
"0","Exchange/DataCenterDemo/Architecture/EAM/Agents/Frontend 2/Independent/Metrics/Sessions/Perspective Sessions","random(10.0, 20.0, true)","Double"
"0","Exchange/DataCenterDemo/Site1/DataHall2/Section3/PDU/PDU5B/Outlet/Outlet12/RmsCurrent","random(10.0, 30.0, true)","Double"
"0","Exchange/DataCenterDemo/Site1/DataHall1/Section2/PDU/PDU2B/Outlet/Outlet2/RmsCurrent","random(10.0, 30.0, true)","Double"
"0","Exchange/DataCenterDemo/Site1/DataHall2/Section1/PDU/PDU12B/Outlet/Outlet14/RmsCurrent","random(10.0, 30.0, true)","Double"
"0","Exchange/DataCenterDemo/Site1/DataHall2/Section4/PQM/PQM2A/Voltage/VoltageBC","cosine(478.0, 481.0, 93.527, true)","Double"
"0","Exchange/DataCenterDemo/Site1/DataHall2/Section2/PDU/PDU8A/Outlet/Outlet2/RmsCurrent","random(10.0, 30.0, true)","Double"
"0","Exchange/DataCenterDemo/Site1/DataHall1/Section3/PDU/PDU11B/Outlet/Outlet2/RmsCurrent","random(10.0, 30.0, true)","Double"
"0","Exchange/DataCenterDemo/Site1/DataHall1/Section3/AHU/AHU2/Fan/SupplyAirStaticPressure","cosine(210.0, 225.0, 94.671, true)","Double"
"0","Exchange/DataCenterDemo/Site1/DataHall1/Section4/PDU/PDU8B/Outlet/Outlet5/RmsCurrent","random(10.0, 30.0, true)","Double"
"0","Exchange/DataCenterDemo/Site1/DataHall1/Section1/PDU/PDU3B/Outlet/Outlet13/RmsCurrent","random(10.0, 30.0, true)","Double"
"0","Exchange/DataCenterDemo/Site1/DataHall2/Section4/PDU/PDU6A/Outlet/Outlet12/RmsCurrent","random(10.0, 30.0, true)","Double"
"0","Exchange/DataCenterDemo/Site1/DataHall2/Section1/PDU/PDU7A/Outlet/Outlet16/RmsCurrent","random(10.0, 30.0, true)","Double"
"0","Exchange/DataCenterDemo/Site1/DataHall1/Section1/PDU/PDU4A/Outlet/Outlet15/RmsCurrent","random(10.0, 30.0, true)","Double"
"0","Exchange/DataCenterDemo/Site1/DataHall1/Section2/PDU/PDU2A/Outlet/Outlet4/RmsCurrent","random(10.0, 30.0, true)","Double"
"0","Exchange/DataCenterDemo/Site1/DataHall1/Section4/PDU/PDU3A/Outlet/Outlet11/RmsCurrent","random(10.0, 30.0, true)","Double"
"0","Exchange/DataCenterDemo/Site1/DataHall2/Section1/PDU/PDU10A/Outlet/Outlet9/RmsCurrent","random(10.0, 30.0, true)","Double"
"0","Exchange/DataCenterDemo/Site1/DataHall2/Section1/PDU/PDU3B/Outlet/Outlet5/RmsCurrent","random(10.0, 30.0, true)","Double"
"0","Exchange/DataCenterDemo/Site1/DataHall2/Section4/PDU/PDU5B/Outlet/Outlet10/RmsCurrent","random(10.0, 30.0, true)","Double"
"0","Exchange/DataCenterDemo/Site1/DataHall2/Section4/PQM/PQM2A/Voltage/VoltageAN","cosine(276.0, 278.0, 102.917, true)","Double"
"0","Exchange/DataCenterDemo/Site1/DataHall1/Section1/UPS/UPS2A/Input/SystemInputVoltageCA","random(470.0, 490.0, true)","Double"
"0","Exchange/DataCenterDemo/Site1/DataHall1/Section2/UPS/UPS1A/Input/SystemInputVoltageBC","random(470.0, 490.0, true)","Double"
"0","Exchange/DataCenterDemo/Site1/DataHall2/Section1/PQM/PQM1A/Voltage/VoltageCN","cosine(276.0, 278.0, 96.823, true)","Double"
"0","Exchange/DataCenterDemo/Site1/DataHall2/Section4/PDU/PDU4B/Outlet/Outlet12/RmsCurrent","random(10.0, 30.0, true)","Double"
"0","Exchange/DataCenterDemo/Site1/DataHall2/Section4/PDU/PDU10A/Outlet/Outlet13/RmsCurrent","random(10.0, 30.0, true)","Double"
"0","Exchange/DataCenterDemo/Site1/DataHall2/Section3/PDU/PDU8A/Outlet/Outlet2/RmsCurrent","random(10.0, 30.0, true)","Double"
"0","Exchange/DataCenterDemo/Site1/DataHall2/Section2/PDU/PDU9B/Outlet/Outlet8/RmsCurrent","random(10.0, 30.0, true)","Double"
"0","Exchange/DataCenterDemo/Site1/DataHall2/Section2/Breaker/Breaker4B/Metering/CurrentA","random(4300.0, 5800.0, true)","Double"
"0","Exchange/DataCenterDemo/Site1/DataHall2/Section4/PQM/PQM2A/Voltage/VoltageAB","cosine(478.0, 481.0, 109.625, true)","Double"
"0","Exchange/DataCenterDemo/Site1/DataHall2/Section2/Breaker/Breaker4B/Metering/CurrentB","random(4300.0, 5800.0, true)","Double"
"0","Exchange/DataCenterDemo/Site1/DataHall1/Section3/PDU/PDU2B/Outlet/Outlet2/RmsCurrent","random(10.0, 30.0, true)","Double"
"0","Exchange/DataCenterDemo/Site1/DataHall2/Section3/Breaker/Breaker3A/Metering/VoltageMeanLL","random(470.0, 490.0, true)","Double"
"0","Exchange/DataCenterDemo/Site1/DataHall1/Section2/PDU/PDU4B/Outlet/Outlet6/RmsCurrent","random(10.0, 30.0, true)","Double"
"0","Exchange/DataCenterDemo/Site1/DataHall2/Section2/Breaker/Breaker4B/Metering/CurrentC","random(4300.0, 5800.0, true)","Double"
"0","Exchange/DataCenterDemo/Site1/DataHall1/Section2/AHU/AHU3/Fan/SupplyAirStaticPressure","cosine(210.0, 225.0, 101.543, true)","Double"
"0","Exchange/DataCenterDemo/Site1/DataHall1/Section3/PDU/PDU4A/Outlet/Outlet11/RmsCurrent","random(10.0, 30.0, true)","Double"
"0","Exchange/DataCenterDemo/Site1/DataHall2/Section3/PDU/PDU10A/Outlet/Outlet5/RmsCurrent","random(10.0, 30.0, true)","Double"
"0","Exchange/DataCenterDemo/Site1/DataHall2/Section1/AHU/AHU5/Fan/FanSpeedFeedback","cosine(70.0, 100.0, 93.734, true)","Double"
"0","Exchange/DataCenterDemo/Site1/DataHall1/Section1/Breaker/Breaker5A/Metering/VoltageMeanLL","random(470.0, 490.0, true)","Double"
"0","Exchange/DataCenterDemo/Site1/DataHall2/Section4/Heatmap/Aisle9/Sensor2/Humidity","cosine(46.0, 48.0, 104.556, true)","Double"
"0","Exchange/DataCenterDemo/Site1/DataHall1/Section1/UPS/UPS1B/Output/SystemOutputVoltageAB","random(480.0, 480.5, true)","Double"
"0","Exchange/DataCenterDemo/Site1/DataHall1/Section1/UPS/UPS2A/Input/SystemInputVoltageBC","random(470.0, 490.0, true)","Double"
"0","Exchange/DataCenterDemo/Site1/DataHall1/Section2/PDU/PDU3A/Outlet/Outlet15/RmsCurrent","random(10.0, 30.0, true)","Double"
"0","Exchange/DataCenterDemo/Site1/DataHall2/Section3/PDU/PDU6B/Outlet/Outlet10/RmsCurrent","random(10.0, 30.0, true)","Double"
"0","Exchange/DataCenterDemo/Site1/DataHall1/Section3/PDU/PDU2A/Outlet/Outlet4/RmsCurrent","random(10.0, 30.0, true)","Double"
"0","Exchange/DataCenterDemo/Site1/DataHall1/Section2/UPS/UPS1A/Input/SystemInputVoltageAB","random(470.0, 490.0, true)","Double"
"0","Exchange/DataCenterDemo/Site1/DataHall1/Section4/PDU/PDU8A/Outlet/Outlet7/RmsCurrent","random(10.0, 30.0, true)","Double"
"0","Exchange/DataCenterDemo/Site1/DataHall2/Section2/PQM/PQM2B/Freq/Frequency","ramp(59.7, 60.3, 1.074, true)","Double"
"0","Exchange/DataCenterDemo/Site1/DataHall1/Section3/PQM/PQM2A/Freq/Frequency","ramp(59.7, 60.3, 1.061, true)","Double"
"0","Exchange/DataCenterDemo/Site1/DataHall2/Section1/PQM/PQM1A/Voltage/VoltageBN","cosine(276.0, 278.0, 109.944, true)","Double"
"0","Exchange/DataCenterDemo/Site1/DataHall2/Section1/Heatmap/Aisle11/Sensor2/Temperature","random(18.0, 23.9, true)","Double"
"0","Exchange/DataCenterDemo/Site1/DataHall2/Section4/PDU/PDU4A/Outlet/Outlet6/RmsCurrent","random(10.0, 30.0, true)","Double"
"0","Exchange/DataCenterDemo/Site1/DataHall2/Section3/PDU/PDU5A/Outlet/Outlet2/RmsCurrent","random(10.0, 30.0, true)","Double"
"0","Exchange/DataCenterDemo/Site1/DataHall1/Section2/PQM/PQM1A/Voltage/VoltageCN","cosine(276.0, 278.0, 102.325, true)","Double"
"0","Exchange/DataCenterDemo/Site1/DataHall2/Section2/Heatmap/Aisle11/Sensor3/Humidity","cosine(46.0, 48.0, 109.601, true)","Double"
"0","Exchange/DataCenterDemo/Site1/DataHall1/Section1/PDU/PDU9A/Outlet/Outlet3/RmsCurrent","random(10.0, 30.0, true)","Double"
"0","Exchange/DataCenterDemo/Site1/DataHall2/Section2/PDU/PDU4B/Outlet/Outlet16/RmsCurrent","random(10.0, 30.0, true)","Double"
"0","Exchange/DataCenterDemo/Site1/DataHall1/Section1/AHU/AHU4/Fan/SupplyAirStaticPressure","cosine(210.0, 225.0, 102.495, true)","Double"
"0","Exchange/DataCenterDemo/Site1/DataHall1/Section1/Breaker/Breaker1B/Metering/CurrentA","random(4300.0, 5800.0, true)","Double"
"0","Exchange/DataCenterDemo/Site1/DataHall1/Section4/PDU/PDU5A/Outlet/Outlet7/RmsCurrent","random(10.0, 30.0, true)","Double"
"0","Exchange/DataCenterDemo/Site1/DataHall1/Section3/Heatmap/Aisle7/Sensor2/Temperature","random(18.0, 23.9, true)","Double"
"0","Exchange/DataCenterDemo/Site1/DataHall1/Section1/Breaker/Breaker1B/Metering/CurrentC","random(4300.0, 5800.0, true)","Double"
"0","Exchange/DataCenterDemo/Site1/DataHall1/Section2/PDU/PDU10B/Outlet/Outlet8/RmsCurrent","random(10.0, 30.0, true)","Double"
"0","Exchange/DataCenterDemo/Site1/DataHall1/Section1/Breaker/Breaker1B/Metering/CurrentB","random(4300.0, 5800.0, true)","Double"
"0","Exchange/DataCenterDemo/Site1/DataHall1/Section1/PDU/PDU11B/Outlet/Outlet11/RmsCurrent","random(10.0, 30.0, true)","Double"
"0","Exchange/DataCenterDemo/Site1/DataHall2/Section3/Heatmap/Aisle7/Sensor3/Temperature","random(18.0, 23.9, true)","Double"
"0","Exchange/DataCenterDemo/Site1/DataHall2/Section4/PDU/PDU9B/Outlet/Outlet8/RmsCurrent","random(10.0, 30.0, true)","Double"
"0","Exchange/DataCenterDemo/Site1/DataHall2/Section3/Heatmap/Aisle12/Sensor3/Humidity","cosine(42.0, 44.0, 95.681, true)","Double"
"0","Exchange/DataCenterDemo/Site1/DataHall1/Section1/UPS/UPS1B/Output/SystemOutputVoltageBC","random(480.0, 480.5, true)","Double"
"0","Exchange/DataCenterDemo/Site1/DataHall1/Section1/UPS/UPS2A/Input/SystemInputVoltageAB","random(470.0, 490.0, true)","Double"
"0","Exchange/DataCenterDemo/Site1/DataHall2/Section2/PDU/PDU8A/Outlet/Outlet12/RmsCurrent","random(10.0, 30.0, true)","Double"
"0","Exchange/DataCenterDemo/Site1/DataHall1/Section1/PDU/PDU9B/Outlet/Outlet1/RmsCurrent","random(10.0, 30.0, true)","Double"
"0","Exchange/DataCenterDemo/Site1/DataHall2/Section1/PQM/PQM1A/Voltage/VoltageCA","cosine(478.0, 481.0, 106.262, true)","Double"
"0","Exchange/DataCenterDemo/Site1/DataHall1/Section1/PDU/PDU12A/Outlet/Outlet13/RmsCurrent","random(10.0, 30.0, true)","Double"
"0","Exchange/DataCenterDemo/Site1/DataHall2/Section2/PDU/PDU7B/Outlet/Outlet10/RmsCurrent","random(10.0, 30.0, true)","Double"
"0","Exchange/DataCenterDemo/Site1/DataHall2/Section1/PDU/PDU5B/Outlet/Outlet16/RmsCurrent","random(10.0, 30.0, true)","Double"
"0","Exchange/DataCenterDemo/Site1/DataHall1/Section2/Heatmap/Aisle12/Sensor1/Temperature","random(38.0, 43.9, true)","Double"
"0","Exchange/DataCenterDemo/Site1/DataHall2/Section1/PQM/PQM1A/Voltage/VoltageAN","cosine(276.0, 278.0, 94.901, true)","Double"
"0","Exchange/DataCenterDemo/Site1/DataHall1/Section1/PDU/PDU11B/Outlet/Outlet6/RmsCurrent","random(10.0, 30.0, true)","Double"
"0","Exchange/DataCenterDemo/Site1/DataHall1/Section2/PQM/PQM1A/Voltage/VoltageBN","cosine(276.0, 278.0, 90.189, true)","Double"
"0","Exchange/DataCenterDemo/Site1/DataHall2/Section3/AHU/AHU5/Temperature/MixedAirTemperature","cosine(14.0, 16.0, 103.505, true)","Double"
"0","Exchange/DataCenterDemo/Site1/DataHall2/Section2/Heatmap/Aisle11/Sensor2/Temperature","random(18.0, 23.9, true)","Double"
"0","Exchange/DataCenterDemo/Site1/DataHall1/Section4/AHU/AHU2/Status/IsAhuRunning","1.0","Double"
"0","Exchange/DataCenterDemo/Site1/DataHall2/Section4/PDU/PDU10A/Outlet/Outlet1/RmsCurrent","random(10.0, 30.0, true)","Double"
"0","Exchange/DataCenterDemo/Site1/DataHall1/Section4/PDU/PDU5B/Outlet/Outlet15/RmsCurrent","random(10.0, 30.0, true)","Double"
"0","Exchange/DataCenterDemo/Site1/DataHall1/Section1/PDU/PDU1B/Outlet/Outlet6/RmsCurrent","random(10.0, 30.0, true)","Double"
"0","Exchange/DataCenterDemo/Site1/DataHall2/Section2/Heatmap/Aisle3/Sensor2/Temperature","random(18.0, 23.9, true)","Double"
"0","Exchange/DataCenterDemo/Architecture/EAM/Agents/Backend - Backup/Backup/Metrics/Logging/Errors Per Minute","random(0.0, 1.5, true)","Double"
"0","Exchange/DataCenterDemo/Site1/DataHall2/Section2/AHU/AHU6/Status/IsAhuRunning","1.0","Double"
"0","Exchange/DataCenterDemo/Site1/DataHall2/Section1/PDU/PDU8A/Outlet/Outlet2/RmsCurrent","random(10.0, 30.0, true)","Double"
"0","Exchange/DataCenterDemo/Site1/DataHall1/Section3/PDU/PDU5A/Outlet/Outlet7/RmsCurrent","random(10.0, 30.0, true)","Double"
"0","Exchange/DataCenterDemo/Site1/DataHall1/Section1/PDU/PDU1A/Outlet/Outlet8/RmsCurrent","random(10.0, 30.0, true)","Double"
"0","Exchange/DataCenterDemo/Site1/DataHall1/Section1/UPS/UPS1B/Output/SystemOutputVoltageCA","random(480.0, 480.5, true)","Double"
"0","Exchange/DataCenterDemo/Site1/DataHall1/Section2/PQM/PQM1A/Voltage/VoltageCA","cosine(478.0, 481.0, 93.072, true)","Double"
"0","Exchange/DataCenterDemo/Site1/DataHall2/Section3/PDU/PDU7A/Outlet/Outlet12/RmsCurrent","random(10.0, 30.0, true)","Double"
"0","Exchange/DataCenterDemo/Site1/DataHall1/Section1/Heatmap/Aisle6/Sensor3/Humidity","cosine(42.0, 44.0, 91.962, true)","Double"
"0","Exchange/DataCenterDemo/Site1/DataHall2/Section1/PDU/PDU8B/Outlet/Outlet10/RmsCurrent","random(10.0, 30.0, true)","Double"
"0","Exchange/DataCenterDemo/Site1/DataHall2/Section1/PQM/PQM1A/Voltage/VoltageBC","cosine(478.0, 481.0, 104.483, true)","Double"
"0","Exchange/DataCenterDemo/Site1/DataHall2/Section2/PDU/PDU12B/Outlet/Outlet9/RmsCurrent","random(10.0, 30.0, true)","Double"
"0","Exchange/DataCenterDemo/Site1/DataHall2/Section3/PDU/PDU9B/Outlet/Outlet8/RmsCurrent","random(10.0, 30.0, true)","Double"
"0","Exchange/DataCenterDemo/Site1/DataHall1/Section2/PDU/PDU4A/Outlet/Outlet11/RmsCurrent","random(10.0, 30.0, true)","Double"
"0","Exchange/DataCenterDemo/Site1/DataHall1/Section3/PDU/PDU5B/Outlet/Outlet2/RmsCurrent","random(10.0, 30.0, true)","Double"
"0","Exchange/DataCenterDemo/Site1/DataHall1/Section2/Breaker/Breaker1B/Metering/CurrentB","random(4300.0, 5800.0, true)","Double"
"0","Exchange/DataCenterDemo/Site1/DataHall1/Section2/Breaker/Breaker1B/Metering/CurrentA","random(4300.0, 5800.0, true)","Double"
"0","Exchange/DataCenterDemo/Site1/DataHall1/Section4/AHU/AHU5/Fan/FanSpeedFeedback","cosine(70.0, 100.0, 103.004, true)","Double"
"0","Exchange/DataCenterDemo/Site1/DataHall2/Section2/Heatmap/Aisle12/Sensor2/Humidity","cosine(42.0, 44.0, 95.841, true)","Double"
"0","Exchange/DataCenterDemo/Site1/DataHall2/Section2/Heatmap/Aisle8/Sensor3/Temperature","random(38.0, 43.9, true)","Double"
"0","Exchange/DataCenterDemo/Site1/DataHall1/Section4/PDU/PDU10B/Outlet/Outlet6/RmsCurrent","random(10.0, 30.0, true)","Double"
"0","Exchange/DataCenterDemo/Site1/DataHall2/Section1/UPS/UPS1A/Output/SystemOutputCurrentB","random(1500.0, 1800.0, true)","Double"
"0","Exchange/DataCenterDemo/Site1/DataHall2/Section1/UPS/UPS1A/Output/SystemOutputCurrentC","random(1500.0, 1800.0, true)","Double"
"0","Exchange/DataCenterDemo/Site1/DataHall1/Section1/Heatmap/Aisle7/Sensor1/Temperature","random(18.0, 23.9, true)","Double"
"0","Exchange/DataCenterDemo/Site1/DataHall2/Section3/AHU/AHU6/Fan/FanSpeedCommand","square(70.0, 100.0, 95.209, true)","Double"
"0","Exchange/DataCenterDemo/Site1/DataHall2/Section4/PDU/PDU2B/Outlet/Outlet16/RmsCurrent","random(10.0, 30.0, true)","Double"
"0","Exchange/DataCenterDemo/Site1/DataHall2/Section3/Breaker/Breaker1A/Metering/CurrentB","random(4300.0, 5800.0, true)","Double"
"0","Exchange/DataCenterDemo/Site1/DataHall1/Section2/Breaker/Breaker1B/Metering/CurrentC","random(4300.0, 5800.0, true)","Double"
"0","Exchange/DataCenterDemo/Site1/DataHall1/Section3/PDU/PDU6B/Outlet/Outlet15/RmsCurrent","random(10.0, 30.0, true)","Double"
"0","Exchange/DataCenterDemo/Site1/DataHall2/Section3/Breaker/Breaker1A/Metering/CurrentC","random(4300.0, 5800.0, true)","Double"
"0","Exchange/DataCenterDemo/Site1/DataHall2/Section4/Section/EnergyEfficiencyRatio","cosine(7.7, 8.2, 108.393, true)","Double"
"0","Exchange/DataCenterDemo/Site1/DataHall2/Section1/UPS/UPS1A/Output/SystemOutputCurrentA","random(1500.0, 1800.0, true)","Double"
"0","Exchange/DataCenterDemo/Site1/DataHall2/Section3/Breaker/Breaker1A/Metering/CurrentA","random(4300.0, 5800.0, true)","Double"
"0","Exchange/DataCenterDemo/Site1/DataHall2/Section1/PDU/PDU6B/Outlet/Outlet8/RmsCurrent","random(10.0, 30.0, true)","Double"
"0","Exchange/DataCenterDemo/Site1/DataHall1/Section1/Heatmap/Aisle12/Sensor1/Temperature","random(38.0, 43.9, true)","Double"
"0","Exchange/DataCenterDemo/Site1/DataHall1/Section4/AHU/AHU2/Temperature/SupplyAirTemperature","sine(21.0, 22.0, 94.377, true)","Double"
"0","Exchange/DataCenterDemo/Site1/DataHall2/Section3/PDU/PDU7A/Outlet/Outlet10/RmsCurrent","random(10.0, 30.0, true)","Double"
"0","Exchange/DataCenterDemo/Site1/DataHall1/Section2/PDU/PDU5A/Outlet/Outlet7/RmsCurrent","random(10.0, 30.0, true)","Double"
"0","Exchange/DataCenterDemo/Site1/DataHall2/Section2/PDU/PDU5A/Outlet/Outlet2/RmsCurrent","random(10.0, 30.0, true)","Double"
"0","Exchange/DataCenterDemo/Site1/DataHall2/Section1/PDU/PDU9A/Outlet/Outlet12/RmsCurrent","random(10.0, 30.0, true)","Double"
"0","Exchange/DataCenterDemo/Site1/DataHall2/Section2/PDU/PDU8A/Outlet/Outlet10/RmsCurrent","random(10.0, 30.0, true)","Double"
"0","Exchange/DataCenterDemo/Site1/DataHall1/Section1/PDU/PDU9A/Outlet/Outlet5/RmsCurrent","random(10.0, 30.0, true)","Double"
"0","Exchange/DataCenterDemo/Site1/DataHall1/Section4/PDU/PDU10A/Outlet/Outlet8/RmsCurrent","random(10.0, 30.0, true)","Double"
"0","Exchange/DataCenterDemo/Site1/DataHall1/Section2/PDU/PDU7B/Outlet/Outlet15/RmsCurrent","random(10.0, 30.0, true)","Double"
"0","Exchange/DataCenterDemo/Site1/DataHall2/Section1/PDU/PDU12B/Outlet/Outlet12/RmsCurrent","random(10.0, 30.0, true)","Double"
"0","Exchange/DataCenterDemo/Site1/DataHall2/Section2/PDU/PDU10A/Outlet/Outlet13/RmsCurrent","random(10.0, 30.0, true)","Double"
"0","Exchange/DataCenterDemo/Site1/DataHall1/Section1/PDU/PDU5A/Outlet/Outlet11/RmsCurrent","random(10.0, 30.0, true)","Double"
"0","Exchange/DataCenterDemo/Site1/DataHall2/Section3/PDU/PDU3B/Outlet/Outlet5/RmsCurrent","random(10.0, 30.0, true)","Double"
"0","Exchange/DataCenterDemo/Site1/DataHall2/Section3/PDU/PDU3B/Outlet/Outlet16/RmsCurrent","random(10.0, 30.0, true)","Double"
"0","Exchange/DataCenterDemo/Site1/DataHall1/Section3/PDU/PDU11B/Outlet/Outlet4/RmsCurrent","random(10.0, 30.0, true)","Double"
"0","Exchange/DataCenterDemo/Site1/DataHall2/Section3/Heatmap/Aisle12/Sensor3/Temperature","random(38.0, 43.9, true)","Double"
"0","Exchange/DataCenterDemo/Site1/DataHall2/Section3/PDU/PDU12A/Outlet/Outlet15/RmsCurrent","random(10.0, 30.0, true)","Double"
"0","Exchange/DataCenterDemo/Site1/DataHall1/Section1/PDU/PDU7B/Outlet/Outlet9/RmsCurrent","random(10.0, 30.0, true)","Double"
"0","Exchange/DataCenterDemo/Site1/DataHall1/Section3/Heatmap/Aisle11/Sensor2/Humidity","cosine(46.0, 48.0, 102.322, true)","Double"
"0","Exchange/DataCenterDemo/Site1/DataHall2/Section1/PDU/PDU7A/Outlet/Outlet8/RmsCurrent","random(10.0, 30.0, true)","Double"
"0","Exchange/DataCenterDemo/Site1/DataHall2/Section2/AHU/AHU7/Fan/FanSpeedFeedback","cosine(70.0, 100.0, 99.069, true)","Double"
"0","Exchange/DataCenterDemo/Site1/DataHall2/Section2/PQM/PQM2A/Current/CurrentB","random(3750.0, 4100.0, true)","Double"
"0","Exchange/DataCenterDemo/Site1/DataHall2/Section3/PDU/PDU8A/Outlet/Outlet4/RmsCurrent","random(10.0, 30.0, true)","Double"
"0","Exchange/DataCenterDemo/Site1/DataHall2/Section1/Breaker/Breaker1A/Metering/CurrentA","random(4300.0, 5800.0, true)","Double"
"0","Exchange/DataCenterDemo/Site1/DataHall2/Section1/PDU/PDU9B/Outlet/Outlet8/RmsCurrent","random(10.0, 30.0, true)","Double"
"0","Exchange/DataCenterDemo/Site1/DataHall2/Section2/PQM/PQM2A/Current/CurrentC","random(3750.0, 4100.0, true)","Double"
"0","Exchange/DataCenterDemo/Site1/DataHall2/Section3/Breaker/Breaker4B/Metering/CurrentA","random(4300.0, 5800.0, true)","Double"
"0","Exchange/DataCenterDemo/Site1/DataHall2/Section2/PQM/PQM2A/Current/CurrentA","random(3750.0, 4100.0, true)","Double"
"0","Exchange/DataCenterDemo/Site1/DataHall1/Section4/Breaker/Breaker1B/Metering/CurrentA","random(4300.0, 5800.0, true)","Double"
"0","Exchange/DataCenterDemo/Site1/DataHall2/Section4/PDU/PDU10A/Outlet/Outlet11/RmsCurrent","random(10.0, 30.0, true)","Double"
"0","Exchange/DataCenterDemo/Site1/DataHall1/Section4/Breaker/Breaker1B/Metering/CurrentB","random(4300.0, 5800.0, true)","Double"
"0","Exchange/DataCenterDemo/Site1/DataHall1/Section4/PDU/PDU7B/Outlet/Outlet11/RmsCurrent","random(10.0, 30.0, true)","Double"
"0","Exchange/DataCenterDemo/Site1/DataHall1/Section1/Heatmap/Aisle7/Sensor2/Humidity","cosine(46.0, 48.0, 109.756, true)","Double"
"0","Exchange/DataCenterDemo/Site1/DataHall1/Section1/PDU/PDU8B/Outlet/Outlet15/RmsCurrent","random(10.0, 30.0, true)","Double"
"0","Exchange/DataCenterDemo/Site1/DataHall1/Section4/Breaker/Breaker1B/Metering/CurrentC","random(4300.0, 5800.0, true)","Double"
"0","Exchange/DataCenterDemo/Site1/DataHall2/Section1/Breaker/Breaker1A/Metering/CurrentB","random(4300.0, 5800.0, true)","Double"
"0","Exchange/DataCenterDemo/Site1/DataHall2/Section3/Breaker/Breaker4B/Metering/CurrentB","random(4300.0, 5800.0, true)","Double"
"0","Exchange/DataCenterDemo/Site1/DataHall2/Section1/Breaker/Breaker1A/Metering/CurrentC","random(4300.0, 5800.0, true)","Double"
"0","Exchange/DataCenterDemo/Site1/DataHall2/Section3/Breaker/Breaker4B/Metering/CurrentC","random(4300.0, 5800.0, true)","Double"
"0","Exchange/DataCenterDemo/Site1/DataHall1/Section1/PDU/PDU10B/Outlet/Outlet15/RmsCurrent","random(10.0, 30.0, true)","Double"
"0","Exchange/DataCenterDemo/Site1/DataHall1/Section3/Heatmap/Aisle7/Sensor1/Humidity","cosine(46.0, 48.0, 108.92, true)","Double"
"0","Exchange/DataCenterDemo/Site1/DataHall2/Section3/PDU/PDU6B/Outlet/Outlet8/RmsCurrent","random(10.0, 30.0, true)","Double"
"0","Exchange/DataCenterDemo/Architecture/EAM/Agents/Frontend 1/Independent/Metrics/Logging/Errors Per Hour","random(0.0, 5.0, true)","Double"
"0","Exchange/DataCenterDemo/Site1/DataHall1/DataHall/UpsCapacity","cosine(0.9, 0.98, 92.289, true)","Double"
"0","Exchange/DataCenterDemo/Site1/DataHall1/Section2/UPS/UPS1A/Battery/BatteryCapacityRemaining","sine(20.0, 90.0, 100.0, true)","Double"
"0","Exchange/DataCenterDemo/Site1/DataHall1/Section1/PDU/PDU4B/Outlet/Outlet8/RmsCurrent","random(10.0, 30.0, true)","Double"
"0","Exchange/DataCenterDemo/Site1/DataHall1/Section2/PDU/PDU5A/Outlet/Outlet11/RmsCurrent","random(10.0, 30.0, true)","Double"
"0","Exchange/DataCenterDemo/Site1/DataHall1/Section3/PDU/PDU9A/Outlet/Outlet5/RmsCurrent","random(10.0, 30.0, true)","Double"
"0","Exchange/DataCenterDemo/Site1/DataHall2/Section4/Heatmap/Aisle11/Sensor2/Temperature","random(18.0, 23.9, true)","Double"
"0","Exchange/DataCenterDemo/Site1/DataHall1/Section3/PDU/PDU12A/Outlet/Outlet13/RmsCurrent","random(10.0, 30.0, true)","Double"
"0","Exchange/DataCenterDemo/Site1/DataHall2/Section1/PDU/PDU9A/Outlet/Outlet10/RmsCurrent","random(10.0, 30.0, true)","Double"
"0","Exchange/DataCenterDemo/Site1/DataHall1/Section3/Heatmap/Aisle3/Sensor3/Humidity","cosine(46.0, 48.0, 107.768, true)","Double"
"0","Exchange/DataCenterDemo/Site1/DataHall2/Section1/Section/UpsCapacity","cosine(0.9, 0.98, 94.156, true)","Double"
"0","Exchange/DataCenterDemo/Site1/DataHall1/Section3/PDU/PDU11B/Outlet/Outlet11/RmsCurrent","random(10.0, 30.0, true)","Double"
"0","Exchange/DataCenterDemo/Site1/DataHall1/Section3/PDU/PDU8A/Outlet/Outlet7/RmsCurrent","random(10.0, 30.0, true)","Double"
"0","Exchange/DataCenterDemo/Site1/DataHall2/Section3/PDU/PDU11B/Outlet/Outlet13/RmsCurrent","random(10.0, 30.0, true)","Double"
"0","Exchange/DataCenterDemo/Site1/DataHall1/Section3/PDU/PDU8B/Outlet/Outlet3/RmsCurrent","random(10.0, 30.0, true)","Double"
"0","Exchange/DataCenterDemo/Site1/DataHall1/Section4/Heatmap/Aisle5/Sensor2/Humidity","cosine(46.0, 48.0, 105.252, true)","Double"
"0","Exchange/DataCenterDemo/Site1/DataHall2/Section1/PDU/PDU4B/Outlet/Outlet3/RmsCurrent","random(10.0, 30.0, true)","Double"
"0","Exchange/DataCenterDemo/Site1/DataHall1/Section1/PDU/PDU10A/Outlet/Outlet2/RmsCurrent","random(10.0, 30.0, true)","Double"
"0","Exchange/DataCenterDemo/Site1/DataHall1/Section4/PDU/PDU10B/Outlet/Outlet4/RmsCurrent","random(10.0, 30.0, true)","Double"
"0","Exchange/DataCenterDemo/Site1/DataHall2/Section1/Breaker/Breaker2A/Metering/VoltageMeanLL","random(470.0, 490.0, true)","Double"
"0","Exchange/DataCenterDemo/Site1/DataHall2/Section4/Heatmap/Aisle8/Sensor3/Humidity","cosine(42.0, 44.0, 90.285, true)","Double"
"0","Exchange/DataCenterDemo/Site1/DataHall1/Section4/PQM/PQM1A/Freq/Frequency","ramp(59.7, 60.3, 1.098, true)","Double"
"0","Exchange/DataCenterDemo/Site1/DataHall2/Section1/AHU/AHU4/Status/IsAhuRunning","1.0","Double"
"0","Exchange/DataCenterDemo/Site1/DataHall1/Section3/PDU/PDU8B/Outlet/Outlet5/RmsCurrent","random(10.0, 30.0, true)","Double"
"0","Exchange/DataCenterDemo/Site1/DataHall1/Section1/PDU/PDU4B/Outlet/Outlet6/RmsCurrent","random(10.0, 30.0, true)","Double"
"0","Exchange/DataCenterDemo/Site1/DataHall1/Section1/PDU/PDU6A/Outlet/Outlet11/RmsCurrent","random(10.0, 30.0, true)","Double"
"0","Exchange/DataCenterDemo/Site1/DataHall1/Section2/PQM/PQM2B/PQ/ThdVoltageAN","3.3","Double"
"0","Exchange/DataCenterDemo/Site1/DataHall1/Section2/PDU/PDU8B/Outlet/Outlet3/RmsCurrent","random(10.0, 30.0, true)","Double"
"0","Exchange/DataCenterDemo/Site1/DataHall1/Section3/PDU/PDU4B/Outlet/Outlet8/RmsCurrent","random(10.0, 30.0, true)","Double"
"0","Exchange/DataCenterDemo/Site1/DataHall2/Section4/PDU/PDU4B/Outlet/Outlet2/RmsCurrent","random(10.0, 30.0, true)","Double"
"0","Exchange/DataCenterDemo/Site1/DataHall1/Section1/Heatmap/Aisle2/Sensor3/Temperature","random(38.0, 43.9, true)","Double"
"0","Exchange/DataCenterDemo/Site1/DataHall2/Section2/Heatmap/Aisle2/Sensor1/Temperature","random(38.0, 43.9, true)","Double"
"0","Exchange/DataCenterDemo/Site1/DataHall1/Section4/Heatmap/Aisle12/Sensor2/Humidity","cosine(42.0, 44.0, 105.699, true)","Double"
"0","Exchange/DataCenterDemo/Site1/DataHall1/Section3/PDU/PDU7B/Outlet/Outlet14/RmsCurrent","random(10.0, 30.0, true)","Double"
"0","Exchange/DataCenterDemo/Site1/DataHall1/Section3/PDU/PDU8A/Outlet/Outlet16/RmsCurrent","random(10.0, 30.0, true)","Double"
"0","Exchange/DataCenterDemo/Site1/DataHall2/Section1/PDU/PDU10B/Outlet/Outlet4/RmsCurrent","random(10.0, 30.0, true)","Double"
"0","Exchange/DataCenterDemo/Site1/DataHall2/Section4/PDU/PDU4A/Outlet/Outlet14/RmsCurrent","random(10.0, 30.0, true)","Double"
"0","Exchange/DataCenterDemo/Site1/DataHall2/Section4/PDU/PDU8A/Outlet/Outlet4/RmsCurrent","random(10.0, 30.0, true)","Double"
"0","Exchange/DataCenterDemo/Site1/DataHall2/Section4/PDU/PDU3B/Outlet/Outlet12/RmsCurrent","random(10.0, 30.0, true)","Double"
"0","Exchange/DataCenterDemo/Site1/DataHall2/Section1/PDU/PDU4B/Outlet/Outlet16/RmsCurrent","random(10.0, 30.0, true)","Double"
"0","Exchange/DataCenterDemo/Site1/DataHall2/Section3/Heatmap/Aisle13/Sensor2/Humidity","cosine(46.0, 48.0, 95.997, true)","Double"
"0","Exchange/DataCenterDemo/Site1/DataHall1/Section2/PDU/PDU3A/Outlet/Outlet2/RmsCurrent","random(10.0, 30.0, true)","Double"
"0","Exchange/DataCenterDemo/Site1/DataHall2/Section3/PDU/PDU12B/Outlet/Outlet12/RmsCurrent","random(10.0, 30.0, true)","Double"
"0","Exchange/DataCenterDemo/Site1/DataHall2/Section3/PDU/PDU4B/Outlet/Outlet2/RmsCurrent","random(10.0, 30.0, true)","Double"
"0","Exchange/DataCenterDemo/Site1/DataHall2/Section3/PDU/PDU2A/Outlet/Outlet1/RmsCurrent","random(10.0, 30.0, true)","Double"
"0","Exchange/DataCenterDemo/Site1/DataHall1/Section4/AHU/AHU7/Fan/FanSpeedCommand","square(70.0, 100.0, 98.719, true)","Double"
"0","Exchange/DataCenterDemo/Site1/DataHall1/Section3/PQM/PQM1B/Current/CurrentC","random(3750.0, 4100.0, true)","Double"
"0","Exchange/DataCenterDemo/Site1/DataHall1/Section3/PQM/PQM1B/Current/CurrentB","random(3750.0, 4100.0, true)","Double"
"0","Exchange/DataCenterDemo/Site1/DataHall1/Section3/PQM/PQM1B/Current/CurrentA","random(3750.0, 4100.0, true)","Double"
"0","Exchange/DataCenterDemo/Site1/DataHall1/Section2/PDU/PDU4B/Outlet/Outlet8/RmsCurrent","random(10.0, 30.0, true)","Double"
"0","Exchange/DataCenterDemo/Site1/DataHall1/Section3/Heatmap/Aisle6/Sensor1/Temperature","random(38.0, 43.9, true)","Double"
"0","Exchange/DataCenterDemo/Site1/DataHall2/Section3/PDU/PDU4B/Outlet/Outlet12/RmsCurrent","random(10.0, 30.0, true)","Double"
"0","Exchange/DataCenterDemo/Site1/DataHall1/Section4/PDU/PDU6B/Outlet/Outlet14/RmsCurrent","random(10.0, 30.0, true)","Double"
"0","Exchange/DataCenterDemo/Site1/DataHall2/Section1/PDU/PDU10B/Outlet/Outlet16/RmsCurrent","random(10.0, 30.0, true)","Double"
"0","Exchange/DataCenterDemo/Site1/DataHall1/Section2/PQM/PQM2A/Current/CurrentC","random(3750.0, 4100.0, true)","Double"
"0","Exchange/DataCenterDemo/Site1/DataHall1/Section2/UPS/UPS2B/Battery/BatteryCapacityRemaining","ramp(95.0, 99.0, 95.679, true)","Double"
"0","Exchange/DataCenterDemo/Site1/DataHall2/Section3/PDU/PDU4A/Outlet/Outlet4/RmsCurrent","random(10.0, 30.0, true)","Double"
"0","Exchange/DataCenterDemo/Site1/DataHall1/Section2/PDU/PDU6A/Outlet/Outlet2/RmsCurrent","random(10.0, 30.0, true)","Double"
"0","Exchange/DataCenterDemo/Site1/DataHall2/Section2/PDU/PDU3B/Outlet/Outlet16/RmsCurrent","random(10.0, 30.0, true)","Double"
"0","Exchange/DataCenterDemo/Site1/DataHall1/Section2/PQM/PQM2A/Current/CurrentA","random(3750.0, 4100.0, true)","Double"
"0","Exchange/DataCenterDemo/Site1/DataHall1/Section1/PQM/PQM2A/PQ/ThdVoltageAN","3.3","Double"
"0","Exchange/DataCenterDemo/Site1/DataHall1/Section2/PDU/PDU9A/Outlet/Outlet16/RmsCurrent","random(10.0, 30.0, true)","Double"
"0","Exchange/DataCenterDemo/Site1/DataHall1/Section2/PQM/PQM2A/Current/CurrentB","random(3750.0, 4100.0, true)","Double"
"0","Exchange/DataCenterDemo/Site1/DataHall2/Section3/PDU/PDU7B/Outlet/Outlet2/RmsCurrent","random(10.0, 30.0, true)","Double"
"0","Exchange/DataCenterDemo/Site1/DataHall1/Section1/Heatmap/Aisle9/Sensor1/Humidity","cosine(46.0, 48.0, 93.008, true)","Double"
"0","Exchange/DataCenterDemo/Site1/DataHall2/Section3/PQM/PQM2B/PQ/ThdVoltageAN","3.3","Double"
"0","Exchange/DataCenterDemo/Site1/DataHall1/Section4/PDU/PDU8B/Outlet/Outlet10/RmsCurrent","random(10.0, 30.0, true)","Double"
"0","Exchange/DataCenterDemo/Site1/DataHall1/Section4/PDU/PDU9A/Outlet/Outlet12/RmsCurrent","random(10.0, 30.0, true)","Double"
"0","Exchange/DataCenterDemo/Site1/DataHall2/Section1/PDU/PDU7B/Outlet/Outlet3/RmsCurrent","random(10.0, 30.0, true)","Double"
"0","Exchange/DataCenterDemo/Site1/DataHall2/Section2/PDU/PDU10B/Outlet/Outlet1/RmsCurrent","random(10.0, 30.0, true)","Double"
"0","Exchange/DataCenterDemo/Site1/DataHall2/Section1/PDU/PDU2A/Outlet/Outlet12/RmsCurrent","random(10.0, 30.0, true)","Double"
"0","Exchange/DataCenterDemo/Site1/DataHall2/Section3/PQM/PQM1A/Current/CurrentC","random(3750.0, 4100.0, true)","Double"
"0","Exchange/DataCenterDemo/Site1/DataHall2/Section3/PQM/PQM1A/Current/CurrentB","random(3750.0, 4100.0, true)","Double"
"0","Exchange/DataCenterDemo/Site1/DataHall2/Section4/PDU/PDU9B/Outlet/Outlet16/RmsCurrent","random(10.0, 30.0, true)","Double"
"0","Exchange/DataCenterDemo/Site1/DataHall2/Section2/AHU/AHU4/Fan/FanSpeedCommand","square(70.0, 100.0, 100.843, true)","Double"
"0","Exchange/DataCenterDemo/Architecture/EAM/Agents/Edge 1/Independent/Metrics/Sessions/Perspective Sessions","random(10.0, 20.0, true)","Double"
"0","Exchange/DataCenterDemo/Site1/DataHall2/Section3/PQM/PQM1A/Current/CurrentA","random(3750.0, 4100.0, true)","Double"
"0","Exchange/DataCenterDemo/Site1/DataHall1/Section1/UPS/UPS1A/Input/SystemInputPowerFactor","random(0.95, 0.98, true)","Double"
"0","Exchange/DataCenterDemo/Site1/DataHall1/Section2/Breaker/Breaker5B/Metering/VoltageMeanLL","random(470.0, 490.0, true)","Double"
"0","Exchange/DataCenterDemo/Site1/DataHall1/Section3/PDU/PDU10A/Outlet/Outlet15/RmsCurrent","random(10.0, 30.0, true)","Double"
"0","Exchange/DataCenterDemo/Site1/DataHall1/Section3/UPS/UPS2A/Input/SystemInputCurrentA","random(1600.0, 1900.0, true)","Double"
"0","Exchange/DataCenterDemo/Site1/DataHall1/Section3/Heatmap/Aisle6/Sensor1/Humidity","cosine(42.0, 44.0, 107.301, true)","Double"
"0","Exchange/DataCenterDemo/Site1/DataHall1/Section3/UPS/UPS2A/Input/SystemInputCurrentB","random(1600.0, 1900.0, true)","Double"
"0","Exchange/DataCenterDemo/Site1/DataHall1/Section3/PDU/PDU10B/Outlet/Outlet12/RmsCurrent","random(10.0, 30.0, true)","Double"
"0","Exchange/DataCenterDemo/Site1/DataHall1/Section3/UPS/UPS2A/Input/SystemInputCurrentC","random(1600.0, 1900.0, true)","Double"
"0","Exchange/DataCenterDemo/Site1/DataHall1/Section3/Heatmap/Aisle12/Sensor1/Humidity","cosine(42.0, 44.0, 105.843, true)","Double"
"0","Exchange/DataCenterDemo/Site1/DataHall1/Section3/PQM/PQM1A/Current/CurrentC","random(3750.0, 4100.0, true)","Double"
"0","Exchange/DataCenterDemo/Site1/DataHall1/Section3/PDU/PDU6A/Outlet/Outlet2/RmsCurrent","random(10.0, 30.0, true)","Double"
"0","Exchange/DataCenterDemo/Site1/DataHall2/Section4/PDU/PDU4A/Outlet/Outlet4/RmsCurrent","random(10.0, 30.0, true)","Double"
"0","Exchange/DataCenterDemo/Site1/DataHall1/Section3/PDU/PDU9B/Outlet/Outlet10/RmsCurrent","random(10.0, 30.0, true)","Double"
"0","Exchange/DataCenterDemo/Site1/DataHall1/Section1/Heatmap/Aisle9/Sensor3/Temperature","random(18.0, 23.9, true)","Double"
"0","Exchange/DataCenterDemo/Site1/DataHall1/Section1/PDU/PDU8B/Outlet/Outlet3/RmsCurrent","random(10.0, 30.0, true)","Double"
"0","Exchange/DataCenterDemo/Site1/DataHall1/Section3/Heatmap/Aisle10/Sensor2/Humidity","cosine(42.0, 44.0, 99.512, true)","Double"
"0","Exchange/DataCenterDemo/Site1/DataHall1/Section4/PDU/PDU5B/Outlet/Outlet2/RmsCurrent","random(10.0, 30.0, true)","Double"
"0","Exchange/DataCenterDemo/Site1/DataHall2/Section4/Breaker/Breaker3B/Metering/VoltageMeanLL","random(470.0, 490.0, true)","Double"
"0","Exchange/DataCenterDemo/Site1/DataHall2/Section2/AHU/AHU7/Temperature/SupplyAirTemperature","sine(21.0, 22.0, 109.284, true)","Double"
"0","Exchange/DataCenterDemo/Site1/DataHall2/Section4/PDU/PDU3A/Outlet/Outlet9/RmsCurrent","random(10.0, 30.0, true)","Double"
"0","Exchange/DataCenterDemo/Site1/DataHall2/Section4/PDU/PDU3B/Outlet/Outlet7/RmsCurrent","random(10.0, 30.0, true)","Double"
"0","Exchange/DataCenterDemo/Site1/DataHall2/Section1/Heatmap/Aisle12/Sensor3/Temperature","random(38.0, 43.9, true)","Double"
"0","Exchange/DataCenterDemo/Site1/DataHall2/Section4/PDU/PDU6A/Outlet/Outlet10/RmsCurrent","random(10.0, 30.0, true)","Double"
"0","Exchange/DataCenterDemo/Site1/DataHall1/Section1/PDU/PDU3A/Outlet/Outlet2/RmsCurrent","random(10.0, 30.0, true)","Double"
"0","Exchange/DataCenterDemo/Site1/DataHall1/Section3/PQM/PQM1A/Current/CurrentB","random(3750.0, 4100.0, true)","Double"
"0","Exchange/DataCenterDemo/Site1/DataHall1/Section3/PQM/PQM1A/Current/CurrentA","random(3750.0, 4100.0, true)","Double"
"0","Exchange/DataCenterDemo/Site1/DataHall2/Section2/Heatmap/Aisle12/Sensor3/Temperature","random(38.0, 43.9, true)","Double"
"0","Exchange/DataCenterDemo/Site1/DataHall2/Section3/UPS/UPS2B/Output/SystemOutputVoltageAB","random(480.0, 480.5, true)","Double"
"0","Exchange/DataCenterDemo/Site1/DataHall1/Section1/PDU/PDU5B/Outlet/Outlet3/RmsCurrent","random(10.0, 30.0, true)","Double"
"0","Exchange/DataCenterDemo/Site1/DataHall1/Section1/Heatmap/Aisle8/Sensor2/Temperature","random(38.0, 43.9, true)","Double"
"0","Exchange/DataCenterDemo/Site1/DataHall1/Section2/PQM/PQM1A/Voltage/VoltageAN","cosine(276.0, 278.0, 105.841, true)","Double"
"0","Exchange/DataCenterDemo/Site1/DataHall2/Section3/PDU/PDU10B/Outlet/Outlet16/RmsCurrent","random(10.0, 30.0, true)","Double"
"0","Exchange/DataCenterDemo/Site1/DataHall2/Section4/UPS/UPS2B/Output/SystemOutputVoltageCA","random(480.0, 480.5, true)","Double"
"0","Exchange/DataCenterDemo/Site1/DataHall1/Section4/Heatmap/Aisle4/Sensor3/Humidity","cosine(42.0, 44.0, 90.127, true)","Double"
"0","Exchange/DataCenterDemo/Site1/DataHall2/Section2/UPS/UPS1A/Input/SystemInputCurrentC","random(1600.0, 1900.0, true)","Double"
"0","Exchange/DataCenterDemo/Site1/DataHall1/Section3/AHU/AHU7/Status/IsAhuRunning","1.0","Double"
"0","Exchange/DataCenterDemo/Site1/DataHall2/Section4/Breaker/Breaker5A/Metering/VoltageMeanLL","random(470.0, 490.0, true)","Double"
"0","Exchange/DataCenterDemo/Site1/DataHall2/Section2/UPS/UPS1A/Input/SystemInputCurrentA","random(1600.0, 1900.0, true)","Double"
"0","Exchange/DataCenterDemo/Site1/DataHall2/Section2/UPS/UPS1A/Input/SystemInputCurrentB","random(1600.0, 1900.0, true)","Double"
"0","Exchange/DataCenterDemo/Site1/DataHall1/Section3/Heatmap/Aisle4/Sensor2/Humidity","cosine(42.0, 44.0, 90.156, true)","Double"
"0","Exchange/DataCenterDemo/Site1/DataHall2/Section4/PDU/PDU5A/Outlet/Outlet1/RmsCurrent","random(10.0, 30.0, true)","Double"
"0","Exchange/DataCenterDemo/Site1/DataHall1/Section2/PQM/PQM1A/Voltage/VoltageBC","cosine(478.0, 481.0, 96.326, true)","Double"
"0","Exchange/DataCenterDemo/Site1/DataHall1/Section3/PDU/PDU12A/Outlet/Outlet1/RmsCurrent","random(10.0, 30.0, true)","Double"
"0","Exchange/DataCenterDemo/Site1/DataHall2/Section1/PQM/PQM1A/Voltage/VoltageAB","cosine(478.0, 481.0, 90.006, true)","Double"
"0","Exchange/DataCenterDemo/Site1/DataHall2/Section4/Heatmap/Aisle9/Sensor1/Temperature","random(18.0, 23.9, true)","Double"
"0","Exchange/DataCenterDemo/Site1/DataHall1/Section3/Breaker/Breaker1B/Metering/CurrentA","random(4300.0, 5800.0, true)","Double"
"0","Exchange/DataCenterDemo/Site1/DataHall2/Section3/PDU/PDU1A/Outlet/Outlet4/RmsCurrent","random(10.0, 30.0, true)","Double"
"0","Exchange/DataCenterDemo/Site1/DataHall1/Section3/Heatmap/Aisle1/Sensor3/Temperature","random(18.0, 23.9, true)","Double"
"0","Exchange/DataCenterDemo/Site1/DataHall1/Section1/PDU/PDU12A/Outlet/Outlet8/RmsCurrent","random(10.0, 30.0, true)","Double"
"0","Exchange/DataCenterDemo/Site1/DataHall2/Section4/PDU/PDU12A/Outlet/Outlet7/RmsCurrent","random(10.0, 30.0, true)","Double"
"0","Exchange/DataCenterDemo/Site1/DataHall2/Section2/PDU/PDU6B/Outlet/Outlet8/RmsCurrent","random(10.0, 30.0, true)","Double"
"0","Exchange/DataCenterDemo/Site1/DataHall2/Section1/AHU/AHU4/Temperature/SupplyAirTemperature","sine(21.0, 22.0, 109.694, true)","Double"
"0","Exchange/DataCenterDemo/Site1/DataHall1/Section3/PDU/PDU1B/Outlet/Outlet5/RmsCurrent","random(10.0, 30.0, true)","Double"
"0","Exchange/DataCenterDemo/Site1/DataHall2/Section3/Heatmap/Aisle11/Sensor2/Temperature","random(18.0, 23.9, true)","Double"
"0","Exchange/DataCenterDemo/Site1/DataHall1/Section4/UPS/UPS2A/Input/SystemInputCurrentC","random(1600.0, 1900.0, true)","Double"
"0","Exchange/DataCenterDemo/Site1/DataHall1/Section4/UPS/UPS2A/Input/SystemInputCurrentB","random(1600.0, 1900.0, true)","Double"
"0","Exchange/DataCenterDemo/Site1/DataHall1/Section4/UPS/UPS2A/Input/SystemInputCurrentA","random(1600.0, 1900.0, true)","Double"
"0","Exchange/DataCenterDemo/Site1/DataHall2/Section1/PDU/PDU7A/Outlet/Outlet14/RmsCurrent","random(10.0, 30.0, true)","Double"
"0","Exchange/DataCenterDemo/Site1/DataHall1/Section2/PQM/PQM1A/Voltage/VoltageAB","cosine(478.0, 481.0, 109.986, true)","Double"
"0","Exchange/DataCenterDemo/Site1/DataHall1/Section3/Breaker/Breaker1B/Metering/CurrentC","random(4300.0, 5800.0, true)","Double"
"0","Exchange/DataCenterDemo/Site1/DataHall2/Section2/Breaker/Breaker1A/Metering/CurrentC","random(4300.0, 5800.0, true)","Double"
"0","Exchange/DataCenterDemo/Site1/DataHall1/Section3/Breaker/Breaker1B/Metering/CurrentB","random(4300.0, 5800.0, true)","Double"
"0","Exchange/DataCenterDemo/Site1/DataHall1/Section4/AHU/AHU5/Status/IsAhuRunning","1.0","Double"
"0","Exchange/DataCenterDemo/Site1/DataHall2/Section2/Breaker/Breaker1A/Metering/CurrentA","random(4300.0, 5800.0, true)","Double"
"0","Exchange/DataCenterDemo/Site1/DataHall2/Section4/Heatmap/Aisle10/Sensor1/Temperature","random(38.0, 43.9, true)","Double"
"0","Exchange/DataCenterDemo/Site1/DataHall2/Section1/Heatmap/Aisle1/Sensor1/Humidity","cosine(46.0, 48.0, 104.24, true)","Double"
"0","Exchange/DataCenterDemo/Site1/DataHall2/Section2/Breaker/Breaker1A/Metering/CurrentB","random(4300.0, 5800.0, true)","Double"
"0","Exchange/DataCenterDemo/Site1/DataHall2/Section4/UPS/UPS2B/Output/SystemOutputVoltageAB","random(480.0, 480.5, true)","Double"
"0","Exchange/DataCenterDemo/Site1/DataHall2/Section2/PDU/PDU3B/Outlet/Outlet5/RmsCurrent","random(10.0, 30.0, true)","Double"
"0","Exchange/DataCenterDemo/Site1/DataHall1/Section1/PDU/PDU9B/Outlet/Outlet14/RmsCurrent","random(10.0, 30.0, true)","Double"
"0","Exchange/DataCenterDemo/Site1/DataHall1/Section4/PDU/PDU1A/Outlet/Outlet15/RmsCurrent","random(10.0, 30.0, true)","Double"
"0","Exchange/DataCenterDemo/Site1/DataHall2/Section4/PDU/PDU11A/Outlet/Outlet10/RmsCurrent","random(10.0, 30.0, true)","Double"
"0","Exchange/DataCenterDemo/Site1/DataHall2/Section1/PDU/PDU1A/Outlet/Outlet13/RmsCurrent","random(10.0, 30.0, true)","Double"
"0","Exchange/DataCenterDemo/Site1/DataHall2/Section3/UPS/UPS2B/Output/SystemOutputVoltageCA","random(480.0, 480.5, true)","Double"
"0","Exchange/DataCenterDemo/Site1/DataHall1/Section3/UPS/UPS2A/Output/SystemOutputCurrentA","random(1500.0, 1800.0, true)","Double"
"0","Exchange/DataCenterDemo/Site1/DataHall2/Section4/PDU/PDU2A/Outlet/Outlet1/RmsCurrent","random(10.0, 30.0, true)","Double"
"0","Exchange/DataCenterDemo/Site1/DataHall1/Section3/UPS/UPS2A/Output/SystemOutputCurrentB","random(1500.0, 1800.0, true)","Double"
"0","Exchange/DataCenterDemo/Site1/DataHall1/Section3/UPS/UPS2A/Output/SystemOutputCurrentC","random(1500.0, 1800.0, true)","Double"
"0","Exchange/DataCenterDemo/Site1/DataHall2/Section3/AHU/AHU3/Fan/FanSpeedFeedback","cosine(70.0, 100.0, 90.031, true)","Double"
"0","Exchange/DataCenterDemo/Site1/DataHall2/Section4/PQM/PQM2A/Voltage/VoltageCN","cosine(276.0, 278.0, 105.332, true)","Double"
"0","Exchange/DataCenterDemo/Site1/DataHall2/Section2/PDU/PDU11A/Outlet/Outlet3/RmsCurrent","random(10.0, 30.0, true)","Double"
"0","Exchange/DataCenterDemo/Site1/DataHall1/Section3/PDU/PDU11A/Outlet/Outlet14/RmsCurrent","random(10.0, 30.0, true)","Double"
"0","Exchange/DataCenterDemo/Site1/DataHall1/Section3/PDU/PDU1B/Outlet/Outlet13/RmsCurrent","random(10.0, 30.0, true)","Double"
"0","Exchange/DataCenterDemo/Site1/DataHall2/Section2/PDU/PDU6A/Outlet/Outlet14/RmsCurrent","random(10.0, 30.0, true)","Double"
"0","Exchange/DataCenterDemo/Site1/DataHall1/Section4/PDU/PDU2B/Outlet/Outlet2/RmsCurrent","random(10.0, 30.0, true)","Double"
"0","Exchange/DataCenterDemo/Site1/DataHall2/Section2/PDU/PDU5B/Outlet/Outlet12/RmsCurrent","random(10.0, 30.0, true)","Double"
"0","Exchange/DataCenterDemo/Site1/DataHall2/Section4/PDU/PDU12B/Outlet/Outlet5/RmsCurrent","random(10.0, 30.0, true)","Double"
"0","Exchange/DataCenterDemo/Site1/DataHall2/Section4/PDU/PDU7B/Outlet/Outlet2/RmsCurrent","random(10.0, 30.0, true)","Double"
"0","Exchange/DataCenterDemo/Site1/DataHall2/Section4/UPS/UPS2B/Output/SystemOutputVoltageBC","random(480.0, 480.5, true)","Double"
"0","Exchange/DataCenterDemo/Site1/DataHall1/Section4/AHU/AHU2/Temperature/ReturnAirTemperature","sine(30.0, 34.0, 180.007, true)","Double"
"0","Exchange/DataCenterDemo/Site1/DataHall2/Section3/UPS/UPS2B/Output/SystemOutputVoltageBC","random(480.0, 480.5, true)","Double"
"0","Exchange/DataCenterDemo/Site1/DataHall1/Section4/PDU/PDU2A/Outlet/Outlet4/RmsCurrent","random(10.0, 30.0, true)","Double"
"0","Exchange/DataCenterDemo/Site1/DataHall1/Section2/PDU/PDU8B/Outlet/Outlet14/RmsCurrent","random(10.0, 30.0, true)","Double"
"0","Exchange/DataCenterDemo/Site1/DataHall1/Section3/PDU/PDU2A/Outlet/Outlet15/RmsCurrent","random(10.0, 30.0, true)","Double"
"0","Exchange/DataCenterDemo/Site1/DataHall2/Section1/PDU/PDU12A/Outlet/Outlet1/RmsCurrent","random(10.0, 30.0, true)","Double"
"0","Exchange/DataCenterDemo/Site1/DataHall1/Section1/PDU/PDU5A/Outlet/Outlet5/RmsCurrent","random(10.0, 30.0, true)","Double"
"0","Exchange/DataCenterDemo/Site1/DataHall1/Section4/PDU/PDU11B/Outlet/Outlet1/RmsCurrent","random(10.0, 30.0, true)","Double"
"0","Exchange/DataCenterDemo/Site1/DataHall2/Section4/PQM/PQM2A/Voltage/VoltageCA","cosine(478.0, 481.0, 95.762, true)","Double"
"0","Exchange/DataCenterDemo/Site1/DataHall1/Section3/PDU/PDU7B/Outlet/Outlet8/RmsCurrent","random(10.0, 30.0, true)","Double"
"0","Exchange/DataCenterDemo/Site1/DataHall2/Section2/Heatmap/Aisle7/Sensor2/Temperature","random(18.0, 23.9, true)","Double"
"0","Exchange/DataCenterDemo/Site1/DataHall1/Section4/PDU/PDU7A/Outlet/Outlet16/RmsCurrent","random(10.0, 30.0, true)","Double"
"0","Exchange/DataCenterDemo/Site1/DataHall2/Section3/PDU/PDU5A/Outlet/Outlet14/RmsCurrent","random(10.0, 30.0, true)","Double"
"0","Exchange/DataCenterDemo/Site1/DataHall2/Section1/PDU/PDU5A/Outlet/Outlet2/RmsCurrent","random(10.0, 30.0, true)","Double"
"0","Exchange/DataCenterDemo/Site1/DataHall1/Section4/PDU/PDU11A/Outlet/Outlet3/RmsCurrent","random(10.0, 30.0, true)","Double"
"0","Exchange/DataCenterDemo/Site1/DataHall2/Section3/PDU/PDU7A/Outlet/Outlet7/RmsCurrent","random(10.0, 30.0, true)","Double"
"0","Exchange/DataCenterDemo/Site1/DataHall1/Section2/PDU/PDU2B/Outlet/Outlet13/RmsCurrent","random(10.0, 30.0, true)","Double"
"0","Exchange/DataCenterDemo/Site1/DataHall1/Section2/PDU/PDU9A/Outlet/Outlet5/RmsCurrent","random(10.0, 30.0, true)","Double"
"0","Exchange/DataCenterDemo/Site1/DataHall2/Section4/Breaker/Breaker4B/Metering/CurrentB","random(4300.0, 5800.0, true)","Double"
"0","Exchange/DataCenterDemo/Site1/DataHall1/Section2/PDU/PDU12B/Outlet/Outlet16/RmsCurrent","random(10.0, 30.0, true)","Double"
"0","Exchange/DataCenterDemo/Site1/DataHall2/Section4/Breaker/Breaker4B/Metering/CurrentA","random(4300.0, 5800.0, true)","Double"
"0","Exchange/DataCenterDemo/Site1/DataHall2/Section4/PQM/PQM2A/Voltage/VoltageBN","cosine(276.0, 278.0, 90.089, true)","Double"
"0","Exchange/DataCenterDemo/Site1/DataHall2/Section1/PDU/PDU6B/Outlet/Outlet12/RmsCurrent","random(10.0, 30.0, true)","Double"
"0","Exchange/DataCenterDemo/Site1/DataHall2/Section4/Breaker/Breaker4B/Metering/CurrentC","random(4300.0, 5800.0, true)","Double"
"0","Exchange/DataCenterDemo/Site1/DataHall1/Section4/PDU/PDU3B/Outlet/Outlet9/RmsCurrent","random(10.0, 30.0, true)","Double"
"0","Exchange/DataCenterDemo/Site1/DataHall1/Section1/PDU/PDU1B/Outlet/Outlet7/RmsCurrent","random(10.0, 30.0, true)","Double"
"0","Exchange/DataCenterDemo/Site1/DataHall1/Section2/UPS/UPS1B/Input/SystemInputPowerFactor","random(0.95, 0.98, true)","Double"
"0","Exchange/DataCenterDemo/Site1/DataHall1/Section3/PDU/PDU4B/Outlet/Outlet5/RmsCurrent","random(10.0, 30.0, true)","Double"
"0","Exchange/DataCenterDemo/Site1/DataHall1/Section1/PDU/PDU9B/Outlet/Outlet2/RmsCurrent","random(10.0, 30.0, true)","Double"
"0","Exchange/DataCenterDemo/Site1/DataHall2/Section2/PDU/PDU1A/Outlet/Outlet10/RmsCurrent","random(10.0, 30.0, true)","Double"
"0","Exchange/DataCenterDemo/Site1/DataHall2/Section4/PDU/PDU3B/Outlet/Outlet15/RmsCurrent","random(10.0, 30.0, true)","Double"
"0","Exchange/DataCenterDemo/Site1/DataHall2/Section2/AHU/AHU2/Temperature/SupplyAirTemperature","sine(21.0, 22.0, 90.019, true)","Double"
"0","Exchange/DataCenterDemo/Site1/DataHall1/Section2/PDU/PDU8B/Outlet/Outlet6/RmsCurrent","random(10.0, 30.0, true)","Double"
"0","Exchange/DataCenterDemo/Site1/DataHall2/Section3/PDU/PDU4A/Outlet/Outlet7/RmsCurrent","random(10.0, 30.0, true)","Double"
"0","Exchange/DataCenterDemo/Site1/DataHall1/Section3/PDU/PDU5B/Outlet/Outlet16/RmsCurrent","random(10.0, 30.0, true)","Double"
"0","Exchange/DataCenterDemo/Site1/DataHall2/Section3/PDU/PDU11B/Outlet/Outlet12/RmsCurrent","random(10.0, 30.0, true)","Double"
"0","Exchange/DataCenterDemo/Site1/DataHall1/Section2/UPS/UPS1B/Output/SystemOutputVoltageBC","random(480.0, 480.5, true)","Double"
"0","Exchange/DataCenterDemo/Site1/DataHall2/Section1/PDU/PDU2A/Outlet/Outlet10/RmsCurrent","random(10.0, 30.0, true)","Double"
"0","Exchange/DataCenterDemo/Site1/DataHall1/Section4/PDU/PDU2A/Outlet/Outlet3/RmsCurrent","random(10.0, 30.0, true)","Double"
"0","Exchange/DataCenterDemo/Site1/DataHall2/Section3/PDU/PDU12A/Outlet/Outlet14/RmsCurrent","random(10.0, 30.0, true)","Double"
"0","Exchange/DataCenterDemo/Site1/DataHall1/Section4/PDU/PDU1A/Outlet/Outlet16/RmsCurrent","random(10.0, 30.0, true)","Double"
"0","Exchange/DataCenterDemo/Site1/DataHall2/Section2/Heatmap/Aisle11/Sensor1/Humidity","cosine(46.0, 48.0, 91.608, true)","Double"
"0","Exchange/DataCenterDemo/Site1/DataHall2/Section4/PDU/PDU2B/Outlet/Outlet8/RmsCurrent","random(10.0, 30.0, true)","Double"
"0","Exchange/DataCenterDemo/Site1/DataHall2/Section3/PDU/PDU3B/Outlet/Outlet4/RmsCurrent","random(10.0, 30.0, true)","Double"
"0","Exchange/DataCenterDemo/Site1/DataHall2/Section2/Heatmap/Aisle13/Sensor2/Humidity","cosine(46.0, 48.0, 93.466, true)","Double"
"0","Exchange/DataCenterDemo/Site1/DataHall2/Section3/Heatmap/Aisle9/Sensor2/Humidity","cosine(46.0, 48.0, 90.003, true)","Double"
"0","Exchange/DataCenterDemo/Site1/DataHall2/Section4/PDU/PDU12A/Outlet/Outlet6/RmsCurrent","random(10.0, 30.0, true)","Double"
"0","Exchange/DataCenterDemo/Site1/DataHall1/Section2/PDU/PDU6A/Outlet/Outlet4/RmsCurrent","random(10.0, 30.0, true)","Double"
"0","Exchange/DataCenterDemo/Site1/DataHall2/Section2/Heatmap/Aisle1/Sensor3/Temperature","random(18.0, 23.9, true)","Double"
"0","Exchange/DataCenterDemo/Site1/DataHall2/Section2/PDU/PDU6B/Outlet/Outlet9/RmsCurrent","random(10.0, 30.0, true)","Double"
"0","Exchange/DataCenterDemo/Site1/DataHall1/Section3/AHU/AHU7/Temperature/SupplyAirTemperature","sine(21.0, 22.0, 90.424, true)","Double"
"0","Exchange/DataCenterDemo/Site1/DataHall1/Section3/PDU/PDU5B/Outlet/Outlet1/RmsCurrent","random(10.0, 30.0, true)","Double"
"0","Exchange/DataCenterDemo/Site1/DataHall1/Section4/PDU/PDU6A/Outlet/Outlet4/RmsCurrent","random(10.0, 30.0, true)","Double"
"0","Exchange/DataCenterDemo/Site1/DataHall1/Section3/PDU/PDU11B/Outlet/Outlet12/RmsCurrent","random(10.0, 30.0, true)","Double"
"0","Exchange/DataCenterDemo/Site1/DataHall2/Section4/PDU/PDU1A/Outlet/Outlet2/RmsCurrent","random(10.0, 30.0, true)","Double"
"0","Exchange/DataCenterDemo/Site1/DataHall1/Section2/PQM/PQM1B/PQ/ThdVoltageAN","3.3","Double"
"0","Exchange/DataCenterDemo/Site1/DataHall2/Section4/PDU/PDU12B/Outlet/Outlet16/RmsCurrent","random(10.0, 30.0, true)","Double"
"0","Exchange/DataCenterDemo/Site1/DataHall2/Section4/UPS/UPS1B/Input/SystemInputVoltageBC","random(470.0, 490.0, true)","Double"
"0","Exchange/DataCenterDemo/Site1/DataHall2/Section2/PDU/PDU5A/Outlet/Outlet3/RmsCurrent","random(10.0, 30.0, true)","Double"
"0","Exchange/DataCenterDemo/Site1/DataHall1/Section2/UPS/UPS1B/Output/SystemOutputVoltageAB","random(480.0, 480.5, true)","Double"
"0","Exchange/DataCenterDemo/Site1/DataHall1/Section3/PDU/PDU1B/Outlet/Outlet14/RmsCurrent","random(10.0, 30.0, true)","Double"
"0","Exchange/DataCenterDemo/Site1/DataHall2/Section4/UPS/UPS1B/Input/SystemInputVoltageCA","random(470.0, 490.0, true)","Double"
"0","Exchange/DataCenterDemo/Site1/DataHall1/Section4/PDU/PDU4B/Outlet/Outlet16/RmsCurrent","random(10.0, 30.0, true)","Double"
"0","Exchange/DataCenterDemo/Site1/DataHall1/Section1/PDU/PDU2B/Outlet/Outlet16/RmsCurrent","random(10.0, 30.0, true)","Double"
"0","Exchange/DataCenterDemo/Site1/DataHall2/Section1/PDU/PDU1A/Outlet/Outlet12/RmsCurrent","random(10.0, 30.0, true)","Double"
"0","Exchange/DataCenterDemo/Site1/DataHall2/Section2/PDU/PDU4A/Outlet/Outlet7/RmsCurrent","random(10.0, 30.0, true)","Double"
"0","Exchange/DataCenterDemo/Site1/DataHall1/Section3/PDU/PDU11A/Outlet/Outlet16/RmsCurrent","random(10.0, 30.0, true)","Double"
"0","Exchange/DataCenterDemo/Site1/DataHall2/Section4/PDU/PDU10A/Outlet/Outlet14/RmsCurrent","random(10.0, 30.0, true)","Double"
"0","Exchange/DataCenterDemo/Site1/DataHall1/Section2/AHU/AHU7/Fan/FanSpeedFeedback","cosine(70.0, 100.0, 108.998, true)","Double"
"0","Exchange/DataCenterDemo/Site1/DataHall1/Section2/PDU/PDU2A/Outlet/Outlet3/RmsCurrent","random(10.0, 30.0, true)","Double"
"0","Exchange/DataCenterDemo/Site1/DataHall1/Section3/Breaker/Breaker5A/Metering/CurrentB","random(4300.0, 5800.0, true)","Double"
"0","Exchange/DataCenterDemo/Site1/DataHall2/Section2/PDU/PDU5B/Outlet/Outlet15/RmsCurrent","random(10.0, 30.0, true)","Double"
"0","Exchange/DataCenterDemo/Site1/DataHall2/Section4/PDU/PDU5A/Outlet/Outlet3/RmsCurrent","random(10.0, 30.0, true)","Double"
"0","Exchange/DataCenterDemo/Site1/DataHall1/Section3/Breaker/Breaker5A/Metering/CurrentA","random(4300.0, 5800.0, true)","Double"
"0","Exchange/DataCenterDemo/Site1/DataHall1/Section3/PDU/PDU10A/Outlet/Outlet9/RmsCurrent","random(10.0, 30.0, true)","Double"
"0","Exchange/DataCenterDemo/Site1/DataHall2/Section4/AHU/AHU5/Fan/FanSpeedFeedback","cosine(70.0, 100.0, 92.12, true)","Double"
"0","Exchange/DataCenterDemo/Site1/DataHall1/Section3/Breaker/Breaker5A/Metering/CurrentC","random(4300.0, 5800.0, true)","Double"
"0","Exchange/DataCenterDemo/Site1/DataHall1/Section1/PDU/PDU7B/Outlet/Outlet16/RmsCurrent","random(10.0, 30.0, true)","Double"
"0","Exchange/DataCenterDemo/Site1/DataHall2/Section4/PDU/PDU9B/Outlet/Outlet13/RmsCurrent","random(10.0, 30.0, true)","Double"
"0","Exchange/DataCenterDemo/Site1/DataHall2/Section3/PDU/PDU12B/Outlet/Outlet10/RmsCurrent","random(10.0, 30.0, true)","Double"
"0","Exchange/DataCenterDemo/Site1/DataHall1/Section1/PDU/PDU12B/Outlet/Outlet1/RmsCurrent","random(10.0, 30.0, true)","Double"
"0","Exchange/DataCenterDemo/Site1/DataHall1/Section4/Heatmap/Aisle10/Sensor3/Temperature","random(38.0, 43.9, true)","Double"
"0","Exchange/DataCenterDemo/Site1/DataHall2/Section3/UPS/UPS2B/Input/SystemInputVoltageBC","random(470.0, 490.0, true)","Double"
"0","Exchange/DataCenterDemo/Site1/DataHall2/Section4/UPS/UPS1B/Input/SystemInputVoltageAB","random(470.0, 490.0, true)","Double"
"0","Exchange/DataCenterDemo/Site1/DataHall1/Section2/PQM/PQM2B/Voltage/VoltageAB","cosine(478.0, 481.0, 100.397, true)","Double"
"0","Exchange/DataCenterDemo/Site1/DataHall2/Section3/UPS/UPS2B/Input/SystemInputVoltageCA","random(470.0, 490.0, true)","Double"
"0","Exchange/DataCenterDemo/Architecture/EAM/Agents/Frontend 1/Independent/Metrics/System/Memory Usage","ramp(27.0, 38.0, 1.03, true)","Double"
"0","Exchange/DataCenterDemo/Site1/DataHall1/Section2/UPS/UPS1B/Input/SystemInputCurrentA","random(1600.0, 1900.0, true)","Double"
"0","Exchange/DataCenterDemo/Site1/DataHall2/Section1/PDU/PDU12B/Outlet/Outlet15/RmsCurrent","random(10.0, 30.0, true)","Double"
"0","Exchange/DataCenterDemo/Site1/DataHall1/Section2/UPS/UPS1B/Input/SystemInputCurrentB","random(1600.0, 1900.0, true)","Double"
"0","Exchange/DataCenterDemo/Site1/DataHall1/Section2/Heatmap/Aisle6/Sensor3/Humidity","cosine(42.0, 44.0, 108.838, true)","Double"
"0","Exchange/DataCenterDemo/Site1/DataHall1/Section2/UPS/UPS1B/Input/SystemInputCurrentC","random(1600.0, 1900.0, true)","Double"
"0","Exchange/DataCenterDemo/Site1/DataHall1/Section1/PDU/PDU11A/Outlet/Outlet14/RmsCurrent","random(10.0, 30.0, true)","Double"
"0","Exchange/DataCenterDemo/Site1/DataHall1/Section2/PDU/PDU11A/Outlet/Outlet10/RmsCurrent","random(10.0, 30.0, true)","Double"
"0","Exchange/DataCenterDemo/Site1/DataHall1/Section2/PDU/PDU11A/Outlet/Outlet7/RmsCurrent","random(10.0, 30.0, true)","Double"
"0","Exchange/DataCenterDemo/Architecture/EAM/Agents/Edge 2/Independent/Metrics/Logging/Errors Per Minute","random(0.0, 1.5, true)","Double"
"0","Exchange/DataCenterDemo/Site1/DataHall2/Section2/PDU/PDU1A/Outlet/Outlet2/RmsCurrent","random(10.0, 30.0, true)","Double"
"0","Exchange/DataCenterDemo/Site1/DataHall2/Section2/PDU/PDU8A/Outlet/Outlet1/RmsCurrent","random(10.0, 30.0, true)","Double"
"0","Exchange/DataCenterDemo/Site1/DataHall1/Section2/PDU/PDU1B/Outlet/Outlet16/RmsCurrent","random(10.0, 30.0, true)","Double"
"0","Exchange/DataCenterDemo/Site1/DataHall2/Section4/Heatmap/Aisle9/Sensor2/Temperature","random(18.0, 23.9, true)","Double"
"0","Exchange/DataCenterDemo/Site1/DataHall2/Section1/PDU/PDU7B/Outlet/Outlet5/RmsCurrent","random(10.0, 30.0, true)","Double"
"0","Exchange/DataCenterDemo/Site1/DataHall1/Section3/Heatmap/Aisle10/Sensor2/Temperature","random(38.0, 43.9, true)","Double"
"0","Exchange/DataCenterDemo/Site1/DataHall1/Section3/PDU/PDU5A/Outlet/Outlet8/RmsCurrent","random(10.0, 30.0, true)","Double"
"0","Exchange/DataCenterDemo/Site1/DataHall2/Section1/AHU/AHU6/Temperature/MixedAirTemperature","cosine(14.0, 16.0, 109.498, true)","Double"
"0","Exchange/DataCenterDemo/Site1/DataHall2/Section4/PDU/PDU9B/Outlet/Outlet7/RmsCurrent","random(10.0, 30.0, true)","Double"
"0","Exchange/DataCenterDemo/Site1/DataHall2/Section2/PDU/PDU1B/Outlet/Outlet2/RmsCurrent","random(10.0, 30.0, true)","Double"
"0","Exchange/DataCenterDemo/Site1/DataHall1/Section1/PDU/PDU2B/Outlet/Outlet3/RmsCurrent","random(10.0, 30.0, true)","Double"
"0","Exchange/DataCenterDemo/Site1/DataHall2/Section3/PDU/PDU4B/Outlet/Outlet15/RmsCurrent","random(10.0, 30.0, true)","Double"
"0","Exchange/DataCenterDemo/Site1/DataHall1/Section3/Heatmap/Aisle2/Sensor3/Humidity","cosine(42.0, 44.0, 109.218, true)","Double"
"0","Exchange/DataCenterDemo/Architecture/EAM/Agents/Edge 4/Independent/Metrics/Sessions/Designers","random(0.0, 2.0, true)","Double"
"0","Exchange/DataCenterDemo/Site1/DataHall2/Section3/UPS/UPS2B/Input/SystemInputVoltageAB","random(470.0, 490.0, true)","Double"
"0","Exchange/DataCenterDemo/Site1/DataHall1/Section4/PDU/PDU4B/Outlet/Outlet5/RmsCurrent","random(10.0, 30.0, true)","Double"
"0","Exchange/DataCenterDemo/Site1/DataHall1/Section4/PDU/PDU8A/Outlet/Outlet12/RmsCurrent","random(10.0, 30.0, true)","Double"
"0","Exchange/DataCenterDemo/Site1/DataHall1/Section4/Heatmap/Aisle13/Sensor1/Humidity","cosine(46.0, 48.0, 90.056, true)","Double"
"0","Exchange/DataCenterDemo/Site1/DataHall2/Section1/PDU/PDU8B/Outlet/Outlet1/RmsCurrent","random(10.0, 30.0, true)","Double"
"0","Exchange/DataCenterDemo/Site1/DataHall1/Section2/PDU/PDU6B/Outlet/Outlet16/RmsCurrent","random(10.0, 30.0, true)","Double"
"0","Exchange/DataCenterDemo/Site1/DataHall2/Section1/Breaker/Breaker6B/Metering/CurrentB","random(4300.0, 5800.0, true)","Double"
"0","Exchange/DataCenterDemo/Site1/DataHall2/Section1/Breaker/Breaker6B/Metering/CurrentC","random(4300.0, 5800.0, true)","Double"
"0","Exchange/DataCenterDemo/Site1/DataHall2/Section1/Breaker/Breaker6B/Metering/CurrentA","random(4300.0, 5800.0, true)","Double"
"0","Exchange/DataCenterDemo/Site1/DataHall1/Section4/Breaker/Breaker5A/Metering/CurrentA","random(4300.0, 5800.0, true)","Double"
"0","Exchange/DataCenterDemo/Site1/DataHall1/Section2/UPS/UPS1A/Output/SystemOutputCurrentB","random(1500.0, 1800.0, true)","Double"
"0","Exchange/DataCenterDemo/Site1/DataHall1/Section4/Breaker/Breaker5A/Metering/CurrentC","random(4300.0, 5800.0, true)","Double"
"0","Exchange/DataCenterDemo/Site1/DataHall1/Section2/UPS/UPS1A/Output/SystemOutputCurrentC","random(1500.0, 1800.0, true)","Double"
"0","Exchange/DataCenterDemo/Site1/DataHall1/Section2/UPS/UPS1B/Output/SystemOutputVoltageCA","random(480.0, 480.5, true)","Double"
"0","Exchange/DataCenterDemo/Site1/DataHall1/Section4/Breaker/Breaker5A/Metering/CurrentB","random(4300.0, 5800.0, true)","Double"
"0","Exchange/DataCenterDemo/Site1/DataHall1/Section1/PDU/PDU12A/Outlet/Outlet5/RmsCurrent","random(10.0, 30.0, true)","Double"
"0","Exchange/DataCenterDemo/Site1/DataHall1/Section3/PDU/PDU10B/Outlet/Outlet14/RmsCurrent","random(10.0, 30.0, true)","Double"
"0","Exchange/DataCenterDemo/Site1/DataHall1/Section2/UPS/UPS1A/Output/SystemOutputCurrentA","random(1500.0, 1800.0, true)","Double"
"0","Exchange/DataCenterDemo/Site1/DataHall2/Section3/AHU/AHU6/Fan/SupplyAirStaticPressure","cosine(210.0, 225.0, 109.975, true)","Double"
"0","Exchange/DataCenterDemo/Site1/DataHall1/Section4/UPS/UPS1A/Output/SystemOutputVoltageAB","random(480.0, 480.5, true)","Double"
"0","Exchange/DataCenterDemo/Architecture/EAM/Agents/Edge 2/Independent/Metrics/Sessions/Perspective Sessions","random(10.0, 20.0, true)","Double"
"0","Exchange/DataCenterDemo/Site1/DataHall1/Section4/AHU/AHU1/Temperature/MixedAirTemperature","cosine(14.0, 16.0, 101.715, true)","Double"
"0","Exchange/DataCenterDemo/Site1/DataHall2/Section3/PDU/PDU10A/Outlet/Outlet6/RmsCurrent","random(10.0, 30.0, true)","Double"
"0","Exchange/DataCenterDemo/Site1/DataHall2/Section1/PDU/PDU11A/Outlet/Outlet6/RmsCurrent","random(10.0, 30.0, true)","Double"
"0","Exchange/DataCenterDemo/Site1/DataHall1/Section1/PDU/PDU9B/Outlet/Outlet15/RmsCurrent","random(10.0, 30.0, true)","Double"
"0","Exchange/DataCenterDemo/Site1/DataHall1/Section3/PDU/PDU9A/Outlet/Outlet12/RmsCurrent","random(10.0, 30.0, true)","Double"
"0","Exchange/DataCenterDemo/Site1/DataHall2/Section3/Section/PowerUsageEffectiveness","random(1.15, 1.3, false)","Double"
"0","Exchange/DataCenterDemo/Site1/DataHall2/Section1/Heatmap/Aisle13/Sensor1/Temperature","random(18.0, 23.9, true)","Double"
"0","Exchange/DataCenterDemo/Site1/DataHall1/Section4/Heatmap/Aisle7/Sensor1/Humidity","cosine(46.0, 48.0, 100.223, true)","Double"
"0","Exchange/DataCenterDemo/Site1/DataHall2/Section1/Section/EnergyEfficiencyRatio","cosine(7.7, 8.2, 106.931, true)","Double"
"0","Exchange/DataCenterDemo/Site1/DataHall1/Section4/PDU/PDU12A/Outlet/Outlet2/RmsCurrent","random(10.0, 30.0, true)","Double"
"0","Exchange/DataCenterDemo/Site1/DataHall1/Section2/PDU/PDU1A/Outlet/Outlet7/RmsCurrent","random(10.0, 30.0, true)","Double"
"0","Exchange/DataCenterDemo/Site1/DataHall2/Section2/Heatmap/Aisle9/Sensor1/Temperature","random(18.0, 23.9, true)","Double"
"0","Exchange/DataCenterDemo/Site1/DataHall1/Section4/PDU/PDU9A/Outlet/Outlet10/RmsCurrent","random(10.0, 30.0, true)","Double"
"0","Exchange/DataCenterDemo/Site1/DataHall1/Section1/PDU/PDU4A/Outlet/Outlet16/RmsCurrent","random(10.0, 30.0, true)","Double"
"0","Exchange/DataCenterDemo/Site1/DataHall1/Section3/PDU/PDU7B/Outlet/Outlet15/RmsCurrent","random(10.0, 30.0, true)","Double"
"0","Exchange/DataCenterDemo/Site1/DataHall2/Section1/PDU/PDU6B/Outlet/Outlet15/RmsCurrent","random(10.0, 30.0, true)","Double"
"0","Exchange/DataCenterDemo/Site1/DataHall2/Section1/UPS/UPS1B/Output/SystemOutputVoltageAB","random(480.0, 480.5, true)","Double"
"0","Exchange/DataCenterDemo/Site1/DataHall2/Section2/AHU/AHU7/Fan/SupplyAirStaticPressure","cosine(210.0, 225.0, 91.119, true)","Double"
"0","Exchange/DataCenterDemo/Site1/DataHall1/Section2/PDU/PDU4A/Outlet/Outlet9/RmsCurrent","random(10.0, 30.0, true)","Double"
"0","Exchange/DataCenterDemo/Site1/DataHall2/Section2/Heatmap/Aisle10/Sensor2/Humidity","cosine(42.0, 44.0, 101.37, true)","Double"
"0","Exchange/DataCenterDemo/Site1/DataHall1/Section4/Heatmap/Aisle10/Sensor3/Humidity","cosine(42.0, 44.0, 99.688, true)","Double"
"0","Exchange/DataCenterDemo/Site1/DataHall1/Section1/PDU/PDU5A/Outlet/Outlet8/RmsCurrent","random(10.0, 30.0, true)","Double"
"0","Exchange/DataCenterDemo/Site1/DataHall1/Section2/PDU/PDU9A/Outlet/Outlet2/RmsCurrent","random(10.0, 30.0, true)","Double"
"0","Exchange/DataCenterDemo/Site1/DataHall2/Section2/PDU/PDU9B/Outlet/Outlet7/RmsCurrent","random(10.0, 30.0, true)","Double"
"0","Exchange/DataCenterDemo/Site1/DataHall1/Section1/PQM/PQM2A/Freq/Frequency","ramp(59.7, 60.3, 0.9, true)","Double"
"0","Exchange/DataCenterDemo/Site1/DataHall1/Section4/PDU/PDU8B/Outlet/Outlet6/RmsCurrent","random(10.0, 30.0, true)","Double"
"0","Exchange/DataCenterDemo/Site1/DataHall1/Section2/PDU/PDU5A/Outlet/Outlet5/RmsCurrent","random(10.0, 30.0, true)","Double"
"0","Exchange/DataCenterDemo/Site1/DataHall1/Section4/Heatmap/Aisle9/Sensor1/Temperature","random(18.0, 23.9, true)","Double"
"0","Exchange/DataCenterDemo/Site1/DataHall2/Section2/PDU/PDU7A/Outlet/Outlet9/RmsCurrent","random(10.0, 30.0, true)","Double"
"0","Exchange/DataCenterDemo/Site1/DataHall2/Section3/Breaker/Breaker6B/Metering/CurrentA","random(4300.0, 5800.0, true)","Double"
"0","Exchange/DataCenterDemo/Site1/DataHall2/Section3/Breaker/Breaker6B/Metering/CurrentC","random(4300.0, 5800.0, true)","Double"
"0","Exchange/DataCenterDemo/Site1/DataHall1/Section2/Heatmap/Aisle1/Sensor3/Temperature","random(18.0, 23.9, true)","Double"
"0","Exchange/DataCenterDemo/Site1/DataHall2/Section3/Breaker/Breaker6B/Metering/CurrentB","random(4300.0, 5800.0, true)","Double"
"0","Exchange/DataCenterDemo/Site1/DataHall1/Section2/PDU/PDU2B/Outlet/Outlet14/RmsCurrent","random(10.0, 30.0, true)","Double"
"0","Exchange/DataCenterDemo/Site1/DataHall1/Section2/PDU/PDU3B/Outlet/Outlet9/RmsCurrent","random(10.0, 30.0, true)","Double"
"0","Exchange/DataCenterDemo/Site1/DataHall2/Section2/PDU/PDU10B/Outlet/Outlet4/RmsCurrent","random(10.0, 30.0, true)","Double"
"0","Exchange/DataCenterDemo/Architecture/EAM/Agents/Frontend 1/Independent/Metrics/Sessions/Perspective Sessions","random(10.0, 20.0, true)","Double"
"0","Exchange/DataCenterDemo/Site1/DataHall2/Section1/UPS/UPS1B/Output/SystemOutputVoltageBC","random(480.0, 480.5, true)","Double"
"0","Exchange/DataCenterDemo/Site1/DataHall1/Section4/UPS/UPS1A/Output/SystemOutputVoltageCA","random(480.0, 480.5, true)","Double"
"0","Exchange/DataCenterDemo/Site1/DataHall2/Section4/PDU/PDU6B/Outlet/Outlet9/RmsCurrent","random(10.0, 30.0, true)","Double"
"0","Exchange/DataCenterDemo/Architecture/EAM/Agents/Frontend 1/Independent/Metrics/System/CPU Usage","ramp(3.0, 18.0, 0.936, true)","Double"
"0","Exchange/DataCenterDemo/Site1/DataHall1/Section2/PDU/PDU3A/Outlet/Outlet16/RmsCurrent","random(10.0, 30.0, true)","Double"
"0","Exchange/DataCenterDemo/Site1/DataHall2/Section1/PDU/PDU11B/Outlet/Outlet2/RmsCurrent","random(10.0, 30.0, true)","Double"
"0","Exchange/DataCenterDemo/Site1/DataHall2/Section3/Heatmap/Aisle8/Sensor3/Humidity","cosine(42.0, 44.0, 106.336, true)","Double"
"0","Exchange/DataCenterDemo/Site1/DataHall1/Section1/Heatmap/Aisle6/Sensor3/Temperature","random(38.0, 43.9, true)","Double"
"0","Exchange/DataCenterDemo/Site1/DataHall2/Section2/PDU/PDU3A/Outlet/Outlet8/RmsCurrent","random(10.0, 30.0, true)","Double"
"0","Exchange/DataCenterDemo/Site1/DataHall2/Section3/AHU/AHU1/Temperature/ReturnAirTemperature","sine(30.0, 34.0, 215.867, true)","Double"
"0","Exchange/DataCenterDemo/Site1/DataHall2/Section3/PDU/PDU12B/Outlet/Outlet4/RmsCurrent","random(10.0, 30.0, true)","Double"
"0","Exchange/DataCenterDemo/Site1/DataHall1/Section4/UPS/UPS1A/Output/SystemOutputVoltageBC","random(480.0, 480.5, true)","Double"
"0","Exchange/DataCenterDemo/Site1/DataHall2/Section2/PDU/PDU11A/Outlet/Outlet4/RmsCurrent","random(10.0, 30.0, true)","Double"
"0","Exchange/DataCenterDemo/Site1/DataHall1/Section4/AHU/AHU6/Temperature/ReturnAirTemperature","sine(30.0, 34.0, 219.103, true)","Double"
"0","Exchange/DataCenterDemo/Site1/DataHall1/Section2/PDU/PDU9A/Outlet/Outlet6/RmsCurrent","random(10.0, 30.0, true)","Double"
"0","Exchange/DataCenterDemo/Site1/DataHall2/Section4/PDU/PDU7B/Outlet/Outlet5/RmsCurrent","random(10.0, 30.0, true)","Double"
"0","Exchange/DataCenterDemo/Site1/DataHall1/Section1/PDU/PDU3B/Outlet/Outlet14/RmsCurrent","random(10.0, 30.0, true)","Double"
"0","Exchange/DataCenterDemo/Site1/DataHall2/Section1/UPS/UPS1B/Output/SystemOutputVoltageCA","random(480.0, 480.5, true)","Double"
"0","Exchange/DataCenterDemo/Site1/DataHall1/Section2/Section/UpsCapacity","cosine(0.9, 0.98, 105.103, true)","Double"
"0","Exchange/DataCenterDemo/Site1/DataHall2/Section1/PDU/PDU6B/Outlet/Outlet11/RmsCurrent","random(10.0, 30.0, true)","Double"
"0","Exchange/DataCenterDemo/Site1/DataHall2/Section4/AHU/AHU5/Fan/SupplyAirStaticPressure","cosine(210.0, 225.0, 90.561, true)","Double"
"0","Exchange/DataCenterDemo/Site1/DataHall1/Section3/PDU/PDU2A/Outlet/Outlet16/RmsCurrent","random(10.0, 30.0, true)","Double"
"0","Exchange/DataCenterDemo/Site1/DataHall2/Section4/PDU/PDU8A/Outlet/Outlet1/RmsCurrent","random(10.0, 30.0, true)","Double"
"0","Exchange/DataCenterDemo/Site1/DataHall2/Section1/PDU/PDU10B/Outlet/Outlet6/RmsCurrent","random(10.0, 30.0, true)","Double"
"0","Exchange/DataCenterDemo/Site1/DataHall1/Section2/Breaker/Breaker2B/Metering/VoltageMeanLL","random(470.0, 490.0, true)","Double"
"0","Exchange/DataCenterDemo/Site1/DataHall1/Section2/PDU/PDU8B/Outlet/Outlet15/RmsCurrent","random(10.0, 30.0, true)","Double"
"0","Exchange/DataCenterDemo/Site1/DataHall1/Section2/AHU/AHU5/Fan/FanSpeedFeedback","cosine(70.0, 100.0, 105.552, true)","Double"
"0","Exchange/DataCenterDemo/Site1/DataHall2/Section1/PDU/PDU12A/Outlet/Outlet2/RmsCurrent","random(10.0, 30.0, true)","Double"
"0","Exchange/DataCenterDemo/Site1/DataHall2/Section2/PDU/PDU2B/Outlet/Outlet8/RmsCurrent","random(10.0, 30.0, true)","Double"
"0","Exchange/DataCenterDemo/Site1/DataHall2/Section2/PDU/PDU10A/Outlet/Outlet8/RmsCurrent","random(10.0, 30.0, true)","Double"
"0","Exchange/DataCenterDemo/Site1/DataHall1/Section3/AHU/AHU4/Fan/FanSpeedFeedback","cosine(70.0, 100.0, 91.609, true)","Double"
"0","Exchange/DataCenterDemo/Site1/DataHall2/Section4/PDU/PDU11B/Outlet/Outlet6/RmsCurrent","random(10.0, 30.0, true)","Double"
"0","Exchange/DataCenterDemo/Site1/DataHall1/Section4/PQM/PQM2B/Voltage/VoltageCN","cosine(276.0, 278.0, 92.014, true)","Double"
"0","Exchange/DataCenterDemo/Site1/DataHall2/Section2/PDU/PDU10A/Outlet/Outlet15/RmsCurrent","random(10.0, 30.0, true)","Double"
"0","Exchange/DataCenterDemo/Site1/DataHall1/Section1/PDU/PDU4B/Outlet/Outlet9/RmsCurrent","random(10.0, 30.0, true)","Double"
"0","Exchange/DataCenterDemo/Site1/DataHall1/Section3/PDU/PDU7B/Outlet/Outlet7/RmsCurrent","random(10.0, 30.0, true)","Double"
"0","Exchange/DataCenterDemo/Site1/DataHall1/Section3/PDU/PDU3A/Outlet/Outlet2/RmsCurrent","random(10.0, 30.0, true)","Double"
"0","Exchange/DataCenterDemo/Site1/DataHall2/Section2/PDU/PDU6A/Outlet/Outlet13/RmsCurrent","random(10.0, 30.0, true)","Double"
"0","Exchange/DataCenterDemo/Site1/DataHall1/Section4/PDU/PDU11B/Outlet/Outlet3/RmsCurrent","random(10.0, 30.0, true)","Double"
"0","Exchange/DataCenterDemo/Site1/DataHall2/Section2/PQM/PQM1A/Voltage/VoltageCA","cosine(478.0, 481.0, 104.325, true)","Double"
"0","Exchange/DataCenterDemo/Site1/DataHall2/Section3/PQM/PQM2B/Voltage/VoltageCA","cosine(478.0, 481.0, 100.137, true)","Double"
"0","Exchange/DataCenterDemo/Site1/DataHall1/Section4/PDU/PDU12B/Outlet/Outlet13/RmsCurrent","random(10.0, 30.0, true)","Double"
"0","Exchange/DataCenterDemo/Site1/DataHall1/Section1/PDU/PDU3A/Outlet/Outlet3/RmsCurrent","random(10.0, 30.0, true)","Double"
"0","Exchange/DataCenterDemo/Site1/DataHall1/Section3/PDU/PDU6A/Outlet/Outlet1/RmsCurrent","random(10.0, 30.0, true)","Double"
"0","Exchange/DataCenterDemo/Site1/DataHall1/Section4/PDU/PDU5A/Outlet/Outlet5/RmsCurrent","random(10.0, 30.0, true)","Double"
"0","Exchange/DataCenterDemo/Site1/DataHall2/Section3/PDU/PDU1A/Outlet/Outlet11/RmsCurrent","random(10.0, 30.0, true)","Double"
"0","Exchange/DataCenterDemo/Site1/DataHall1/Section4/PDU/PDU10A/Outlet/Outlet10/RmsCurrent","random(10.0, 30.0, true)","Double"
"0","Exchange/DataCenterDemo/Site1/DataHall2/Section2/AHU/AHU3/Temperature/SupplyAirTemperature","sine(21.0, 22.0, 92.07, true)","Double"
"0","Exchange/DataCenterDemo/Site1/DataHall1/Section2/Heatmap/Aisle7/Sensor2/Humidity","cosine(46.0, 48.0, 97.763, true)","Double"
"0","Exchange/DataCenterDemo/Site1/DataHall2/Section2/PDU/PDU7B/Outlet/Outlet2/RmsCurrent","random(10.0, 30.0, true)","Double"
"0","Exchange/DataCenterDemo/Site1/DataHall2/Section2/PDU/PDU4B/Outlet/Outlet3/RmsCurrent","random(10.0, 30.0, true)","Double"
"0","Exchange/DataCenterDemo/Site1/DataHall2/Section4/PDU/PDU7B/Outlet/Outlet1/RmsCurrent","random(10.0, 30.0, true)","Double"
"0","Exchange/DataCenterDemo/Site1/DataHall2/Section2/PQM/PQM1A/Voltage/VoltageBN","cosine(276.0, 278.0, 94.75, true)","Double"
"0","Exchange/DataCenterDemo/Site1/DataHall2/Section1/PDU/PDU12B/Outlet/Outlet11/RmsCurrent","random(10.0, 30.0, true)","Double"
"0","Exchange/DataCenterDemo/Site1/DataHall1/Section4/Breaker/Breaker6B/Metering/VoltageMeanLL","random(470.0, 490.0, true)","Double"
"0","Exchange/DataCenterDemo/Site1/DataHall2/Section3/PDU/PDU6A/Outlet/Outlet11/RmsCurrent","random(10.0, 30.0, true)","Double"
"0","Exchange/DataCenterDemo/Site1/DataHall2/Section3/PQM/PQM2B/Voltage/VoltageBN","cosine(276.0, 278.0, 91.66, true)","Double"
"0","Exchange/DataCenterDemo/Site1/DataHall1/Section1/PDU/PDU1B/Outlet/Outlet15/RmsCurrent","random(10.0, 30.0, true)","Double"
"0","Exchange/DataCenterDemo/Site1/DataHall1/Section3/PQM/PQM1A/Voltage/VoltageCN","cosine(276.0, 278.0, 90.224, true)","Double"
"0","Exchange/DataCenterDemo/Site1/DataHall2/Section2/PDU/PDU3B/Outlet/Outlet7/RmsCurrent","random(10.0, 30.0, true)","Double"
"0","Exchange/DataCenterDemo/Site1/DataHall1/Section1/PDU/PDU2A/Outlet/Outlet7/RmsCurrent","random(10.0, 30.0, true)","Double"
"0","Exchange/DataCenterDemo/Site1/DataHall1/Section3/Heatmap/Aisle4/Sensor3/Temperature","random(38.0, 43.9, true)","Double"
"0","Exchange/DataCenterDemo/Site1/DataHall2/Section2/PDU/PDU8A/Outlet/Outlet5/RmsCurrent","random(10.0, 30.0, true)","Double"
"0","Exchange/DataCenterDemo/Site1/DataHall1/Section3/Heatmap/Aisle4/Sensor2/Temperature","random(38.0, 43.9, true)","Double"
"0","Exchange/DataCenterDemo/Site1/DataHall1/Section4/PDU/PDU4A/Outlet/Outlet9/RmsCurrent","random(10.0, 30.0, true)","Double"
"0","Exchange/DataCenterDemo/Site1/DataHall2/Section2/AHU/AHU7/Temperature/ReturnAirTemperature","sine(30.0, 34.0, 216.287, true)","Double"
"0","Exchange/DataCenterDemo/Site1/DataHall1/Section1/PDU/PDU11B/Outlet/Outlet9/RmsCurrent","random(10.0, 30.0, true)","Double"
"0","Exchange/DataCenterDemo/Site1/DataHall1/Section3/Heatmap/Aisle3/Sensor2/Humidity","cosine(46.0, 48.0, 91.041, true)","Double"
"0","Exchange/DataCenterDemo/Site1/DataHall1/Section1/AHU/AHU1/Temperature/ReturnAirTemperature","sine(30.0, 34.0, 188.751, true)","Double"
"0","Exchange/DataCenterDemo/Site1/DataHall1/Section3/PQM/PQM1A/Voltage/VoltageCA","cosine(478.0, 481.0, 96.491, true)","Double"
"0","Exchange/DataCenterDemo/Site1/DataHall2/Section3/PDU/PDU11B/Outlet/Outlet8/RmsCurrent","random(10.0, 30.0, true)","Double"
"0","Exchange/DataCenterDemo/Site1/DataHall1/Section2/Heatmap/Aisle2/Sensor3/Temperature","random(38.0, 43.9, true)","Double"
"0","Exchange/DataCenterDemo/Site1/DataHall1/Section3/PDU/PDU12B/Outlet/Outlet1/RmsCurrent","random(10.0, 30.0, true)","Double"
"0","Exchange/DataCenterDemo/Site1/DataHall1/Section4/PDU/PDU9A/Outlet/Outlet5/RmsCurrent","random(10.0, 30.0, true)","Double"
"0","Exchange/DataCenterDemo/Site1/DataHall2/Section1/PDU/PDU7A/Outlet/Outlet13/RmsCurrent","random(10.0, 30.0, true)","Double"
"0","Exchange/DataCenterDemo/Site1/DataHall1/Section3/PDU/PDU12A/Outlet/Outlet10/RmsCurrent","random(10.0, 30.0, true)","Double"
"0","Exchange/DataCenterDemo/Site1/DataHall2/Section2/PQM/PQM1A/Voltage/VoltageBC","cosine(478.0, 481.0, 90.002, true)","Double"
"0","Exchange/DataCenterDemo/Site1/DataHall2/Section3/AHU/AHU3/Fan/FanSpeedCommand","square(70.0, 100.0, 95.281, true)","Double"
"0","Exchange/DataCenterDemo/Site1/DataHall2/Section2/PDU/PDU10B/Outlet/Outlet11/RmsCurrent","random(10.0, 30.0, true)","Double"
"0","Exchange/DataCenterDemo/Site1/DataHall2/Section4/PDU/PDU7A/Outlet/Outlet9/RmsCurrent","random(10.0, 30.0, true)","Double"
"0","Exchange/DataCenterDemo/Site1/DataHall2/Section3/PQM/PQM2B/Voltage/VoltageCN","cosine(276.0, 278.0, 108.488, true)","Double"
"0","Exchange/DataCenterDemo/Site1/DataHall1/Section3/PQM/PQM1A/Voltage/VoltageBN","cosine(276.0, 278.0, 105.983, true)","Double"
"0","Exchange/DataCenterDemo/Site1/DataHall1/Section1/PDU/PDU11B/Outlet/Outlet13/RmsCurrent","random(10.0, 30.0, true)","Double"
"0","Exchange/DataCenterDemo/Site1/DataHall2/Section2/PQM/PQM1A/Voltage/VoltageAN","cosine(276.0, 278.0, 94.446, true)","Double"
"0","Exchange/DataCenterDemo/Site1/DataHall2/Section4/PDU/PDU5A/Outlet/Outlet11/RmsCurrent","random(10.0, 30.0, true)","Double"
"0","Exchange/DataCenterDemo/Architecture/EAM/Agents/Frontend 2/Independent/Metrics/Sessions/Designers","random(0.0, 2.0, true)","Double"
"0","Exchange/DataCenterDemo/Site1/DataHall1/Section1/PDU/PDU8A/Outlet/Outlet6/RmsCurrent","random(10.0, 30.0, true)","Double"
"0","Exchange/DataCenterDemo/Site1/DataHall1/Section4/PDU/PDU6B/Outlet/Outlet15/RmsCurrent","random(10.0, 30.0, true)","Double"
"0","Exchange/DataCenterDemo/Site1/DataHall1/Section4/PQM/PQM2B/Voltage/VoltageAN","cosine(276.0, 278.0, 100.665, true)","Double"
"0","Exchange/DataCenterDemo/Site1/DataHall1/Section4/PDU/PDU5B/Outlet/Outlet4/RmsCurrent","random(10.0, 30.0, true)","Double"
"0","Exchange/DataCenterDemo/Site1/DataHall2/Section4/Breaker/Breaker3A/Metering/CurrentB","random(4300.0, 5800.0, true)","Double"
"0","Exchange/DataCenterDemo/Site1/DataHall1/Section4/PDU/PDU2A/Outlet/Outlet11/RmsCurrent","random(10.0, 30.0, true)","Double"
"0","Exchange/DataCenterDemo/Site1/DataHall2/Section3/Heatmap/Aisle6/Sensor2/Temperature","random(38.0, 43.9, true)","Double"
"0","Exchange/DataCenterDemo/Site1/DataHall2/Section4/Breaker/Breaker3A/Metering/CurrentA","random(4300.0, 5800.0, true)","Double"
"0","Exchange/DataCenterDemo/Site1/DataHall2/Section4/Breaker/Breaker3A/Metering/CurrentC","random(4300.0, 5800.0, true)","Double"
"0","Exchange/DataCenterDemo/Site1/DataHall2/Section4/Heatmap/Aisle2/Sensor2/Temperature","random(38.0, 43.9, true)","Double"
"0","Exchange/DataCenterDemo/Site1/DataHall2/Section1/PDU/PDU3A/Outlet/Outlet11/RmsCurrent","random(10.0, 30.0, true)","Double"
"0","Exchange/DataCenterDemo/Site1/DataHall2/Section4/Breaker/Breaker1A/Metering/CurrentA","random(4300.0, 5800.0, true)","Double"
"0","Exchange/DataCenterDemo/Site1/DataHall1/Section2/PDU/PDU5B/Outlet/Outlet5/RmsCurrent","random(10.0, 30.0, true)","Double"
"0","Exchange/DataCenterDemo/Site1/DataHall2/Section3/PQM/PQM2B/Voltage/VoltageAB","cosine(478.0, 481.0, 107.478, true)","Double"
"0","Exchange/DataCenterDemo/Site1/DataHall2/Section4/Breaker/Breaker1A/Metering/CurrentB","random(4300.0, 5800.0, true)","Double"
"0","Exchange/DataCenterDemo/Site1/DataHall1/Section2/PDU/PDU12B/Outlet/Outlet2/RmsCurrent","random(10.0, 30.0, true)","Double"
"0","Exchange/DataCenterDemo/Site1/DataHall2/Section2/PDU/PDU12B/Outlet/Outlet6/RmsCurrent","random(10.0, 30.0, true)","Double"
"0","Exchange/DataCenterDemo/Site1/DataHall1/Section4/PQM/PQM2B/Voltage/VoltageBC","cosine(478.0, 481.0, 108.756, true)","Double"
"0","Exchange/DataCenterDemo/Site1/DataHall2/Section4/Breaker/Breaker1A/Metering/CurrentC","random(4300.0, 5800.0, true)","Double"
"0","Exchange/DataCenterDemo/Site1/DataHall1/Section4/Section/EnergyEfficiencyRatio","cosine(7.7, 8.2, 97.851, true)","Double"
"0","Exchange/DataCenterDemo/Site1/DataHall2/Section3/Breaker/Breaker1B/Metering/VoltageMeanLL","random(470.0, 490.0, true)","Double"
"0","Exchange/DataCenterDemo/Site1/DataHall2/Section4/Heatmap/Aisle2/Sensor1/Temperature","random(38.0, 43.9, true)","Double"
"0","Exchange/DataCenterDemo/Site1/DataHall1/Section4/PDU/PDU8A/Outlet/Outlet9/RmsCurrent","random(10.0, 30.0, true)","Double"
"0","Exchange/DataCenterDemo/Site1/DataHall2/Section3/UPS/UPS1A/Output/SystemOutputVoltageBC","random(480.0, 480.5, true)","Double"
"0","Exchange/DataCenterDemo/Site1/DataHall2/Section1/PDU/PDU8A/Outlet/Outlet11/RmsCurrent","random(10.0, 30.0, true)","Double"
"0","Exchange/DataCenterDemo/Site1/DataHall1/Section1/PDU/PDU12B/Outlet/Outlet11/RmsCurrent","random(10.0, 30.0, true)","Double"
"0","Exchange/DataCenterDemo/Site1/DataHall1/Section2/PDU/PDU1B/Outlet/Outlet3/RmsCurrent","random(10.0, 30.0, true)","Double"
"0","Exchange/DataCenterDemo/Site1/DataHall1/Section3/PDU/PDU3A/Outlet/Outlet11/RmsCurrent","random(10.0, 30.0, true)","Double"
"0","Exchange/DataCenterDemo/Site1/DataHall2/Section4/PDU/PDU3A/Outlet/Outlet7/RmsCurrent","random(10.0, 30.0, true)","Double"
"0","Exchange/DataCenterDemo/Site1/DataHall1/Section2/PDU/PDU9B/Outlet/Outlet10/RmsCurrent","random(10.0, 30.0, true)","Double"
"0","Exchange/DataCenterDemo/Site1/DataHall1/Section4/PQM/PQM2B/Voltage/VoltageBN","cosine(276.0, 278.0, 108.796, true)","Double"
"0","Exchange/DataCenterDemo/Site1/DataHall2/Section1/PDU/PDU1A/Outlet/Outlet5/RmsCurrent","random(10.0, 30.0, true)","Double"
"0","Exchange/DataCenterDemo/Site1/DataHall2/Section2/PDU/PDU2A/Outlet/Outlet11/RmsCurrent","random(10.0, 30.0, true)","Double"
"0","Exchange/DataCenterDemo/Site1/DataHall1/Section1/Breaker/Breaker3B/Metering/CurrentA","random(4300.0, 5800.0, true)","Double"
"0","Exchange/DataCenterDemo/Site1/DataHall1/Section1/Breaker/Breaker3B/Metering/CurrentC","random(4300.0, 5800.0, true)","Double"
"0","Exchange/DataCenterDemo/Site1/DataHall1/Section1/Breaker/Breaker3B/Metering/CurrentB","random(4300.0, 5800.0, true)","Double"
"0","Exchange/DataCenterDemo/Site1/DataHall2/Section3/PQM/PQM2B/Voltage/VoltageBC","cosine(478.0, 481.0, 90.851, true)","Double"
"0","Exchange/DataCenterDemo/Site1/DataHall2/Section4/PDU/PDU1A/Outlet/Outlet10/RmsCurrent","random(10.0, 30.0, true)","Double"
"0","Exchange/DataCenterDemo/Site1/DataHall2/Section2/PDU/PDU11A/Outlet/Outlet13/RmsCurrent","random(10.0, 30.0, true)","Double"
"0","Exchange/DataCenterDemo/Site1/DataHall1/Section2/Heatmap/Aisle11/Sensor3/Temperature","random(18.0, 23.9, true)","Double"
"0","Exchange/DataCenterDemo/Site1/DataHall1/Section4/PQM/PQM2B/Voltage/VoltageCA","cosine(478.0, 481.0, 100.749, true)","Double"
"0","Exchange/DataCenterDemo/Site1/DataHall1/Section2/UPS/UPS2A/Input/SystemInputCurrentA","random(1600.0, 1900.0, true)","Double"
"0","Exchange/DataCenterDemo/Site1/DataHall1/Section2/UPS/UPS2A/Input/SystemInputCurrentB","random(1600.0, 1900.0, true)","Double"
"0","Exchange/DataCenterDemo/Site1/DataHall2/Section2/PQM/PQM1A/Voltage/VoltageCN","cosine(276.0, 278.0, 109.924, true)","Double"
"0","Exchange/DataCenterDemo/Site1/DataHall1/Section2/UPS/UPS2A/Input/SystemInputCurrentC","random(1600.0, 1900.0, true)","Double"
"0","Exchange/DataCenterDemo/Site1/DataHall1/Section2/Heatmap/Aisle6/Sensor1/Humidity","cosine(42.0, 44.0, 90.683, true)","Double"
"0","Exchange/DataCenterDemo/Site1/DataHall1/Section1/PDU/PDU12A/Outlet/Outlet15/RmsCurrent","random(10.0, 30.0, true)","Double"
"0","Exchange/DataCenterDemo/Site1/DataHall2/Section3/PQM/PQM2B/Voltage/VoltageAN","cosine(276.0, 278.0, 98.454, true)","Double"
"0","Exchange/DataCenterDemo/Site1/DataHall2/Section1/PDU/PDU6B/Outlet/Outlet6/RmsCurrent","random(10.0, 30.0, true)","Double"
"0","Exchange/DataCenterDemo/Site1/DataHall2/Section3/UPS/UPS1A/Output/SystemOutputVoltageAB","random(480.0, 480.5, true)","Double"
"0","Exchange/DataCenterDemo/Site1/DataHall2/Section2/PDU/PDU7A/Outlet/Outlet11/RmsCurrent","random(10.0, 30.0, true)","Double"
"0","Exchange/DataCenterDemo/Site1/DataHall2/Section2/PDU/PDU2A/Outlet/Outlet1/RmsCurrent","random(10.0, 30.0, true)","Double"
"0","Exchange/DataCenterDemo/Site1/DataHall1/Section4/PDU/PDU1B/Outlet/Outlet4/RmsCurrent","random(10.0, 30.0, true)","Double"
"0","Exchange/DataCenterDemo/Site1/DataHall1/Section2/PQM/PQM2B/Voltage/VoltageBN","cosine(276.0, 278.0, 98.197, true)","Double"
"0","Exchange/DataCenterDemo/Site1/DataHall2/Section2/Heatmap/Aisle1/Sensor1/Humidity","cosine(46.0, 48.0, 106.336, true)","Double"
"0","Exchange/DataCenterDemo/Site1/DataHall2/Section3/PDU/PDU6A/Outlet/Outlet9/RmsCurrent","random(10.0, 30.0, true)","Double"
"0","Exchange/DataCenterDemo/Site1/DataHall1/Section3/PDU/PDU10B/Outlet/Outlet5/RmsCurrent","random(10.0, 30.0, true)","Double"
"0","Exchange/DataCenterDemo/Site1/DataHall2/Section1/PQM/PQM2B/Voltage/VoltageBC","cosine(478.0, 481.0, 108.878, true)","Double"
"0","Exchange/DataCenterDemo/Site1/DataHall1/Section2/PQM/PQM2B/Current/CurrentB","random(3750.0, 4100.0, true)","Double"
"0","Exchange/DataCenterDemo/Site1/DataHall2/Section1/PQM/PQM1A/PQ/ThdVoltageAN","3.3","Double"
"0","Exchange/DataCenterDemo/Site1/DataHall1/Section2/PQM/PQM2B/Current/CurrentC","random(3750.0, 4100.0, true)","Double"
"0","Exchange/DataCenterDemo/Site1/DataHall2/Section4/PDU/PDU11B/Outlet/Outlet7/RmsCurrent","random(10.0, 30.0, true)","Double"
"0","Exchange/DataCenterDemo/Site1/DataHall2/Section1/Heatmap/Aisle7/Sensor1/Temperature","random(18.0, 23.9, true)","Double"
"0","Exchange/DataCenterDemo/Site1/DataHall2/Section3/PDU/PDU2A/Outlet/Outlet10/RmsCurrent","random(10.0, 30.0, true)","Double"
"0","Exchange/DataCenterDemo/Site1/DataHall1/Section3/AHU/AHU6/Status/IsAhuRunning","1.0","Double"
"0","Exchange/DataCenterDemo/Site1/DataHall2/Section3/Heatmap/Aisle12/Sensor2/Humidity","cosine(42.0, 44.0, 93.596, true)","Double"
"0","Exchange/DataCenterDemo/Site1/DataHall2/Section2/PDU/PDU7A/Outlet/Outlet8/RmsCurrent","random(10.0, 30.0, true)","Double"
"0","Exchange/DataCenterDemo/Site1/DataHall1/Section2/PQM/PQM2B/Current/CurrentA","random(3750.0, 4100.0, true)","Double"
"0","Exchange/DataCenterDemo/Site1/DataHall1/Section4/PDU/PDU6B/Outlet/Outlet16/RmsCurrent","random(10.0, 30.0, true)","Double"
"0","Exchange/DataCenterDemo/Site1/DataHall1/Section3/PDU/PDU8B/Outlet/Outlet10/RmsCurrent","random(10.0, 30.0, true)","Double"
"0","Exchange/DataCenterDemo/Site1/DataHall1/Section4/UPS/UPS1B/Input/SystemInputCurrentC","random(1600.0, 1900.0, true)","Double"
"0","Exchange/DataCenterDemo/Site1/DataHall1/Section4/UPS/UPS1B/Input/SystemInputCurrentB","random(1600.0, 1900.0, true)","Double"
"0","Exchange/DataCenterDemo/Site1/DataHall1/Section2/PQM/PQM2B/Voltage/VoltageCA","cosine(478.0, 481.0, 107.303, true)","Double"
"0","Exchange/DataCenterDemo/Site1/DataHall1/Section4/UPS/UPS1B/Input/SystemInputCurrentA","random(1600.0, 1900.0, true)","Double"
"0","Exchange/DataCenterDemo/Site1/DataHall2/Section1/PQM/PQM2B/Voltage/VoltageAN","cosine(276.0, 278.0, 108.669, true)","Double"
"0","Exchange/DataCenterDemo/Site1/DataHall2/Section4/PDU/PDU7A/Outlet/Outlet11/RmsCurrent","random(10.0, 30.0, true)","Double"
"0","Exchange/DataCenterDemo/Site1/DataHall1/Section4/AHU/AHU6/Status/IsAhuRunning","1.0","Double"
"0","Exchange/DataCenterDemo/Site1/DataHall1/Section1/PDU/PDU11B/Outlet/Outlet5/RmsCurrent","random(10.0, 30.0, true)","Double"
"0","Exchange/DataCenterDemo/Site1/DataHall1/Section2/UPS/UPS2A/Output/SystemOutputVoltageCA","random(480.0, 480.5, true)","Double"
"0","Exchange/DataCenterDemo/Site1/DataHall2/Section3/PDU/PDU3B/Outlet/Outlet8/RmsCurrent","random(10.0, 30.0, true)","Double"
"0","Exchange/DataCenterDemo/Site1/DataHall2/Section3/PDU/PDU7A/Outlet/Outlet5/RmsCurrent","random(10.0, 30.0, true)","Double"
"0","Exchange/DataCenterDemo/Site1/DataHall2/Section4/PDU/PDU1B/Outlet/Outlet1/RmsCurrent","random(10.0, 30.0, true)","Double"
"0","Exchange/DataCenterDemo/Site1/DataHall1/Section2/PQM/PQM2B/Voltage/VoltageAN","cosine(276.0, 278.0, 91.806, true)","Double"
"0","Exchange/DataCenterDemo/Site1/DataHall1/Section4/AHU/AHU7/Temperature/ReturnAirTemperature","sine(30.0, 34.0, 218.293, true)","Double"
"0","Exchange/DataCenterDemo/Site1/DataHall2/Section1/PQM/PQM2B/Voltage/VoltageAB","cosine(478.0, 481.0, 100.489, true)","Double"
"0","Exchange/DataCenterDemo/Site1/DataHall2/Section2/PDU/PDU3A/Outlet/Outlet10/RmsCurrent","random(10.0, 30.0, true)","Double"
"0","Exchange/DataCenterDemo/Site1/DataHall1/Section2/PDU/PDU11B/Outlet/Outlet3/RmsCurrent","random(10.0, 30.0, true)","Double"
"0","Exchange/DataCenterDemo/Site1/DataHall2/Section3/PDU/PDU12B/Outlet/Outlet5/RmsCurrent","random(10.0, 30.0, true)","Double"
"0","Exchange/DataCenterDemo/Site1/DataHall1/Section2/PQM/PQM2B/Voltage/VoltageBC","cosine(478.0, 481.0, 90.749, true)","Double"
"0","Exchange/DataCenterDemo/Site1/DataHall1/Section4/PDU/PDU7B/Outlet/Outlet10/RmsCurrent","random(10.0, 30.0, true)","Double"
"0","Exchange/DataCenterDemo/Site1/DataHall2/Section3/PDU/PDU2A/Outlet/Outlet2/RmsCurrent","random(10.0, 30.0, true)","Double"
"0","Exchange/DataCenterDemo/Site1/DataHall1/Section3/PDU/PDU7B/Outlet/Outlet16/RmsCurrent","random(10.0, 30.0, true)","Double"
"0","Exchange/DataCenterDemo/Site1/DataHall1/Section3/Heatmap/Aisle6/Sensor2/Humidity","cosine(42.0, 44.0, 90.748, true)","Double"
"0","Exchange/DataCenterDemo/Site1/DataHall1/Section3/PDU/PDU2B/Outlet/Outlet3/RmsCurrent","random(10.0, 30.0, true)","Double"
"0","Exchange/DataCenterDemo/Site1/DataHall2/Section3/PDU/PDU8A/Outlet/Outlet11/RmsCurrent","random(10.0, 30.0, true)","Double"
"0","Exchange/DataCenterDemo/Site1/DataHall1/Section2/PDU/PDU10B/Outlet/Outlet7/RmsCurrent","random(10.0, 30.0, true)","Double"
"0","Exchange/DataCenterDemo/Site1/DataHall1/Section2/UPS/UPS2A/Output/SystemOutputVoltageBC","random(480.0, 480.5, true)","Double"
"0","Exchange/DataCenterDemo/Site1/DataHall1/Section2/PDU/PDU4A/Outlet/Outlet8/RmsCurrent","random(10.0, 30.0, true)","Double"
"0","Exchange/DataCenterDemo/Site1/DataHall2/Section3/AHU/AHU4/Temperature/MixedAirTemperature","cosine(14.0, 16.0, 108.795, true)","Double"
"0","Exchange/DataCenterDemo/Site1/DataHall1/Section3/AHU/AHU7/Temperature/MixedAirTemperature","cosine(14.0, 16.0, 101.366, true)","Double"
"0","Exchange/DataCenterDemo/Site1/DataHall2/Section2/PDU/PDU9A/Outlet/Outlet11/RmsCurrent","random(10.0, 30.0, true)","Double"
"0","Exchange/DataCenterDemo/Site1/DataHall1/Section3/PDU/PDU9B/Outlet/Outlet2/RmsCurrent","random(10.0, 30.0, true)","Double"
"0","Exchange/DataCenterDemo/Site1/DataHall2/Section1/UPS/UPS1B/Input/SystemInputPowerFactor","random(0.95, 0.98, true)","Double"
"0","Exchange/DataCenterDemo/Site1/DataHall2/Section3/PDU/PDU9A/Outlet/Outlet1/RmsCurrent","random(10.0, 30.0, true)","Double"
"0","Exchange/DataCenterDemo/Site1/DataHall1/Section4/PDU/PDU7B/Outlet/Outlet14/RmsCurrent","random(10.0, 30.0, true)","Double"
"0","Exchange/DataCenterDemo/Site1/DataHall2/Section3/PDU/PDU1A/Outlet/Outlet6/RmsCurrent","random(10.0, 30.0, true)","Double"
"0","Exchange/DataCenterDemo/Site1/DataHall1/Section4/PDU/PDU8A/Outlet/Outlet16/RmsCurrent","random(10.0, 30.0, true)","Double"
"0","Exchange/DataCenterDemo/Site1/DataHall1/Section3/PQM/PQM1A/Voltage/VoltageBC","cosine(478.0, 481.0, 109.975, true)","Double"
"0","Exchange/DataCenterDemo/Site1/DataHall2/Section2/PQM/PQM1A/Voltage/VoltageAB","cosine(478.0, 481.0, 103.997, true)","Double"
"0","Exchange/DataCenterDemo/Site1/DataHall1/Section4/UPS/UPS1B/Output/SystemOutputCurrentA","random(1500.0, 1800.0, true)","Double"
"0","Exchange/DataCenterDemo/Site1/DataHall1/Section4/UPS/UPS1B/Output/SystemOutputCurrentB","random(1500.0, 1800.0, true)","Double"
"0","Exchange/DataCenterDemo/Site1/DataHall2/Section1/PQM/PQM2B/Voltage/VoltageCN","cosine(276.0, 278.0, 90.561, true)","Double"
"0","Exchange/DataCenterDemo/Site1/DataHall2/Section2/Heatmap/Aisle12/Sensor3/Humidity","cosine(42.0, 44.0, 110.0, true)","Double"
"0","Exchange/DataCenterDemo/Site1/DataHall1/Section4/UPS/UPS1B/Output/SystemOutputCurrentC","random(1500.0, 1800.0, true)","Double"
"0","Exchange/DataCenterDemo/Site1/DataHall2/Section1/PDU/PDU4A/Outlet/Outlet4/RmsCurrent","random(10.0, 30.0, true)","Double"
"0","Exchange/DataCenterDemo/Site1/DataHall1/Section3/PDU/PDU1B/Outlet/Outlet7/RmsCurrent","random(10.0, 30.0, true)","Double"
"0","Exchange/DataCenterDemo/Site1/DataHall1/Section3/PDU/PDU7B/Outlet/Outlet6/RmsCurrent","random(10.0, 30.0, true)","Double"
"0","Exchange/DataCenterDemo/Site1/DataHall1/Section2/PDU/PDU8B/Outlet/Outlet16/RmsCurrent","random(10.0, 30.0, true)","Double"
"0","Exchange/DataCenterDemo/Site1/DataHall2/Section3/PDU/PDU11B/Outlet/Outlet16/RmsCurrent","random(10.0, 30.0, true)","Double"
"0","Exchange/DataCenterDemo/Site1/DataHall1/Section3/PQM/PQM1A/Voltage/VoltageAN","cosine(276.0, 278.0, 104.796, true)","Double"
"0","Exchange/DataCenterDemo/Site1/DataHall1/Section1/PDU/PDU5B/Outlet/Outlet1/RmsCurrent","random(10.0, 30.0, true)","Double"
"0","Exchange/DataCenterDemo/Site1/DataHall1/Section2/UPS/UPS2A/Output/SystemOutputVoltageAB","random(480.0, 480.5, true)","Double"
"0","Exchange/DataCenterDemo/Site1/DataHall2/Section1/AHU/AHU1/Fan/FanSpeedCommand","square(70.0, 100.0, 99.516, true)","Double"
"0","Exchange/DataCenterDemo/Site1/DataHall2/Section4/Heatmap/Aisle13/Sensor1/Temperature","random(18.0, 23.9, true)","Double"
"0","Exchange/DataCenterDemo/Site1/DataHall1/Section1/PDU/PDU9B/Outlet/Outlet16/RmsCurrent","random(10.0, 30.0, true)","Double"
"0","Exchange/DataCenterDemo/Site1/DataHall2/Section1/PQM/PQM2B/Voltage/VoltageCA","cosine(478.0, 481.0, 92.121, true)","Double"
"0","Exchange/DataCenterDemo/Site1/DataHall1/Section2/PQM/PQM2B/Voltage/VoltageCN","cosine(276.0, 278.0, 109.694, true)","Double"
"0","Exchange/DataCenterDemo/Site1/DataHall1/Section3/PDU/PDU12A/Outlet/Outlet14/RmsCurrent","random(10.0, 30.0, true)","Double"
"0","Exchange/DataCenterDemo/Site1/DataHall1/Section3/PDU/PDU8B/Outlet/Outlet14/RmsCurrent","random(10.0, 30.0, true)","Double"
"0","Exchange/DataCenterDemo/Site1/DataHall2/Section1/Heatmap/Aisle10/Sensor2/Humidity","cosine(42.0, 44.0, 108.341, true)","Double"
"0","Exchange/DataCenterDemo/Site1/DataHall1/Section2/Heatmap/Aisle8/Sensor3/Temperature","random(38.0, 43.9, true)","Double"
"0","Exchange/DataCenterDemo/Site1/DataHall1/Section3/PQM/PQM1A/Voltage/VoltageAB","cosine(478.0, 481.0, 95.207, true)","Double"
"0","Exchange/DataCenterDemo/Site1/DataHall2/Section2/Heatmap/Aisle9/Sensor3/Humidity","cosine(46.0, 48.0, 106.601, true)","Double"
"0","Exchange/DataCenterDemo/Site1/DataHall1/Section1/Breaker/Breaker5A/Metering/CurrentC","random(4300.0, 5800.0, true)","Double"
"0","Exchange/DataCenterDemo/Site1/DataHall2/Section1/PDU/PDU10A/Outlet/Outlet7/RmsCurrent","random(10.0, 30.0, true)","Double"
"0","Exchange/DataCenterDemo/Site1/DataHall2/Section1/PDU/PDU4A/Outlet/Outlet10/RmsCurrent","random(10.0, 30.0, true)","Double"
"0","Exchange/DataCenterDemo/Site1/DataHall1/Section1/Breaker/Breaker5A/Metering/CurrentA","random(4300.0, 5800.0, true)","Double"
"0","Exchange/DataCenterDemo/Site1/DataHall1/Section1/Breaker/Breaker5A/Metering/CurrentB","random(4300.0, 5800.0, true)","Double"
"0","Exchange/DataCenterDemo/Site1/DataHall1/Section3/Heatmap/Aisle10/Sensor3/Humidity","cosine(42.0, 44.0, 91.121, true)","Double"
"0","Exchange/DataCenterDemo/Site1/DataHall1/Section1/PDU/PDU4B/Outlet/Outlet5/RmsCurrent","random(10.0, 30.0, true)","Double"
"0","Exchange/DataCenterDemo/Site1/DataHall2/Section1/PQM/PQM2B/Voltage/VoltageBN","cosine(276.0, 278.0, 100.925, true)","Double"
"0","Exchange/DataCenterDemo/Site1/DataHall1/Section4/Breaker/Breaker1A/Metering/VoltageMeanLL","random(470.0, 490.0, true)","Double"
"0","Exchange/DataCenterDemo/Site1/DataHall2/Section4/PDU/PDU10A/Outlet/Outlet10/RmsCurrent","random(10.0, 30.0, true)","Double"
"0","Exchange/DataCenterDemo/Site1/DataHall1/Section1/PDU/PDU10A/Outlet/Outlet3/RmsCurrent","random(10.0, 30.0, true)","Double"
"0","Exchange/DataCenterDemo/Site1/DataHall2/Section4/PDU/PDU12B/Outlet/Outlet3/RmsCurrent","random(10.0, 30.0, true)","Double"
"0","Exchange/DataCenterDemo/Site1/DataHall1/Section3/PDU/PDU1B/Outlet/Outlet6/RmsCurrent","random(10.0, 30.0, true)","Double"
"0","Exchange/DataCenterDemo/Site1/DataHall2/Section3/AHU/AHU7/Temperature/MixedAirTemperature","cosine(14.0, 16.0, 91.201, true)","Double"
"0","Exchange/DataCenterDemo/Site1/DataHall1/Section2/PDU/PDU11A/Outlet/Outlet6/RmsCurrent","random(10.0, 30.0, true)","Double"
"0","Exchange/DataCenterDemo/Site1/DataHall1/Section1/Heatmap/Aisle7/Sensor1/Humidity","cosine(46.0, 48.0, 97.935, true)","Double"
"0","Exchange/DataCenterDemo/Site1/DataHall2/Section2/PDU/PDU10B/Outlet/Outlet5/RmsCurrent","random(10.0, 30.0, true)","Double"
"0","Exchange/DataCenterDemo/Site1/DataHall2/Section3/PDU/PDU7A/Outlet/Outlet6/RmsCurrent","random(10.0, 30.0, true)","Double"
"0","Exchange/DataCenterDemo/Site1/DataHall1/Section3/PDU/PDU1A/Outlet/Outlet8/RmsCurrent","random(10.0, 30.0, true)","Double"
"0","Exchange/DataCenterDemo/Site1/DataHall1/Section1/AHU/AHU2/Temperature/SupplyAirTemperature","sine(21.0, 22.0, 92.638, true)","Double"
"0","Exchange/DataCenterDemo/Site1/DataHall2/Section2/PDU/PDU1B/Outlet/Outlet1/RmsCurrent","random(10.0, 30.0, true)","Double"
"0","Exchange/DataCenterDemo/Site1/DataHall1/Section1/PDU/PDU12B/Outlet/Outlet2/RmsCurrent","random(10.0, 30.0, true)","Double"
"0","Exchange/DataCenterDemo/Site1/DataHall1/Section1/Heatmap/Aisle4/Sensor2/Humidity","cosine(42.0, 44.0, 104.794, true)","Double"
"0","Exchange/DataCenterDemo/Site1/DataHall1/Section1/PDU/PDU5A/Outlet/Outlet9/RmsCurrent","random(10.0, 30.0, true)","Double"
"0","Exchange/DataCenterDemo/Site1/DataHall1/Section3/UPS/UPS2B/Input/SystemInputCurrentC","random(1600.0, 1900.0, true)","Double"
"0","Exchange/DataCenterDemo/Site1/DataHall2/Section3/PDU/PDU7B/Outlet/Outlet4/RmsCurrent","random(10.0, 30.0, true)","Double"
"0","Exchange/DataCenterDemo/Site1/DataHall1/Section3/PDU/PDU10B/Outlet/Outlet6/RmsCurrent","random(10.0, 30.0, true)","Double"
"0","Exchange/DataCenterDemo/Site1/DataHall1/Section3/AHU/AHU7/Temperature/ReturnAirTemperature","sine(30.0, 34.0, 184.805, true)","Double"
"0","Exchange/DataCenterDemo/Site1/DataHall1/Section1/PDU/PDU2B/Outlet/Outlet15/RmsCurrent","random(10.0, 30.0, true)","Double"
"0","Exchange/DataCenterDemo/Site1/DataHall1/Section3/PDU/PDU9A/Outlet/Outlet16/RmsCurrent","random(10.0, 30.0, true)","Double"
"0","Exchange/DataCenterDemo/Site1/DataHall1/Section1/PDU/PDU11A/Outlet/Outlet15/RmsCurrent","random(10.0, 30.0, true)","Double"
"0","Exchange/DataCenterDemo/Site1/DataHall1/Section3/UPS/UPS2B/Input/SystemInputCurrentB","random(1600.0, 1900.0, true)","Double"
"0","Exchange/DataCenterDemo/Site1/DataHall2/Section2/PQM/PQM2A/Freq/Frequency","ramp(59.7, 60.3, 0.933, true)","Double"
"0","Exchange/DataCenterDemo/Site1/DataHall1/Section3/UPS/UPS2B/Input/SystemInputCurrentA","random(1600.0, 1900.0, true)","Double"
"0","Exchange/DataCenterDemo/Site1/DataHall1/Section2/PDU/PDU9B/Outlet/Outlet14/RmsCurrent","random(10.0, 30.0, true)","Double"
"0","Exchange/DataCenterDemo/Site1/DataHall2/Section4/Breaker/Breaker1A/Metering/VoltageMeanLL","random(470.0, 490.0, true)","Double"
"0","Exchange/DataCenterDemo/Site1/DataHall1/Section3/PDU/PDU10A/Outlet/Outlet8/RmsCurrent","random(10.0, 30.0, true)","Double"
"0","Exchange/DataCenterDemo/Site1/DataHall2/Section3/Heatmap/Aisle13/Sensor1/Humidity","cosine(46.0, 48.0, 109.998, true)","Double"
"0","Exchange/DataCenterDemo/Site1/DataHall2/Section2/AHU/AHU1/Fan/FanSpeedCommand","square(70.0, 100.0, 91.202, true)","Double"
"0","Exchange/DataCenterDemo/Site1/DataHall2/Section4/PDU/PDU9B/Outlet/Outlet12/RmsCurrent","random(10.0, 30.0, true)","Double"
"0","Exchange/DataCenterDemo/Site1/DataHall1/Section4/PDU/PDU7B/Outlet/Outlet9/RmsCurrent","random(10.0, 30.0, true)","Double"
"0","Exchange/DataCenterDemo/Site1/DataHall2/Section3/Breaker/Breaker4B/Metering/VoltageMeanLL","random(470.0, 490.0, true)","Double"
"0","Exchange/DataCenterDemo/Site1/DataHall1/Section2/PDU/PDU11B/Outlet/Outlet4/RmsCurrent","random(10.0, 30.0, true)","Double"
"0","Exchange/DataCenterDemo/Site1/DataHall1/Section2/Heatmap/Aisle5/Sensor2/Humidity","cosine(46.0, 48.0, 103.342, true)","Double"
"0","Exchange/DataCenterDemo/Site1/DataHall2/Section1/PQM/PQM2B/Current/CurrentC","random(3750.0, 4100.0, true)","Double"
"0","Exchange/DataCenterDemo/Site1/DataHall2/Section1/PQM/PQM2B/Current/CurrentB","random(3750.0, 4100.0, true)","Double"
"0","Exchange/DataCenterDemo/Site1/DataHall1/Section4/PDU/PDU6B/Outlet/Outlet1/RmsCurrent","random(10.0, 30.0, true)","Double"
"0","Exchange/DataCenterDemo/Site1/DataHall2/Section1/PQM/PQM2B/Current/CurrentA","random(3750.0, 4100.0, true)","Double"
"0","Exchange/DataCenterDemo/Site1/DataHall2/Section3/PDU/PDU12A/Outlet/Outlet13/RmsCurrent","random(10.0, 30.0, true)","Double"
"0","Exchange/DataCenterDemo/Site1/DataHall1/Section3/PDU/PDU9A/Outlet/Outlet11/RmsCurrent","random(10.0, 30.0, true)","Double"
"0","Exchange/DataCenterDemo/Site1/DataHall2/Section4/PDU/PDU7A/Outlet/Outlet10/RmsCurrent","random(10.0, 30.0, true)","Double"
"0","Exchange/DataCenterDemo/Site1/DataHall1/Section3/Heatmap/Aisle12/Sensor1/Temperature","random(38.0, 43.9, true)","Double"
"0","Exchange/DataCenterDemo/Site1/DataHall2/Section2/PQM/PQM2B/PQ/ThdVoltageAN","3.3","Double"
"0","Exchange/DataCenterDemo/Site1/DataHall1/Section3/Heatmap/Aisle7/Sensor1/Temperature","random(18.0, 23.9, true)","Double"
"0","Exchange/DataCenterDemo/Site1/DataHall1/Section1/AHU/AHU7/Fan/FanSpeedCommand","square(70.0, 100.0, 101.016, true)","Double"
"0","Exchange/DataCenterDemo/Site1/DataHall1/Section2/PDU/PDU1B/Outlet/Outlet15/RmsCurrent","random(10.0, 30.0, true)","Double"
"0","Exchange/DataCenterDemo/Site1/DataHall1/Section3/PDU/PDU5A/Outlet/Outlet9/RmsCurrent","random(10.0, 30.0, true)","Double"
"0","Exchange/DataCenterDemo/Site1/DataHall1/Section4/PDU/PDU6A/Outlet/Outlet3/RmsCurrent","random(10.0, 30.0, true)","Double"
"0","Exchange/DataCenterDemo/Site1/DataHall1/Section2/PDU/PDU7A/Outlet/Outlet1/RmsCurrent","random(10.0, 30.0, true)","Double"
"0","Exchange/DataCenterDemo/Site1/DataHall2/Section1/PDU/PDU7A/Outlet/Outlet6/RmsCurrent","random(10.0, 30.0, true)","Double"
"0","Exchange/DataCenterDemo/Site1/DataHall2/Section2/PDU/PDU1A/Outlet/Outlet11/RmsCurrent","random(10.0, 30.0, true)","Double"
"0","Exchange/DataCenterDemo/Site1/DataHall1/Section4/PDU/PDU8A/Outlet/Outlet11/RmsCurrent","random(10.0, 30.0, true)","Double"
"0","Exchange/DataCenterDemo/Site1/DataHall2/Section1/PDU/PDU8B/Outlet/Outlet2/RmsCurrent","random(10.0, 30.0, true)","Double"
"0","Exchange/DataCenterDemo/Site1/DataHall2/Section1/PDU/PDU11B/Outlet/Outlet16/RmsCurrent","random(10.0, 30.0, true)","Double"
"0","Exchange/DataCenterDemo/Site1/DataHall2/Section2/PDU/PDU1A/Outlet/Outlet3/RmsCurrent","random(10.0, 30.0, true)","Double"
"0","Exchange/DataCenterDemo/Site1/DataHall2/Section4/PDU/PDU2B/Outlet/Outlet9/RmsCurrent","random(10.0, 30.0, true)","Double"
"0","Exchange/DataCenterDemo/Site1/DataHall1/Section4/Breaker/Breaker4A/Metering/VoltageMeanLL","random(470.0, 490.0, true)","Double"
"0","Exchange/DataCenterDemo/Site1/DataHall1/Section1/PDU/PDU12A/Outlet/Outlet4/RmsCurrent","random(10.0, 30.0, true)","Double"
"0","Exchange/DataCenterDemo/Site1/DataHall2/Section4/PDU/PDU5A/Outlet/Outlet2/RmsCurrent","random(10.0, 30.0, true)","Double"
"0","Exchange/DataCenterDemo/Site1/DataHall2/Section1/Heatmap/Aisle8/Sensor3/Temperature","random(38.0, 43.9, true)","Double"
"0","Exchange/DataCenterDemo/Site1/DataHall1/Section3/PDU/PDU10B/Outlet/Outlet13/RmsCurrent","random(10.0, 30.0, true)","Double"
"0","Exchange/DataCenterDemo/Site1/DataHall2/Section3/Heatmap/Aisle7/Sensor2/Temperature","random(18.0, 23.9, true)","Double"
"0","Exchange/DataCenterDemo/Site1/DataHall2/Section1/PDU/PDU7B/Outlet/Outlet4/RmsCurrent","random(10.0, 30.0, true)","Double"
"0","Exchange/DataCenterDemo/Site1/DataHall2/Section1/PDU/PDU8A/Outlet/Outlet12/RmsCurrent","random(10.0, 30.0, true)","Double"
"0","Exchange/DataCenterDemo/Site1/DataHall2/Section4/PDU/PDU9B/Outlet/Outlet6/RmsCurrent","random(10.0, 30.0, true)","Double"
"0","Exchange/DataCenterDemo/Site1/DataHall2/Section1/PDU/PDU2A/Outlet/Outlet11/RmsCurrent","random(10.0, 30.0, true)","Double"
"0","Exchange/DataCenterDemo/Site1/DataHall2/Section3/PDU/PDU4B/Outlet/Outlet16/RmsCurrent","random(10.0, 30.0, true)","Double"
"0","Exchange/DataCenterDemo/Site1/DataHall1/Section4/PDU/PDU4B/Outlet/Outlet6/RmsCurrent","random(10.0, 30.0, true)","Double"
"0","Exchange/DataCenterDemo/Site1/DataHall2/Section3/PDU/PDU4A/Outlet/Outlet8/RmsCurrent","random(10.0, 30.0, true)","Double"
"0","Exchange/DataCenterDemo/Site1/DataHall2/Section1/PDU/PDU5B/Outlet/Outlet9/RmsCurrent","random(10.0, 30.0, true)","Double"
"0","Exchange/DataCenterDemo/Site1/DataHall1/Section4/Heatmap/Aisle2/Sensor2/Humidity","cosine(42.0, 44.0, 97.077, true)","Double"
"0","Exchange/DataCenterDemo/Site1/DataHall1/Section1/PDU/PDU2B/Outlet/Outlet4/RmsCurrent","random(10.0, 30.0, true)","Double"
"0","Exchange/DataCenterDemo/Site1/DataHall1/Section1/PDU/PDU8B/Outlet/Outlet5/RmsCurrent","random(10.0, 30.0, true)","Double"
"0","Exchange/DataCenterDemo/Site1/DataHall1/Section2/PDU/PDU6A/Outlet/Outlet3/RmsCurrent","random(10.0, 30.0, true)","Double"
"0","Exchange/DataCenterDemo/Site1/DataHall2/Section2/PDU/PDU4A/Outlet/Outlet6/RmsCurrent","random(10.0, 30.0, true)","Double"
"0","Exchange/DataCenterDemo/Site1/DataHall2/Section4/PDU/PDU10A/Outlet/Outlet15/RmsCurrent","random(10.0, 30.0, true)","Double"
"0","Exchange/DataCenterDemo/Site1/DataHall2/Section3/PDU/PDU4B/Outlet/Outlet1/RmsCurrent","random(10.0, 30.0, true)","Double"
"0","Exchange/DataCenterDemo/Site1/DataHall2/Section2/PDU/PDU9A/Outlet/Outlet10/RmsCurrent","random(10.0, 30.0, true)","Double"
"0","Exchange/DataCenterDemo/Site1/DataHall1/Section1/PDU/PDU2A/Outlet/Outlet6/RmsCurrent","random(10.0, 30.0, true)","Double"
"0","Exchange/DataCenterDemo/Site1/DataHall2/Section3/AHU/AHU2/Temperature/SupplyAirTemperature","sine(21.0, 22.0, 104.869, true)","Double"
"0","Exchange/DataCenterDemo/Site1/DataHall2/Section3/PDU/PDU12B/Outlet/Outlet11/RmsCurrent","random(10.0, 30.0, true)","Double"
"0","Exchange/DataCenterDemo/Site1/DataHall2/Section1/PDU/PDU8A/Outlet/Outlet4/RmsCurrent","random(10.0, 30.0, true)","Double"
"0","Exchange/DataCenterDemo/Site1/DataHall1/Section3/AHU/AHU4/Fan/FanSpeedCommand","square(70.0, 100.0, 100.043, true)","Double"
"0","Exchange/DataCenterDemo/Site1/DataHall1/Section3/Heatmap/Aisle13/Sensor2/Humidity","cosine(46.0, 48.0, 107.179, true)","Double"
"0","Exchange/DataCenterDemo/Site1/DataHall2/Section1/Heatmap/Aisle3/Sensor1/Humidity","cosine(46.0, 48.0, 108.437, true)","Double"
"0","Exchange/DataCenterDemo/Site1/DataHall2/Section4/PDU/PDU3B/Outlet/Outlet16/RmsCurrent","random(10.0, 30.0, true)","Double"
"0","Exchange/DataCenterDemo/Site1/DataHall2/Section2/PDU/PDU4B/Outlet/Outlet4/RmsCurrent","random(10.0, 30.0, true)","Double"
"0","Exchange/DataCenterDemo/Site1/DataHall2/Section1/AHU/AHU1/Status/IsAhuRunning","1.0","Double"
"0","Exchange/DataCenterDemo/Site1/DataHall2/Section3/PDU/PDU4A/Outlet/Outlet3/RmsCurrent","random(10.0, 30.0, true)","Double"
"0","Exchange/DataCenterDemo/Site1/DataHall1/Section3/PDU/PDU11A/Outlet/Outlet15/RmsCurrent","random(10.0, 30.0, true)","Double"
"0","Exchange/DataCenterDemo/Site1/DataHall1/Section2/PDU/PDU8B/Outlet/Outlet2/RmsCurrent","random(10.0, 30.0, true)","Double"
"0","Exchange/DataCenterDemo/Site1/DataHall1/Section3/PDU/PDU4B/Outlet/Outlet4/RmsCurrent","random(10.0, 30.0, true)","Double"
"0","Exchange/DataCenterDemo/Site1/DataHall2/Section3/Heatmap/Aisle11/Sensor3/Temperature","random(18.0, 23.9, true)","Double"
"0","Exchange/DataCenterDemo/Site1/DataHall1/Section1/PDU/PDU8A/Outlet/Outlet7/RmsCurrent","random(10.0, 30.0, true)","Double"
"0","Exchange/DataCenterDemo/Site1/DataHall2/Section1/PDU/PDU2B/Outlet/Outlet7/RmsCurrent","random(10.0, 30.0, true)","Double"
"0","Exchange/DataCenterDemo/Site1/DataHall2/Section3/PDU/PDU8A/Outlet/Outlet10/RmsCurrent","random(10.0, 30.0, true)","Double"
"0","Exchange/DataCenterDemo/Site1/DataHall1/Section2/PDU/PDU6B/Outlet/Outlet1/RmsCurrent","random(10.0, 30.0, true)","Double"
"0","Exchange/DataCenterDemo/Site1/DataHall1/Section3/PDU/PDU11B/Outlet/Outlet13/RmsCurrent","random(10.0, 30.0, true)","Double"
"0","Exchange/DataCenterDemo/Site1/DataHall1/Section3/Breaker/Breaker3B/Metering/VoltageMeanLL","random(470.0, 490.0, true)","Double"
"0","Exchange/DataCenterDemo/Site1/DataHall1/Section4/AHU/AHU6/Fan/FanSpeedCommand","square(70.0, 100.0, 105.55, true)","Double"
"0","Exchange/DataCenterDemo/Site1/DataHall1/Section1/PDU/PDU12A/Outlet/Outlet9/RmsCurrent","random(10.0, 30.0, true)","Double"
"0","Exchange/DataCenterDemo/Site1/DataHall2/Section3/PDU/PDU3B/Outlet/Outlet3/RmsCurrent","random(10.0, 30.0, true)","Double"
"0","Exchange/DataCenterDemo/Site1/DataHall2/Section4/PDU/PDU4A/Outlet/Outlet13/RmsCurrent","random(10.0, 30.0, true)","Double"
"0","Exchange/DataCenterDemo/Site1/DataHall2/Section3/PDU/PDU11B/Outlet/Outlet11/RmsCurrent","random(10.0, 30.0, true)","Double"
"0","Exchange/DataCenterDemo/Site1/DataHall2/Section1/PDU/PDU4B/Outlet/Outlet1/RmsCurrent","random(10.0, 30.0, true)","Double"
"0","Exchange/DataCenterDemo/Site1/DataHall2/Section4/PDU/PDU8A/Outlet/Outlet5/RmsCurrent","random(10.0, 30.0, true)","Double"
"0","Exchange/DataCenterDemo/Site1/DataHall1/Section4/PDU/PDU11A/Outlet/Outlet4/RmsCurrent","random(10.0, 30.0, true)","Double"
"0","Exchange/DataCenterDemo/Site1/DataHall1/Section2/AHU/AHU4/Status/IsAhuRunning","1.0","Double"
"0","Exchange/DataCenterDemo/Site1/DataHall1/Section2/PDU/PDU10A/Outlet/Outlet11/RmsCurrent","random(10.0, 30.0, true)","Double"
"0","Exchange/DataCenterDemo/Site1/DataHall2/Section1/Heatmap/Aisle3/Sensor2/Temperature","random(18.0, 23.9, true)","Double"
"0","Exchange/DataCenterDemo/Site1/DataHall1/Section3/PDU/PDU2B/Outlet/Outlet4/RmsCurrent","random(10.0, 30.0, true)","Double"
"0","Exchange/DataCenterDemo/Site1/DataHall1/Section4/AHU/AHU7/Fan/SupplyAirStaticPressure","cosine(210.0, 225.0, 91.515, true)","Double"
"0","Exchange/DataCenterDemo/Site1/DataHall2/Section1/PDU/PDU4A/Outlet/Outlet3/RmsCurrent","random(10.0, 30.0, true)","Double"
"0","Exchange/DataCenterDemo/Site1/DataHall1/Section1/Heatmap/Aisle8/Sensor3/Humidity","cosine(42.0, 44.0, 96.409, true)","Double"
"0","Exchange/DataCenterDemo/Site1/DataHall2/Section3/PDU/PDU6A/Outlet/Outlet8/RmsCurrent","random(10.0, 30.0, true)","Double"
"0","Exchange/DataCenterDemo/Site1/DataHall1/Section1/Heatmap/Aisle4/Sensor1/Temperature","random(38.0, 43.9, true)","Double"
"0","Exchange/DataCenterDemo/Site1/DataHall1/Section3/PQM/PQM2B/PQ/ThdVoltageAN","3.3","Double"
"0","Exchange/DataCenterDemo/Site1/DataHall1/Section3/PDU/PDU2A/Outlet/Outlet6/RmsCurrent","random(10.0, 30.0, true)","Double"
"0","Exchange/DataCenterDemo/Site1/DataHall1/Section1/PDU/PDU4B/Outlet/Outlet4/RmsCurrent","random(10.0, 30.0, true)","Double"
"0","Exchange/DataCenterDemo/Site1/DataHall2/Section3/PDU/PDU5A/Outlet/Outlet13/RmsCurrent","random(10.0, 30.0, true)","Double"
"0","Exchange/DataCenterDemo/Site1/DataHall2/Section3/Heatmap/Aisle2/Sensor1/Temperature","random(38.0, 43.9, true)","Double"
"0","Exchange/DataCenterDemo/Site1/DataHall1/Section1/PDU/PDU10B/Outlet/Outlet13/RmsCurrent","random(10.0, 30.0, true)","Double"
"0","Exchange/DataCenterDemo/Site1/DataHall1/Section3/PDU/PDU9B/Outlet/Outlet1/RmsCurrent","random(10.0, 30.0, true)","Double"
"0","Exchange/DataCenterDemo/Site1/DataHall1/Section1/PDU/PDU5B/Outlet/Outlet2/RmsCurrent","random(10.0, 30.0, true)","Double"
"0","Exchange/DataCenterDemo/Site1/DataHall1/Section3/PDU/PDU7A/Outlet/Outlet9/RmsCurrent","random(10.0, 30.0, true)","Double"
"0","Exchange/DataCenterDemo/Site1/DataHall1/Section3/PDU/PDU12A/Outlet/Outlet15/RmsCurrent","random(10.0, 30.0, true)","Double"
"0","Exchange/DataCenterDemo/Site1/DataHall2/Section1/Heatmap/Aisle4/Sensor2/Temperature","random(38.0, 43.9, true)","Double"
"0","Exchange/DataCenterDemo/Site1/DataHall1/Section3/PDU/PDU9A/Outlet/Outlet3/RmsCurrent","random(10.0, 30.0, true)","Double"
"0","Exchange/DataCenterDemo/Site1/DataHall1/Section4/PDU/PDU11B/Outlet/Outlet2/RmsCurrent","random(10.0, 30.0, true)","Double"
"0","Exchange/DataCenterDemo/Site1/DataHall1/Section1/PDU/PDU5A/Outlet/Outlet4/RmsCurrent","random(10.0, 30.0, true)","Double"
"0","Exchange/DataCenterDemo/Site1/DataHall1/Section3/Heatmap/Aisle4/Sensor1/Humidity","cosine(42.0, 44.0, 102.494, true)","Double"
"0","Exchange/DataCenterDemo/Site1/DataHall2/Section4/Breaker/Breaker2A/Metering/VoltageMeanLL","random(470.0, 490.0, true)","Double"
"0","Exchange/DataCenterDemo/Site1/DataHall2/Section2/Section/CoolingCapacity","cosine(0.6, 0.65, 92.231, true)","Double"
"0","Exchange/DataCenterDemo/Site1/DataHall1/Section2/PDU/PDU7B/Outlet/Outlet16/RmsCurrent","random(10.0, 30.0, true)","Double"
"0","Exchange/DataCenterDemo/Site1/DataHall2/Section4/PDU/PDU3A/Outlet/Outlet8/RmsCurrent","random(10.0, 30.0, true)","Double"
"0","Exchange/DataCenterDemo/Site1/DataHall1/Section1/AHU/AHU2/Status/IsAhuRunning","1.0","Double"
"0","Exchange/DataCenterDemo/Site1/DataHall2/Section1/UPS/UPS2A/Output/SystemOutputVoltageAB","random(480.0, 480.5, true)","Double"
"0","Exchange/DataCenterDemo/Site1/DataHall2/Section2/PDU/PDU5B/Outlet/Outlet11/RmsCurrent","random(10.0, 30.0, true)","Double"
"0","Exchange/DataCenterDemo/Site1/DataHall1/Section4/Breaker/Breaker6B/Metering/CurrentB","random(4300.0, 5800.0, true)","Double"
"0","Exchange/DataCenterDemo/Site1/DataHall1/Section3/PDU/PDU3A/Outlet/Outlet10/RmsCurrent","random(10.0, 30.0, true)","Double"
"0","Exchange/DataCenterDemo/Site1/DataHall1/Section4/Breaker/Breaker6B/Metering/CurrentC","random(4300.0, 5800.0, true)","Double"
"0","Exchange/DataCenterDemo/Site1/DataHall1/Section1/PDU/PDU8B/Outlet/Outlet16/RmsCurrent","random(10.0, 30.0, true)","Double"
"0","Exchange/DataCenterDemo/Site1/DataHall2/Section1/Heatmap/Aisle11/Sensor1/Humidity","cosine(46.0, 48.0, 98.723, true)","Double"
"0","Exchange/DataCenterDemo/Site1/DataHall2/Section1/PDU/PDU9A/Outlet/Outlet1/RmsCurrent","random(10.0, 30.0, true)","Double"
"0","Exchange/DataCenterDemo/Site1/DataHall1/Section4/Breaker/Breaker6B/Metering/CurrentA","random(4300.0, 5800.0, true)","Double"
"0","Exchange/DataCenterDemo/Site1/DataHall1/Section1/AHU/AHU1/Temperature/SupplyAirTemperature","sine(21.0, 22.0, 90.004, true)","Double"
"0","Exchange/DataCenterDemo/Site1/DataHall2/Section1/AHU/AHU1/Fan/SupplyAirStaticPressure","cosine(210.0, 225.0, 109.284, true)","Double"
"0","Exchange/DataCenterDemo/Site1/DataHall2/Section4/PDU/PDU8A/Outlet/Outlet10/RmsCurrent","random(10.0, 30.0, true)","Double"
"0","Exchange/DataCenterDemo/Site1/DataHall2/Section2/Section/UpsCapacity","cosine(0.9, 0.98, 109.843, true)","Double"
"0","Exchange/DataCenterDemo/Site1/DataHall1/Section4/Heatmap/Aisle11/Sensor3/Temperature","random(18.0, 23.9, true)","Double"
"0","Exchange/DataCenterDemo/Site1/DataHall2/Section1/PDU/PDU3A/Outlet/Outlet10/RmsCurrent","random(10.0, 30.0, true)","Double"
"0","Exchange/DataCenterDemo/Site1/DataHall2/Section3/PDU/PDU1B/Outlet/Outlet3/RmsCurrent","random(10.0, 30.0, true)","Double"
"0","Exchange/DataCenterDemo/Site1/DataHall2/Section4/Breaker/Breaker6B/Metering/VoltageMeanLL","random(470.0, 490.0, true)","Double"
"0","Exchange/DataCenterDemo/Site1/DataHall2/Section2/AHU/AHU3/Status/IsAhuRunning","1.0","Double"
"0","Exchange/DataCenterDemo/Site1/DataHall2/Section1/UPS/UPS2B/Battery/BatteryCapacityRemaining","ramp(95.0, 99.0, 103.505, true)","Double"
"0","Exchange/DataCenterDemo/Site1/DataHall2/Section3/PDU/PDU4B/Outlet/Outlet11/RmsCurrent","random(10.0, 30.0, true)","Double"
"0","Exchange/DataCenterDemo/Site1/DataHall2/Section1/UPS/UPS2A/Output/SystemOutputVoltageBC","random(480.0, 480.5, true)","Double"
"0","Exchange/DataCenterDemo/Site1/DataHall1/Section2/PDU/PDU5A/Outlet/Outlet6/RmsCurrent","random(10.0, 30.0, true)","Double"
"0","Exchange/DataCenterDemo/Site1/DataHall1/Section3/Section/CoolingCapacity","cosine(0.6, 0.65, 107.181, true)","Double"
"0","Exchange/DataCenterDemo/Site1/DataHall2/Section3/PDU/PDU6B/Outlet/Outlet6/RmsCurrent","random(10.0, 30.0, true)","Double"
"0","Exchange/DataCenterDemo/Site1/DataHall2/Section1/Breaker/Breaker6A/Metering/VoltageMeanLL","random(470.0, 490.0, true)","Double"
"0","Exchange/DataCenterDemo/Site1/DataHall2/Section3/PDU/PDU1A/Outlet/Outlet5/RmsCurrent","random(10.0, 30.0, true)","Double"
"0","Exchange/DataCenterDemo/Site1/DataHall2/Section3/Heatmap/Aisle4/Sensor3/Temperature","random(38.0, 43.9, true)","Double"
"0","Exchange/DataCenterDemo/Site1/DataHall2/Section2/Breaker/Breaker3A/Metering/CurrentC","random(4300.0, 5800.0, true)","Double"
"0","Exchange/DataCenterDemo/Site1/DataHall1/Section2/AHU/AHU2/Temperature/MixedAirTemperature","cosine(14.0, 16.0, 109.912, true)","Double"
"0","Exchange/DataCenterDemo/Site1/DataHall1/Section2/PDU/PDU4A/Outlet/Outlet10/RmsCurrent","random(10.0, 30.0, true)","Double"
"0","Exchange/DataCenterDemo/Site1/DataHall2/Section2/Breaker/Breaker3A/Metering/CurrentA","random(4300.0, 5800.0, true)","Double"
"0","Exchange/DataCenterDemo/Site1/DataHall1/Section2/PDU/PDU5B/Outlet/Outlet4/RmsCurrent","random(10.0, 30.0, true)","Double"
"0","Exchange/DataCenterDemo/Site1/DataHall1/Section3/Breaker/Breaker3B/Metering/CurrentA","random(4300.0, 5800.0, true)","Double"
"0","Exchange/DataCenterDemo/Site1/DataHall2/Section2/Breaker/Breaker3A/Metering/CurrentB","random(4300.0, 5800.0, true)","Double"
"0","Exchange/DataCenterDemo/Site1/DataHall2/Section2/PDU/PDU12B/Outlet/Outlet5/RmsCurrent","random(10.0, 30.0, true)","Double"
"0","Exchange/DataCenterDemo/Site1/DataHall1/Section3/Breaker/Breaker3B/Metering/CurrentB","random(4300.0, 5800.0, true)","Double"
"0","Exchange/DataCenterDemo/Site1/DataHall1/Section4/PDU/PDU1B/Outlet/Outlet3/RmsCurrent","random(10.0, 30.0, true)","Double"
"0","Exchange/DataCenterDemo/Site1/DataHall1/Section3/Breaker/Breaker3B/Metering/CurrentC","random(4300.0, 5800.0, true)","Double"
"0","Exchange/DataCenterDemo/Site1/DataHall2/Section2/PDU/PDU7B/Outlet/Outlet1/RmsCurrent","random(10.0, 30.0, true)","Double"
"0","Exchange/DataCenterDemo/Site1/DataHall2/Section4/PDU/PDU3B/Outlet/Outlet11/RmsCurrent","random(10.0, 30.0, true)","Double"
"0","Exchange/DataCenterDemo/Site1/DataHall2/Section1/Heatmap/Aisle9/Sensor3/Temperature","random(18.0, 23.9, true)","Double"
"0","Exchange/DataCenterDemo/Site1/DataHall1/Section4/PDU/PDU5B/Outlet/Outlet16/RmsCurrent","random(10.0, 30.0, true)","Double"
"0","Exchange/DataCenterDemo/Site1/DataHall1/Section3/AHU/AHU6/Fan/FanSpeedFeedback","cosine(70.0, 100.0, 93.464, true)","Double"
"0","Exchange/DataCenterDemo/Site1/DataHall1/Section1/PDU/PDU7A/Outlet/Outlet9/RmsCurrent","random(10.0, 30.0, true)","Double"
"0","Exchange/DataCenterDemo/Site1/DataHall1/Section2/PDU/PDU9A/Outlet/Outlet1/RmsCurrent","random(10.0, 30.0, true)","Double"
"0","Exchange/DataCenterDemo/Site1/DataHall1/Section2/PDU/PDU1A/Outlet/Outlet6/RmsCurrent","random(10.0, 30.0, true)","Double"
"0","Exchange/DataCenterDemo/Site1/DataHall1/Section3/Breaker/Breaker3A/Metering/CurrentC","random(4300.0, 5800.0, true)","Double"
"0","Exchange/DataCenterDemo/Site1/DataHall1/Section2/Heatmap/Aisle6/Sensor1/Temperature","random(38.0, 43.9, true)","Double"
"0","Exchange/DataCenterDemo/Site1/DataHall1/Section4/Heatmap/Aisle1/Sensor3/Humidity","cosine(46.0, 48.0, 94.673, true)","Double"
"0","Exchange/DataCenterDemo/Site1/DataHall1/Section3/Breaker/Breaker3A/Metering/CurrentA","random(4300.0, 5800.0, true)","Double"
"0","Exchange/DataCenterDemo/Site1/DataHall1/Section3/Breaker/Breaker3A/Metering/CurrentB","random(4300.0, 5800.0, true)","Double"
"0","Exchange/DataCenterDemo/Site1/DataHall1/Section1/PDU/PDU7B/Outlet/Outlet7/RmsCurrent","random(10.0, 30.0, true)","Double"
"0","Exchange/DataCenterDemo/Site1/DataHall1/Section4/PDU/PDU10A/Outlet/Outlet11/RmsCurrent","random(10.0, 30.0, true)","Double"
"0","Exchange/DataCenterDemo/Site1/DataHall1/Section3/Heatmap/Aisle12/Sensor3/Humidity","cosine(42.0, 44.0, 90.039, true)","Double"
"0","Exchange/DataCenterDemo/Site1/DataHall1/Section1/PDU/PDU4A/Outlet/Outlet11/RmsCurrent","random(10.0, 30.0, true)","Double"
"0","Exchange/DataCenterDemo/Site1/DataHall2/Section2/PDU/PDU2A/Outlet/Outlet10/RmsCurrent","random(10.0, 30.0, true)","Double"
"0","Exchange/DataCenterDemo/Site1/DataHall2/Section1/PDU/PDU6A/Outlet/Outlet9/RmsCurrent","random(10.0, 30.0, true)","Double"
"0","Exchange/DataCenterDemo/Site1/DataHall1/Section4/PDU/PDU9A/Outlet/Outlet6/RmsCurrent","random(10.0, 30.0, true)","Double"
"0","Exchange/DataCenterDemo/Site1/DataHall1/Section3/PDU/PDU6B/Outlet/Outlet16/RmsCurrent","random(10.0, 30.0, true)","Double"
"0","Exchange/DataCenterDemo/Site1/DataHall1/Section3/Heatmap/Aisle9/Sensor1/Humidity","cosine(46.0, 48.0, 109.953, true)","Double"
"0","Exchange/DataCenterDemo/Site1/DataHall2/Section4/PDU/PDU4B/Outlet/Outlet3/RmsCurrent","random(10.0, 30.0, true)","Double"
"0","Exchange/DataCenterDemo/Site1/DataHall2/Section4/PDU/PDU3B/Outlet/Outlet6/RmsCurrent","random(10.0, 30.0, true)","Double"
"0","Exchange/DataCenterDemo/Site1/DataHall1/Section1/Heatmap/Aisle3/Sensor3/Humidity","cosine(46.0, 48.0, 90.225, true)","Double"
"0","Exchange/DataCenterDemo/Site1/DataHall2/Section1/PDU/PDU12B/Outlet/Outlet16/RmsCurrent","random(10.0, 30.0, true)","Double"
"0","Exchange/DataCenterDemo/Site1/DataHall2/Section1/PDU/PDU6B/Outlet/Outlet7/RmsCurrent","random(10.0, 30.0, true)","Double"
"0","Exchange/DataCenterDemo/Site1/DataHall1/Section1/PDU/PDU1B/Outlet/Outlet16/RmsCurrent","random(10.0, 30.0, true)","Double"
"0","Exchange/DataCenterDemo/Site1/DataHall1/Section3/PDU/PDU10A/Outlet/Outlet16/RmsCurrent","random(10.0, 30.0, true)","Double"
"0","Exchange/DataCenterDemo/Site1/DataHall1/Section1/UPS/UPS2B/Battery/BatteryCapacityRemaining","ramp(95.0, 99.0, 110.0, true)","Double"
"0","Exchange/DataCenterDemo/Site1/DataHall1/Section4/PDU/PDU4A/Outlet/Outlet8/RmsCurrent","random(10.0, 30.0, true)","Double"
"0","Exchange/DataCenterDemo/Site1/DataHall1/Section2/PDU/PDU3A/Outlet/Outlet11/RmsCurrent","random(10.0, 30.0, true)","Double"
"0","Exchange/DataCenterDemo/Site1/DataHall2/Section4/PDU/PDU4A/Outlet/Outlet5/RmsCurrent","random(10.0, 30.0, true)","Double"
"0","Exchange/DataCenterDemo/Site1/DataHall1/Section4/PDU/PDU2A/Outlet/Outlet10/RmsCurrent","random(10.0, 30.0, true)","Double"
"0","Exchange/DataCenterDemo/Site1/DataHall2/Section1/PDU/PDU2A/Outlet/Outlet3/RmsCurrent","random(10.0, 30.0, true)","Double"
"0","Exchange/DataCenterDemo/Site1/DataHall1/Section3/PDU/PDU4B/Outlet/Outlet9/RmsCurrent","random(10.0, 30.0, true)","Double"
"0","Exchange/DataCenterDemo/Site1/DataHall1/Section4/Heatmap/Aisle5/Sensor1/Humidity","cosine(46.0, 48.0, 105.553, true)","Double"
"0","Exchange/DataCenterDemo/Site1/DataHall2/Section3/PDU/PDU10A/Outlet/Outlet1/RmsCurrent","random(10.0, 30.0, true)","Double"
"0","Exchange/DataCenterDemo/Site1/DataHall1/Section2/Heatmap/Aisle4/Sensor2/Temperature","random(38.0, 43.9, true)","Double"
"0","Exchange/DataCenterDemo/Site1/DataHall1/Section4/Heatmap/Aisle2/Sensor1/Temperature","random(38.0, 43.9, true)","Double"
"0","Exchange/DataCenterDemo/Site1/DataHall2/Section1/PDU/PDU1A/Outlet/Outlet6/RmsCurrent","random(10.0, 30.0, true)","Double"
"0","Exchange/DataCenterDemo/Site1/DataHall1/Section3/Heatmap/Aisle5/Sensor3/Humidity","cosine(46.0, 48.0, 103.175, true)","Double"
"0","Exchange/DataCenterDemo/Site1/DataHall1/Section1/PDU/PDU12B/Outlet/Outlet12/RmsCurrent","random(10.0, 30.0, true)","Double"
"0","Exchange/DataCenterDemo/Site1/DataHall1/Section2/PDU/PDU1B/Outlet/Outlet4/RmsCurrent","random(10.0, 30.0, true)","Double"
"0","Exchange/DataCenterDemo/Site1/DataHall2/Section3/PDU/PDU1A/Outlet/Outlet10/RmsCurrent","random(10.0, 30.0, true)","Double"
"0","Exchange/DataCenterDemo/Site1/DataHall2/Section2/PDU/PDU10B/Outlet/Outlet12/RmsCurrent","random(10.0, 30.0, true)","Double"
"0","Exchange/DataCenterDemo/Site1/DataHall2/Section2/PDU/PDU11A/Outlet/Outlet14/RmsCurrent","random(10.0, 30.0, true)","Double"
"0","Exchange/DataCenterDemo/Site1/DataHall1/Section2/Heatmap/Aisle9/Sensor3/Temperature","random(18.0, 23.9, true)","Double"
"0","Exchange/DataCenterDemo/Site1/DataHall1/Section3/PDU/PDU8B/Outlet/Outlet4/RmsCurrent","random(10.0, 30.0, true)","Double"
"0","Exchange/DataCenterDemo/Site1/DataHall2/Section1/Heatmap/Aisle6/Sensor1/Temperature","random(38.0, 43.9, true)","Double"
"0","Exchange/DataCenterDemo/Site1/DataHall2/Section2/PDU/PDU7A/Outlet/Outlet12/RmsCurrent","random(10.0, 30.0, true)","Double"
"0","Exchange/DataCenterDemo/Site1/DataHall1/Section2/PDU/PDU12A/Outlet/Outlet3/RmsCurrent","random(10.0, 30.0, true)","Double"
"0","Exchange/DataCenterDemo/Site1/DataHall1/Section3/Breaker/Breaker4B/Metering/VoltageMeanLL","random(470.0, 490.0, true)","Double"
"0","Exchange/DataCenterDemo/Site1/DataHall2/Section1/PDU/PDU7B/Outlet/Outlet10/RmsCurrent","random(10.0, 30.0, true)","Double"
"0","Exchange/DataCenterDemo/Site1/DataHall2/Section2/PDU/PDU6B/Outlet/Outlet10/RmsCurrent","random(10.0, 30.0, true)","Double"
"0","Exchange/DataCenterDemo/Site1/DataHall1/Section3/PDU/PDU2A/Outlet/Outlet11/RmsCurrent","random(10.0, 30.0, true)","Double"
"0","Exchange/DataCenterDemo/Site1/DataHall2/Section3/AHU/AHU1/Temperature/SupplyAirTemperature","sine(21.0, 22.0, 109.409, true)","Double"
"0","Exchange/DataCenterDemo/Site1/DataHall2/Section3/PDU/PDU8A/Outlet/Outlet3/RmsCurrent","random(10.0, 30.0, true)","Double"
"0","Exchange/DataCenterDemo/Site1/DataHall2/Section3/UPS/UPS2A/Output/SystemOutputVoltageAB","random(480.0, 480.5, true)","Double"
"0","Exchange/DataCenterDemo/Site1/DataHall2/Section2/PQM/PQM1A/Freq/Frequency","ramp(59.7, 60.3, 1.067, true)","Double"
"0","Exchange/DataCenterDemo/Site1/DataHall1/Section1/UPS/UPS2B/Input/SystemInputCurrentB","random(1600.0, 1900.0, true)","Double"
"0","Exchange/DataCenterDemo/Site1/DataHall2/Section2/PDU/PDU5B/Outlet/Outlet16/RmsCurrent","random(10.0, 30.0, true)","Double"
"0","Exchange/DataCenterDemo/Site1/DataHall2/Section2/PQM/PQM2B/Voltage/VoltageAB","cosine(478.0, 481.0, 90.781, true)","Double"
"0","Exchange/DataCenterDemo/Site1/DataHall1/Section1/UPS/UPS2B/Input/SystemInputCurrentA","random(1600.0, 1900.0, true)","Double"
"0","Exchange/DataCenterDemo/Site1/DataHall1/Section1/UPS/UPS2B/Input/SystemInputCurrentC","random(1600.0, 1900.0, true)","Double"
"0","Exchange/DataCenterDemo/Site1/DataHall1/Section2/Heatmap/Aisle10/Sensor3/Temperature","random(38.0, 43.9, true)","Double"
"0","Exchange/DataCenterDemo/Site1/DataHall1/Section2/Breaker/Breaker1B/Metering/VoltageMeanLL","random(470.0, 490.0, true)","Double"
"0","Exchange/DataCenterDemo/Site1/DataHall2/Section4/AHU/AHU7/Status/IsAhuRunning","1.0","Double"
"0","Exchange/DataCenterDemo/Site1/DataHall2/Section2/PQM/PQM2B/Voltage/VoltageAN","cosine(276.0, 278.0, 91.759, true)","Double"
"0","Exchange/DataCenterDemo/Site1/DataHall2/Section3/PDU/PDU6A/Outlet/Outlet12/RmsCurrent","random(10.0, 30.0, true)","Double"
"0","Exchange/DataCenterDemo/Site1/DataHall2/Section2/PDU/PDU12B/Outlet/Outlet16/RmsCurrent","random(10.0, 30.0, true)","Double"
"0","Exchange/DataCenterDemo/Site1/DataHall1/Section3/PDU/PDU11A/Outlet/Outlet5/RmsCurrent","random(10.0, 30.0, true)","Double"
"0","Exchange/DataCenterDemo/Site1/DataHall1/Section4/PDU/PDU2A/Outlet/Outlet8/RmsCurrent","random(10.0, 30.0, true)","Double"
"0","Exchange/DataCenterDemo/Site1/DataHall2/Section3/PDU/PDU5B/Outlet/Outlet9/RmsCurrent","random(10.0, 30.0, true)","Double"
"0","Exchange/DataCenterDemo/Site1/DataHall2/Section1/PDU/PDU6B/Outlet/Outlet16/RmsCurrent","random(10.0, 30.0, true)","Double"
"0","Exchange/DataCenterDemo/Site1/DataHall1/Section4/PDU/PDU12B/Outlet/Outlet12/RmsCurrent","random(10.0, 30.0, true)","Double"
"0","Exchange/DataCenterDemo/Site1/DataHall2/Section3/UPS/UPS2A/Output/SystemOutputVoltageBC","random(480.0, 480.5, true)","Double"
"0","Exchange/DataCenterDemo/Site1/DataHall1/Section4/PDU/PDU1A/Outlet/Outlet11/RmsCurrent","random(10.0, 30.0, true)","Double"
"0","Exchange/DataCenterDemo/Site1/DataHall2/Section2/PQM/PQM2B/Voltage/VoltageBC","cosine(478.0, 481.0, 100.313, true)","Double"
"0","Exchange/DataCenterDemo/Site1/DataHall1/Section1/AHU/AHU3/Fan/SupplyAirStaticPressure","cosine(210.0, 225.0, 108.243, true)","Double"
"0","Exchange/DataCenterDemo/Site1/DataHall1/Section2/PDU/PDU12B/Outlet/Outlet1/RmsCurrent","random(10.0, 30.0, true)","Double"
"0","Exchange/DataCenterDemo/Site1/DataHall2/Section3/Heatmap/Aisle9/Sensor1/Temperature","random(18.0, 23.9, true)","Double"
"0","Exchange/DataCenterDemo/Site1/DataHall2/Section4/PDU/PDU7A/Outlet/Outlet8/RmsCurrent","random(10.0, 30.0, true)","Double"
"0","Exchange/DataCenterDemo/Site1/DataHall2/Section2/PDU/PDU8A/Outlet/Outlet6/RmsCurrent","random(10.0, 30.0, true)","Double"
"0","Exchange/DataCenterDemo/Site1/DataHall2/Section4/PDU/PDU10B/Outlet/Outlet9/RmsCurrent","random(10.0, 30.0, true)","Double"
"0","Exchange/DataCenterDemo/Site1/DataHall2/Section4/PDU/PDU5A/Outlet/Outlet12/RmsCurrent","random(10.0, 30.0, true)","Double"
"0","Exchange/DataCenterDemo/Site1/DataHall1/Section4/PDU/PDU10B/Outlet/Outlet5/RmsCurrent","random(10.0, 30.0, true)","Double"
"0","Exchange/DataCenterDemo/Site1/DataHall2/Section1/PDU/PDU11A/Outlet/Outlet5/RmsCurrent","random(10.0, 30.0, true)","Double"
"0","Exchange/DataCenterDemo/Site1/DataHall2/Section1/Heatmap/Aisle2/Sensor2/Humidity","cosine(42.0, 44.0, 90.423, true)","Double"
"0","Exchange/DataCenterDemo/Site1/DataHall2/Section2/PQM/PQM2B/Voltage/VoltageBN","cosine(276.0, 278.0, 108.58, true)","Double"
"0","Exchange/DataCenterDemo/Site1/DataHall2/Section1/PDU/PDU3B/Outlet/Outlet4/RmsCurrent","random(10.0, 30.0, true)","Double"
"0","Exchange/DataCenterDemo/Site1/DataHall2/Section1/UPS/UPS2A/Output/SystemOutputVoltageCA","random(480.0, 480.5, true)","Double"
"0","Exchange/DataCenterDemo/Site1/DataHall2/Section4/PDU/PDU4B/Outlet/Outlet10/RmsCurrent","random(10.0, 30.0, true)","Double"
"0","Exchange/DataCenterDemo/Site1/DataHall1/Section4/PDU/PDU10A/Outlet/Outlet7/RmsCurrent","random(10.0, 30.0, true)","Double"
"0","Exchange/DataCenterDemo/Site1/DataHall1/Section2/AHU/AHU4/Fan/FanSpeedFeedback","cosine(70.0, 100.0, 98.721, true)","Double"
"0","Exchange/DataCenterDemo/Site1/DataHall2/Section3/UPS/UPS2A/Output/SystemOutputVoltageCA","random(480.0, 480.5, true)","Double"
"0","Exchange/DataCenterDemo/Site1/DataHall2/Section4/PDU/PDU7B/Outlet/Outlet6/RmsCurrent","random(10.0, 30.0, true)","Double"
"0","Exchange/DataCenterDemo/Site1/DataHall1/Section2/AHU/AHU2/Fan/SupplyAirStaticPressure","cosine(210.0, 225.0, 94.672, true)","Double"
"0","Exchange/DataCenterDemo/Site1/DataHall2/Section3/PDU/PDU8B/Outlet/Outlet1/RmsCurrent","random(10.0, 30.0, true)","Double"
"0","Exchange/DataCenterDemo/Site1/DataHall2/Section2/PQM/PQM2B/Voltage/VoltageCA","cosine(478.0, 481.0, 108.958, true)","Double"
"0","Exchange/DataCenterDemo/Site1/DataHall1/Section1/PDU/PDU5A/Outlet/Outlet10/RmsCurrent","random(10.0, 30.0, true)","Double"
"0","Exchange/DataCenterDemo/Site1/DataHall1/Section3/PDU/PDU11B/Outlet/Outlet3/RmsCurrent","random(10.0, 30.0, true)","Double"
"0","Exchange/DataCenterDemo/Site1/DataHall1/Section3/PDU/PDU3A/Outlet/Outlet3/RmsCurrent","random(10.0, 30.0, true)","Double"
"0","Exchange/DataCenterDemo/Site1/DataHall2/Section3/AHU/AHU2/Temperature/ReturnAirTemperature","sine(30.0, 34.0, 219.961, true)","Double"
"0","Exchange/DataCenterDemo/Site1/DataHall1/Section4/PDU/PDU11A/Outlet/Outlet10/RmsCurrent","random(10.0, 30.0, true)","Double"
"0","Exchange/DataCenterDemo/Site1/DataHall1/Section2/AHU/AHU2/Fan/FanSpeedCommand","square(70.0, 100.0, 94.522, true)","Double"
"0","Exchange/DataCenterDemo/Site1/DataHall2/Section2/PDU/PDU5B/Outlet/Outlet1/RmsCurrent","random(10.0, 30.0, true)","Double"
"0","Exchange/DataCenterDemo/Site1/DataHall2/Section3/PDU/PDU11B/Outlet/Outlet7/RmsCurrent","random(10.0, 30.0, true)","Double"
"0","Exchange/DataCenterDemo/Site1/DataHall2/Section4/Heatmap/Aisle8/Sensor1/Humidity","cosine(42.0, 44.0, 108.144, true)","Double"
"0","Exchange/DataCenterDemo/Site1/DataHall1/Section1/AHU/AHU2/Temperature/ReturnAirTemperature","sine(30.0, 34.0, 180.655, true)","Double"
"0","Exchange/DataCenterDemo/Site1/DataHall2/Section4/Breaker/Breaker2B/Metering/CurrentA","random(4300.0, 5800.0, true)","Double"
"0","Exchange/DataCenterDemo/Site1/DataHall2/Section4/Breaker/Breaker2B/Metering/CurrentB","random(4300.0, 5800.0, true)","Double"
"0","Exchange/DataCenterDemo/Site1/DataHall1/Section4/UPS/UPS1A/Output/SystemOutputCurrentB","random(1500.0, 1800.0, true)","Double"
"0","Exchange/DataCenterDemo/Site1/DataHall1/Section4/UPS/UPS1A/Output/SystemOutputCurrentC","random(1500.0, 1800.0, true)","Double"
"0","Exchange/DataCenterDemo/Site1/DataHall2/Section2/PDU/PDU2B/Outlet/Outlet9/RmsCurrent","random(10.0, 30.0, true)","Double"
"0","Exchange/DataCenterDemo/Site1/DataHall2/Section2/PQM/PQM2B/Voltage/VoltageCN","cosine(276.0, 278.0, 101.101, true)","Double"
"0","Exchange/DataCenterDemo/Site1/DataHall1/Section2/Heatmap/Aisle4/Sensor3/Humidity","cosine(42.0, 44.0, 104.948, true)","Double"
"0","Exchange/DataCenterDemo/Site1/DataHall2/Section4/Heatmap/Aisle6/Sensor3/Temperature","random(38.0, 43.9, true)","Double"
"0","Exchange/DataCenterDemo/Site1/DataHall2/Section3/PDU/PDU5B/Outlet/Outlet10/RmsCurrent","random(10.0, 30.0, true)","Double"
"0","Exchange/DataCenterDemo/Site1/DataHall1/Section2/Heatmap/Aisle8/Sensor1/Humidity","cosine(42.0, 44.0, 94.086, true)","Double"
"0","Exchange/DataCenterDemo/Site1/DataHall1/Section4/PDU/PDU8B/Outlet/Outlet1/RmsCurrent","random(10.0, 30.0, true)","Double"
"0","Exchange/DataCenterDemo/Site1/DataHall2/Section2/PDU/PDU10A/Outlet/Outlet7/RmsCurrent","random(10.0, 30.0, true)","Double"
"0","Exchange/DataCenterDemo/Site1/DataHall1/Section1/PDU/PDU10A/Outlet/Outlet16/RmsCurrent","random(10.0, 30.0, true)","Double"
"0","Exchange/DataCenterDemo/Site1/DataHall1/Section2/PDU/PDU8A/Outlet/Outlet9/RmsCurrent","random(10.0, 30.0, true)","Double"
"0","Exchange/DataCenterDemo/Site1/DataHall1/Section4/Heatmap/Aisle7/Sensor2/Temperature","random(18.0, 23.9, true)","Double"
"0","Exchange/DataCenterDemo/Site1/DataHall1/Section3/PDU/PDU8A/Outlet/Outlet6/RmsCurrent","random(10.0, 30.0, true)","Double"
"0","Exchange/DataCenterDemo/Site1/DataHall2/Section1/PDU/PDU11B/Outlet/Outlet3/RmsCurrent","random(10.0, 30.0, true)","Double"
"0","Exchange/DataCenterDemo/Site1/DataHall1/Section4/Heatmap/Aisle13/Sensor2/Temperature","random(18.0, 23.9, true)","Double"
"0","Exchange/DataCenterDemo/Site1/DataHall1/Section4/UPS/UPS1A/Output/SystemOutputCurrentA","random(1500.0, 1800.0, true)","Double"
"0","Exchange/DataCenterDemo/Site1/DataHall1/Section1/PDU/PDU6A/Outlet/Outlet1/RmsCurrent","random(10.0, 30.0, true)","Double"
"0","Exchange/DataCenterDemo/Site1/DataHall2/Section4/Breaker/Breaker2B/Metering/CurrentC","random(4300.0, 5800.0, true)","Double"
"0","Exchange/DataCenterDemo/Site1/DataHall1/Section2/PDU/PDU8B/Outlet/Outlet7/RmsCurrent","random(10.0, 30.0, true)","Double"
"0","Exchange/DataCenterDemo/Site1/DataHall1/Section3/AHU/AHU1/Fan/SupplyAirStaticPressure","cosine(210.0, 225.0, 101.541, true)","Double"
"0","Exchange/DataCenterDemo/Site1/DataHall1/Section3/UPS/UPS2B/Output/SystemOutputCurrentC","random(1500.0, 1800.0, true)","Double"
"0","Exchange/DataCenterDemo/Site1/DataHall2/Section1/Heatmap/Aisle1/Sensor2/Temperature","random(18.0, 23.9, true)","Double"
"0","Exchange/DataCenterDemo/Site1/DataHall1/Section1/PQM/PQM2B/Freq/Frequency","ramp(59.7, 60.3, 1.002, true)","Double"
"0","Exchange/DataCenterDemo/Site1/DataHall2/Section4/PDU/PDU4B/Outlet/Outlet5/RmsCurrent","random(10.0, 30.0, true)","Double"
"0","Exchange/DataCenterDemo/Site1/DataHall2/Section3/PDU/PDU5B/Outlet/Outlet1/RmsCurrent","random(10.0, 30.0, true)","Double"
"0","Exchange/DataCenterDemo/Site1/DataHall2/Section1/PDU/PDU4A/Outlet/Outlet2/RmsCurrent","random(10.0, 30.0, true)","Double"
"0","Exchange/DataCenterDemo/Site1/DataHall2/Section2/PDU/PDU11B/Outlet/Outlet11/RmsCurrent","random(10.0, 30.0, true)","Double"
"0","Exchange/DataCenterDemo/Site1/DataHall2/Section1/AHU/AHU4/Temperature/MixedAirTemperature","cosine(14.0, 16.0, 98.198, true)","Double"
"0","Exchange/DataCenterDemo/Site1/DataHall1/Section4/PQM/PQM1A/Voltage/VoltageBN","cosine(276.0, 278.0, 104.64, true)","Double"
"0","Exchange/DataCenterDemo/Site1/DataHall1/Section3/Heatmap/Aisle3/Sensor1/Humidity","cosine(46.0, 48.0, 99.689, true)","Double"
"0","Exchange/DataCenterDemo/Site1/DataHall2/Section1/Heatmap/Aisle1/Sensor3/Humidity","cosine(46.0, 48.0, 104.083, true)","Double"
"0","Exchange/DataCenterDemo/Site1/DataHall1/Section2/PDU/PDU4A/Outlet/Outlet7/RmsCurrent","random(10.0, 30.0, true)","Double"
"0","Exchange/DataCenterDemo/Site1/DataHall2/Section1/PDU/PDU10B/Outlet/Outlet1/RmsCurrent","random(10.0, 30.0, true)","Double"
"0","Exchange/DataCenterDemo/Site1/DataHall1/Section3/Heatmap/Aisle7/Sensor3/Humidity","cosine(46.0, 48.0, 97.592, true)","Double"
"0","Exchange/DataCenterDemo/Site1/DataHall1/Section4/PDU/PDU10B/Outlet/Outlet15/RmsCurrent","random(10.0, 30.0, true)","Double"
"0","Exchange/DataCenterDemo/Site1/DataHall1/Section4/UPS/UPS2A/Output/SystemOutputVoltageCA","random(480.0, 480.5, true)","Double"
"0","Exchange/DataCenterDemo/Site1/DataHall2/Section4/PDU/PDU9A/Outlet/Outlet9/RmsCurrent","random(10.0, 30.0, true)","Double"
"0","Exchange/DataCenterDemo/Site1/DataHall2/Section4/AHU/AHU1/Temperature/SupplyAirTemperature","sine(21.0, 22.0, 98.988, true)","Double"
"0","Exchange/DataCenterDemo/Site1/DataHall1/Section2/PDU/PDU5A/Outlet/Outlet3/RmsCurrent","random(10.0, 30.0, true)","Double"
"0","Exchange/DataCenterDemo/Site1/DataHall1/Section4/PDU/PDU6B/Outlet/Outlet2/RmsCurrent","random(10.0, 30.0, true)","Double"
"0","Exchange/DataCenterDemo/Site1/DataHall1/Section4/PQM/PQM1A/Voltage/VoltageCA","cosine(478.0, 481.0, 109.961, true)","Double"
"0","Exchange/DataCenterDemo/Site1/DataHall2/Section1/PDU/PDU4A/Outlet/Outlet11/RmsCurrent","random(10.0, 30.0, true)","Double"
"0","Exchange/DataCenterDemo/Site1/DataHall2/Section1/UPS/UPS2B/Input/SystemInputPowerFactor","random(0.95, 0.98, true)","Double"
"0","Exchange/DataCenterDemo/Site1/DataHall1/Section3/UPS/UPS2B/Output/SystemOutputCurrentA","random(1500.0, 1800.0, true)","Double"
"0","Exchange/DataCenterDemo/Site1/DataHall1/Section3/UPS/UPS2B/Output/SystemOutputCurrentB","random(1500.0, 1800.0, true)","Double"
"0","Exchange/DataCenterDemo/Site1/DataHall1/Section2/Heatmap/Aisle12/Sensor1/Humidity","cosine(42.0, 44.0, 104.794, true)","Double"
"0","Exchange/DataCenterDemo/Site1/DataHall1/Section4/Heatmap/Aisle5/Sensor1/Temperature","random(18.0, 23.9, true)","Double"
"0","Exchange/DataCenterDemo/Site1/DataHall2/Section4/AHU/AHU4/Fan/FanSpeedFeedback","cosine(70.0, 100.0, 98.105, true)","Double"
"0","Exchange/DataCenterDemo/Site1/DataHall2/Section4/PDU/PDU2A/Outlet/Outlet16/RmsCurrent","random(10.0, 30.0, true)","Double"
"0","Exchange/DataCenterDemo/Site1/DataHall2/Section3/Heatmap/Aisle6/Sensor3/Humidity","cosine(42.0, 44.0, 109.498, true)","Double"
"0","Exchange/DataCenterDemo/Site1/DataHall2/Section1/AHU/AHU2/Fan/SupplyAirStaticPressure","cosine(210.0, 225.0, 104.558, true)","Double"
"0","Exchange/DataCenterDemo/Site1/DataHall1/Section2/PDU/PDU8B/Outlet/Outlet10/RmsCurrent","random(10.0, 30.0, true)","Double"
"0","Exchange/DataCenterDemo/Site1/DataHall1/Section4/PQM/PQM1A/Voltage/VoltageCN","cosine(276.0, 278.0, 106.124, true)","Double"
"0","Exchange/DataCenterDemo/Site1/DataHall1/Section3/PDU/PDU4A/Outlet/Outlet7/RmsCurrent","random(10.0, 30.0, true)","Double"
"0","Exchange/DataCenterDemo/Site1/DataHall1/Section3/PDU/PDU9A/Outlet/Outlet10/RmsCurrent","random(10.0, 30.0, true)","Double"
"0","Exchange/DataCenterDemo/Site1/DataHall2/Section1/PDU/PDU2B/Outlet/Outlet11/RmsCurrent","random(10.0, 30.0, true)","Double"
"0","Exchange/DataCenterDemo/Site1/DataHall2/Section3/PDU/PDU3A/Outlet/Outlet6/RmsCurrent","random(10.0, 30.0, true)","Double"
"0","Exchange/DataCenterDemo/Site1/DataHall1/Section4/PQM/PQM1A/Current/CurrentB","random(3750.0, 4100.0, true)","Double"
"0","Exchange/DataCenterDemo/Site1/DataHall1/Section4/PQM/PQM1A/Current/CurrentC","random(3750.0, 4100.0, true)","Double"
"0","Exchange/DataCenterDemo/Site1/DataHall1/Section4/PDU/PDU5B/Outlet/Outlet6/RmsCurrent","random(10.0, 30.0, true)","Double"
"0","Exchange/DataCenterDemo/Site1/DataHall1/Section4/PQM/PQM1A/Current/CurrentA","random(3750.0, 4100.0, true)","Double"
"0","Exchange/DataCenterDemo/Site1/DataHall2/Section2/AHU/AHU6/Temperature/SupplyAirTemperature","sine(21.0, 22.0, 109.441, true)","Double"
"0","Exchange/DataCenterDemo/Site1/DataHall1/Section4/PDU/PDU12A/Outlet/Outlet15/RmsCurrent","random(10.0, 30.0, true)","Double"
"0","Exchange/DataCenterDemo/Site1/DataHall1/Section4/UPS/UPS2A/Output/SystemOutputVoltageBC","random(480.0, 480.5, true)","Double"
"0","Exchange/DataCenterDemo/Site1/DataHall2/Section3/PDU/PDU2B/Outlet/Outlet14/RmsCurrent","random(10.0, 30.0, true)","Double"
"0","Exchange/DataCenterDemo/Site1/DataHall1/Section3/PDU/PDU8A/Outlet/Outlet12/RmsCurrent","random(10.0, 30.0, true)","Double"
"0","Exchange/DataCenterDemo/Site1/DataHall1/Section4/PDU/PDU12B/Outlet/Outlet7/RmsCurrent","random(10.0, 30.0, true)","Double"
"0","Exchange/DataCenterDemo/Site1/DataHall2/Section2/Heatmap/Aisle5/Sensor1/Temperature","random(18.0, 23.9, true)","Double"
"0","Exchange/DataCenterDemo/Site1/DataHall1/Section3/PDU/PDU5B/Outlet/Outlet6/RmsCurrent","random(10.0, 30.0, true)","Double"
"0","Exchange/DataCenterDemo/Site1/DataHall2/Section3/UPS/UPS1B/Input/SystemInputCurrentC","random(1600.0, 1900.0, true)","Double"
"0","Exchange/DataCenterDemo/Site1/DataHall1/Section3/PDU/PDU12B/Outlet/Outlet9/RmsCurrent","random(10.0, 30.0, true)","Double"
"0","Exchange/DataCenterDemo/Site1/DataHall2/Section3/UPS/UPS1B/Input/SystemInputCurrentB","random(1600.0, 1900.0, true)","Double"
"0","Exchange/DataCenterDemo/Site1/DataHall1/Section4/PDU/PDU9A/Outlet/Outlet15/RmsCurrent","random(10.0, 30.0, true)","Double"
"0","Exchange/DataCenterDemo/Site1/DataHall2/Section3/UPS/UPS1B/Input/SystemInputCurrentA","random(1600.0, 1900.0, true)","Double"
"0","Exchange/DataCenterDemo/Site1/DataHall2/Section4/PDU/PDU2B/Outlet/Outlet12/RmsCurrent","random(10.0, 30.0, true)","Double"
"0","Exchange/DataCenterDemo/Site1/DataHall1/Section1/PDU/PDU12B/Outlet/Outlet13/RmsCurrent","random(10.0, 30.0, true)","Double"
"0","Exchange/DataCenterDemo/Site1/DataHall2/Section2/PDU/PDU2A/Outlet/Outlet13/RmsCurrent","random(10.0, 30.0, true)","Double"
"0","Exchange/DataCenterDemo/Site1/DataHall2/Section4/UPS/UPS1A/Output/SystemOutputCurrentC","random(1500.0, 1800.0, true)","Double"
"0","Exchange/DataCenterDemo/Site1/DataHall2/Section4/UPS/UPS1A/Output/SystemOutputCurrentB","random(1500.0, 1800.0, true)","Double"
"0","Exchange/DataCenterDemo/Site1/DataHall2/Section4/UPS/UPS1A/Output/SystemOutputCurrentA","random(1500.0, 1800.0, true)","Double"
"0","Exchange/DataCenterDemo/Site1/DataHall1/Section3/PDU/PDU9B/Outlet/Outlet13/RmsCurrent","random(10.0, 30.0, true)","Double"
"0","Exchange/DataCenterDemo/Site1/DataHall2/Section1/AHU/AHU3/Temperature/ReturnAirTemperature","sine(30.0, 34.0, 202.037, true)","Double"
"0","Exchange/DataCenterDemo/Site1/DataHall1/Section2/PDU/PDU8B/Outlet/Outlet1/RmsCurrent","random(10.0, 30.0, true)","Double"
"0","Exchange/DataCenterDemo/Site1/DataHall2/Section2/PDU/PDU4A/Outlet/Outlet16/RmsCurrent","random(10.0, 30.0, true)","Double"
"0","Exchange/DataCenterDemo/Site1/DataHall2/Section3/PDU/PDU2A/Outlet/Outlet11/RmsCurrent","random(10.0, 30.0, true)","Double"
"0","Exchange/DataCenterDemo/Site1/DataHall2/Section3/PDU/PDU4B/Outlet/Outlet5/RmsCurrent","random(10.0, 30.0, true)","Double"
"0","Exchange/DataCenterDemo/Site1/DataHall2/Section1/Breaker/Breaker1B/Metering/VoltageMeanLL","random(470.0, 490.0, true)","Double"
"0","Exchange/DataCenterDemo/Site1/DataHall2/Section2/UPS/UPS1B/Input/SystemInputCurrentC","random(1600.0, 1900.0, true)","Double"
"0","Exchange/DataCenterDemo/Site1/DataHall1/Section3/Heatmap/Aisle9/Sensor1/Temperature","random(18.0, 23.9, true)","Double"
"0","Exchange/DataCenterDemo/Site1/DataHall2/Section2/UPS/UPS1B/Input/SystemInputCurrentB","random(1600.0, 1900.0, true)","Double"
"0","Exchange/DataCenterDemo/Site1/DataHall2/Section2/UPS/UPS1B/Input/SystemInputCurrentA","random(1600.0, 1900.0, true)","Double"
"0","Exchange/DataCenterDemo/Site1/DataHall1/Section2/Heatmap/Aisle5/Sensor2/Temperature","random(18.0, 23.9, true)","Double"
"0","Exchange/DataCenterDemo/Site1/DataHall1/Section4/PDU/PDU9B/Outlet/Outlet11/RmsCurrent","random(10.0, 30.0, true)","Double"
"0","Exchange/DataCenterDemo/Site1/DataHall1/Section1/Heatmap/Aisle1/Sensor3/Temperature","random(18.0, 23.9, true)","Double"
"0","Exchange/DataCenterDemo/Site1/DataHall2/Section4/PDU/PDU3B/Outlet/Outlet9/RmsCurrent","random(10.0, 30.0, true)","Double"
"0","Exchange/DataCenterDemo/Site1/DataHall2/Section1/PDU/PDU11A/Outlet/Outlet16/RmsCurrent","random(10.0, 30.0, true)","Double"
"0","Exchange/DataCenterDemo/Site1/DataHall2/Section4/PDU/PDU5B/Outlet/Outlet1/RmsCurrent","random(10.0, 30.0, true)","Double"
"0","Exchange/DataCenterDemo/Site1/DataHall1/Section4/PDU/PDU10A/Outlet/Outlet12/RmsCurrent","random(10.0, 30.0, true)","Double"
"0","Exchange/DataCenterDemo/Architecture/EAM/Agents/Backend - Backup/Backup/Metrics/System/Memory Usage","ramp(27.0, 38.0, 1.075, true)","Double"
"0","Exchange/DataCenterDemo/Site1/DataHall1/Section1/PDU/PDU11A/Outlet/Outlet7/RmsCurrent","random(10.0, 30.0, true)","Double"
"0","Exchange/DataCenterDemo/Site1/DataHall2/Section3/PDU/PDU9A/Outlet/Outlet9/RmsCurrent","random(10.0, 30.0, true)","Double"
"0","Exchange/DataCenterDemo/Site1/DataHall1/Section3/PDU/PDU6B/Outlet/Outlet2/RmsCurrent","random(10.0, 30.0, true)","Double"
"0","Exchange/DataCenterDemo/Site1/DataHall2/Section4/PQM/PQM1B/Voltage/VoltageCN","cosine(276.0, 278.0, 108.483, true)","Double"
"0","Exchange/DataCenterDemo/Site1/DataHall2/Section1/AHU/AHU6/Fan/FanSpeedCommand","square(70.0, 100.0, 96.161, true)","Double"
"0","Exchange/DataCenterDemo/Site1/DataHall2/Section1/PDU/PDU4B/Outlet/Outlet14/RmsCurrent","random(10.0, 30.0, true)","Double"
"0","Exchange/DataCenterDemo/Site1/DataHall1/Section3/PDU/PDU8B/Outlet/Outlet1/RmsCurrent","random(10.0, 30.0, true)","Double"
"0","Exchange/DataCenterDemo/Site1/DataHall2/Section4/PQM/PQM1B/Voltage/VoltageCA","cosine(478.0, 481.0, 109.039, true)","Double"
"0","Exchange/DataCenterDemo/Site1/DataHall1/Section3/PDU/PDU2A/Outlet/Outlet8/RmsCurrent","random(10.0, 30.0, true)","Double"
"0","Exchange/DataCenterDemo/Site1/DataHall1/Section4/Heatmap/Aisle6/Sensor3/Humidity","cosine(42.0, 44.0, 90.816, true)","Double"
"0","Exchange/DataCenterDemo/Site1/DataHall2/Section1/PDU/PDU11B/Outlet/Outlet4/RmsCurrent","random(10.0, 30.0, true)","Double"
"0","Exchange/DataCenterDemo/Site1/DataHall1/Section4/PDU/PDU4B/Outlet/Outlet3/RmsCurrent","random(10.0, 30.0, true)","Double"
"0","Exchange/DataCenterDemo/Site1/DataHall1/Section4/AHU/AHU4/Fan/FanSpeedCommand","square(70.0, 100.0, 108.999, true)","Double"
"0","Exchange/DataCenterDemo/Site1/DataHall2/Section1/PDU/PDU11B/Outlet/Outlet12/RmsCurrent","random(10.0, 30.0, true)","Double"
"0","Exchange/DataCenterDemo/Site1/DataHall2/Section1/PDU/PDU5A/Outlet/Outlet5/RmsCurrent","random(10.0, 30.0, true)","Double"
"0","Exchange/DataCenterDemo/Site1/DataHall1/Section2/PDU/PDU1B/Outlet/Outlet2/RmsCurrent","random(10.0, 30.0, true)","Double"
"0","Exchange/DataCenterDemo/Site1/DataHall2/Section1/Breaker/Breaker6A/Metering/CurrentB","random(4300.0, 5800.0, true)","Double"
"0","Exchange/DataCenterDemo/Site1/DataHall2/Section4/PQM/PQM1B/Voltage/VoltageBN","cosine(276.0, 278.0, 101.284, true)","Double"
"0","Exchange/DataCenterDemo/Site1/DataHall2/Section1/Breaker/Breaker6A/Metering/CurrentA","random(4300.0, 5800.0, true)","Double"
"0","Exchange/DataCenterDemo/Site1/DataHall2/Section1/PDU/PDU6A/Outlet/Outlet1/RmsCurrent","random(10.0, 30.0, true)","Double"
"0","Exchange/DataCenterDemo/Site1/DataHall1/Section4/AHU/AHU5/Temperature/SupplyAirTemperature","sine(21.0, 22.0, 109.998, true)","Double"
"0","Exchange/DataCenterDemo/Site1/DataHall2/Section3/PDU/PDU1A/Outlet/Outlet7/RmsCurrent","random(10.0, 30.0, true)","Double"
"0","Exchange/DataCenterDemo/Site1/DataHall2/Section1/Breaker/Breaker6A/Metering/CurrentC","random(4300.0, 5800.0, true)","Double"
"0","Exchange/DataCenterDemo/Site1/DataHall2/Section3/PDU/PDU8A/Outlet/Outlet6/RmsCurrent","random(10.0, 30.0, true)","Double"
"0","Exchange/DataCenterDemo/Site1/DataHall2/Section4/PDU/PDU3B/Outlet/Outlet2/RmsCurrent","random(10.0, 30.0, true)","Double"
"0","Exchange/DataCenterDemo/Site1/DataHall2/Section2/AHU/AHU3/Temperature/MixedAirTemperature","cosine(14.0, 16.0, 97.76, true)","Double"
"0","Exchange/DataCenterDemo/Site1/DataHall1/Section3/Heatmap/Aisle1/Sensor2/Temperature","random(18.0, 23.9, true)","Double"
"0","Exchange/DataCenterDemo/Site1/DataHall2/Section4/PQM/PQM1B/Voltage/VoltageBC","cosine(478.0, 481.0, 92.349, true)","Double"
"0","Exchange/DataCenterDemo/Site1/DataHall1/Section4/PDU/PDU11B/Outlet/Outlet4/RmsCurrent","random(10.0, 30.0, true)","Double"
"0","Exchange/DataCenterDemo/Site1/DataHall2/Section4/Heatmap/Aisle10/Sensor2/Temperature","random(38.0, 43.9, true)","Double"
"0","Exchange/DataCenterDemo/Site1/DataHall1/Section3/Heatmap/Aisle9/Sensor3/Temperature","random(18.0, 23.9, true)","Double"
"0","Exchange/DataCenterDemo/Site1/DataHall2/Section3/PDU/PDU8B/Outlet/Outlet15/RmsCurrent","random(10.0, 30.0, true)","Double"
"0","Exchange/DataCenterDemo/Site1/DataHall1/Section3/PDU/PDU7B/Outlet/Outlet5/RmsCurrent","random(10.0, 30.0, true)","Double"
"0","Exchange/DataCenterDemo/Site1/DataHall1/Section3/Heatmap/Aisle8/Sensor2/Humidity","cosine(42.0, 44.0, 94.229, true)","Double"
"0","Exchange/DataCenterDemo/Site1/DataHall1/Section1/PDU/PDU12A/Outlet/Outlet10/RmsCurrent","random(10.0, 30.0, true)","Double"
"0","Exchange/DataCenterDemo/Site1/DataHall1/Section1/PDU/PDU6A/Outlet/Outlet6/RmsCurrent","random(10.0, 30.0, true)","Double"
"0","Exchange/DataCenterDemo/Site1/DataHall2/Section3/PDU/PDU6B/Outlet/Outlet4/RmsCurrent","random(10.0, 30.0, true)","Double"
"0","Exchange/DataCenterDemo/Architecture/EAM/Agents/Backend - Master/Master/Metrics/System/Memory Usage","ramp(27.0, 38.0, 1.014, true)","Double"
"0","Exchange/DataCenterDemo/Site1/DataHall1/Section2/Section/PowerUsageEffectiveness","random(1.15, 1.3, false)","Double"
"0","Exchange/DataCenterDemo/Site1/DataHall1/Section3/UPS/UPS1A/Battery/BatteryCapacityRemaining","ramp(95.0, 99.0, 95.363, true)","Double"
"0","Exchange/DataCenterDemo/Site1/DataHall2/Section4/PDU/PDU2B/Outlet/Outlet6/RmsCurrent","random(10.0, 30.0, true)","Double"
"0","Exchange/DataCenterDemo/Site1/DataHall1/Section3/PDU/PDU9A/Outlet/Outlet7/RmsCurrent","random(10.0, 30.0, true)","Double"
"0","Exchange/DataCenterDemo/Site1/DataHall2/Section4/PQM/PQM1B/Voltage/VoltageAN","cosine(276.0, 278.0, 90.448, true)","Double"
"0","Exchange/DataCenterDemo/Site1/DataHall1/Section1/PDU/PDU7A/Outlet/Outlet2/RmsCurrent","random(10.0, 30.0, true)","Double"
"0","Exchange/DataCenterDemo/Site1/DataHall1/Section3/PDU/PDU12B/Outlet/Outlet2/RmsCurrent","random(10.0, 30.0, true)","Double"
"0","Exchange/DataCenterDemo/Site1/DataHall2/Section3/PDU/PDU5B/Outlet/Outlet8/RmsCurrent","random(10.0, 30.0, true)","Double"
"0","Exchange/DataCenterDemo/Site1/DataHall1/Section3/PDU/PDU4B/Outlet/Outlet16/RmsCurrent","random(10.0, 30.0, true)","Double"
"0","Exchange/DataCenterDemo/Site1/DataHall1/Section1/PDU/PDU10A/Outlet/Outlet4/RmsCurrent","random(10.0, 30.0, true)","Double"
"0","Exchange/DataCenterDemo/Site1/DataHall2/Section3/PDU/PDU2A/Outlet/Outlet3/RmsCurrent","random(10.0, 30.0, true)","Double"
"0","Exchange/DataCenterDemo/Site1/DataHall2/Section4/PQM/PQM1B/Voltage/VoltageAB","cosine(478.0, 481.0, 97.329, true)","Double"
"0","Exchange/DataCenterDemo/Site1/DataHall1/Section3/AHU/AHU7/Fan/FanSpeedCommand","square(70.0, 100.0, 91.61, true)","Double"
"0","Exchange/DataCenterDemo/Site1/DataHall2/Section3/Heatmap/Aisle1/Sensor1/Temperature","random(18.0, 23.9, true)","Double"
"0","Exchange/DataCenterDemo/Site1/DataHall1/Section2/Breaker/Breaker2A/Metering/CurrentA","random(4300.0, 5800.0, true)","Double"
"0","Exchange/DataCenterDemo/Site1/DataHall1/Section2/PDU/PDU1B/Outlet/Outlet9/RmsCurrent","random(10.0, 30.0, true)","Double"
"0","Exchange/DataCenterDemo/Site1/DataHall1/Section4/Breaker/Breaker5B/Metering/CurrentA","random(4300.0, 5800.0, true)","Double"
"0","Exchange/DataCenterDemo/Site1/DataHall1/Section2/Breaker/Breaker2A/Metering/CurrentB","random(4300.0, 5800.0, true)","Double"
"0","Exchange/DataCenterDemo/Site1/DataHall1/Section3/PDU/PDU6B/Outlet/Outlet9/RmsCurrent","random(10.0, 30.0, true)","Double"
"0","Exchange/DataCenterDemo/Site1/DataHall1/Section4/Breaker/Breaker5B/Metering/CurrentB","random(4300.0, 5800.0, true)","Double"
"0","Exchange/DataCenterDemo/Site1/DataHall1/Section2/Breaker/Breaker2A/Metering/CurrentC","random(4300.0, 5800.0, true)","Double"
"0","Exchange/DataCenterDemo/Site1/DataHall1/Section4/Breaker/Breaker5B/Metering/CurrentC","random(4300.0, 5800.0, true)","Double"
"0","Exchange/DataCenterDemo/Site1/DataHall2/Section1/Breaker/Breaker5A/Metering/CurrentA","random(4300.0, 5800.0, true)","Double"
"0","Exchange/DataCenterDemo/Site1/DataHall2/Section2/PDU/PDU10B/Outlet/Outlet13/RmsCurrent","random(10.0, 30.0, true)","Double"
"0","Exchange/DataCenterDemo/Site1/DataHall1/Section4/AHU/AHU3/Temperature/MixedAirTemperature","cosine(14.0, 16.0, 90.475, true)","Double"
"0","Exchange/DataCenterDemo/Site1/DataHall2/Section1/Breaker/Breaker5A/Metering/CurrentC","random(4300.0, 5800.0, true)","Double"
"0","Exchange/DataCenterDemo/Site1/DataHall2/Section1/Breaker/Breaker5A/Metering/CurrentB","random(4300.0, 5800.0, true)","Double"
"0","Exchange/DataCenterDemo/Site1/DataHall2/Section3/PDU/PDU12B/Outlet/Outlet15/RmsCurrent","random(10.0, 30.0, true)","Double"
"0","Exchange/DataCenterDemo/Site1/DataHall2/Section1/PDU/PDU10B/Outlet/Outlet8/RmsCurrent","random(10.0, 30.0, true)","Double"
"0","Exchange/DataCenterDemo/Architecture/EAM/Agents/Edge 3/Independent/Metrics/Logging/Errors Per Hour","random(0.0, 5.0, true)","Double"
"0","Exchange/DataCenterDemo/Site1/DataHall2/Section4/Breaker/Breaker4A/Metering/VoltageMeanLL","random(470.0, 490.0, true)","Double"
"0","Exchange/DataCenterDemo/Site1/DataHall2/Section2/Heatmap/Aisle3/Sensor1/Humidity","cosine(46.0, 48.0, 101.195, true)","Double"
"0","Exchange/DataCenterDemo/Site1/DataHall2/Section2/PDU/PDU10B/Outlet/Outlet6/RmsCurrent","random(10.0, 30.0, true)","Double"
"0","Exchange/DataCenterDemo/Site1/DataHall1/Section2/PQM/PQM1B/Current/CurrentC","random(3750.0, 4100.0, true)","Double"
"0","Exchange/DataCenterDemo/Site1/DataHall2/Section4/PDU/PDU7A/Outlet/Outlet3/RmsCurrent","random(10.0, 30.0, true)","Double"
"0","Exchange/DataCenterDemo/Site1/DataHall1/Section4/PDU/PDU2A/Outlet/Outlet16/RmsCurrent","random(10.0, 30.0, true)","Double"
"0","Exchange/DataCenterDemo/Site1/DataHall1/Section2/PDU/PDU6A/Outlet/Outlet11/RmsCurrent","random(10.0, 30.0, true)","Double"
"0","Exchange/DataCenterDemo/Site1/DataHall2/Section4/PQM/PQM2A/PQ/ThdVoltageAN","3.3","Double"
"0","Exchange/DataCenterDemo/Site1/DataHall2/Section2/PDU/PDU2B/Outlet/Outlet16/RmsCurrent","random(10.0, 30.0, true)","Double"
"0","Exchange/DataCenterDemo/Site1/DataHall2/Section1/AHU/AHU3/Status/IsAhuRunning","1.0","Double"
"0","Exchange/DataCenterDemo/Site1/DataHall2/Section2/PDU/PDU4A/Outlet/Outlet2/RmsCurrent","random(10.0, 30.0, true)","Double"
"0","Exchange/DataCenterDemo/Site1/DataHall2/Section4/PQM/PQM1B/PQ/ThdVoltageAN","3.3","Double"
"0","Exchange/DataCenterDemo/Site1/DataHall1/Section3/PDU/PDU11A/Outlet/Outlet11/RmsCurrent","random(10.0, 30.0, true)","Double"
"0","Exchange/DataCenterDemo/Site1/DataHall1/Section4/PDU/PDU8A/Outlet/Outlet4/RmsCurrent","random(10.0, 30.0, true)","Double"
"0","Exchange/DataCenterDemo/Site1/DataHall2/Section1/AHU/AHU5/Temperature/SupplyAirTemperature","sine(21.0, 22.0, 105.696, true)","Double"
"0","Exchange/DataCenterDemo/Site1/DataHall1/Section3/PDU/PDU3A/Outlet/Outlet4/RmsCurrent","random(10.0, 30.0, true)","Double"
"0","Exchange/DataCenterDemo/Site1/DataHall2/Section3/PDU/PDU9A/Outlet/Outlet2/RmsCurrent","random(10.0, 30.0, true)","Double"
"0","Exchange/DataCenterDemo/Site1/DataHall1/Section3/UPS/UPS2B/Battery/BatteryCapacityRemaining","ramp(95.0, 99.0, 93.734, true)","Double"
"0","Exchange/DataCenterDemo/Site1/DataHall2/Section3/Heatmap/Aisle9/Sensor1/Humidity","cosine(46.0, 48.0, 104.398, true)","Double"
"0","Exchange/DataCenterDemo/Site1/DataHall1/Section3/Heatmap/Aisle2/Sensor2/Humidity","cosine(42.0, 44.0, 92.639, true)","Double"
"0","Exchange/DataCenterDemo/Site1/DataHall2/Section1/PDU/PDU12B/Outlet/Outlet10/RmsCurrent","random(10.0, 30.0, true)","Double"
"0","Exchange/DataCenterDemo/Site1/DataHall1/Section3/PDU/PDU8B/Outlet/Outlet15/RmsCurrent","random(10.0, 30.0, true)","Double"
"0","Exchange/DataCenterDemo/Site1/DataHall1/Section2/PQM/PQM1B/Current/CurrentA","random(3750.0, 4100.0, true)","Double"
"0","Exchange/DataCenterDemo/Site1/DataHall2/Section2/PDU/PDU3A/Outlet/Outlet6/RmsCurrent","random(10.0, 30.0, true)","Double"
"0","Exchange/DataCenterDemo/Site1/DataHall1/Section2/PDU/PDU9B/Outlet/Outlet4/RmsCurrent","random(10.0, 30.0, true)","Double"
"0","Exchange/DataCenterDemo/Site1/DataHall1/Section2/PQM/PQM1B/Current/CurrentB","random(3750.0, 4100.0, true)","Double"
"0","Exchange/DataCenterDemo/Site1/DataHall2/Section3/Heatmap/Aisle7/Sensor2/Humidity","cosine(46.0, 48.0, 91.424, true)","Double"
"0","Exchange/DataCenterDemo/Site1/DataHall2/Section1/PDU/PDU7A/Outlet/Outlet4/RmsCurrent","random(10.0, 30.0, true)","Double"
"0","Exchange/DataCenterDemo/Site1/DataHall2/Section2/PDU/PDU6A/Outlet/Outlet8/RmsCurrent","random(10.0, 30.0, true)","Double"
"0","Exchange/DataCenterDemo/Site1/DataHall2/Section4/PDU/PDU12B/Outlet/Outlet7/RmsCurrent","random(10.0, 30.0, true)","Double"
"0","Exchange/DataCenterDemo/Site1/DataHall2/Section3/PDU/PDU8B/Outlet/Outlet3/RmsCurrent","random(10.0, 30.0, true)","Double"
"0","Exchange/DataCenterDemo/Site1/DataHall2/Section3/PQM/PQM2A/Voltage/VoltageCN","cosine(276.0, 278.0, 105.325, true)","Double"
"0","Exchange/DataCenterDemo/Site1/DataHall2/Section4/PDU/PDU5B/Outlet/Outlet13/RmsCurrent","random(10.0, 30.0, true)","Double"
"0","Exchange/DataCenterDemo/Site1/DataHall2/Section4/PDU/PDU6A/Outlet/Outlet7/RmsCurrent","random(10.0, 30.0, true)","Double"
"0","Exchange/DataCenterDemo/Site1/DataHall2/Section4/PDU/PDU7B/Outlet/Outlet7/RmsCurrent","random(10.0, 30.0, true)","Double"
"0","Exchange/DataCenterDemo/Site1/DataHall1/Section1/PDU/PDU10A/Outlet/Outlet14/RmsCurrent","random(10.0, 30.0, true)","Double"
"0","Exchange/DataCenterDemo/Site1/DataHall2/Section2/PDU/PDU1B/Outlet/Outlet4/RmsCurrent","random(10.0, 30.0, true)","Double"
"0","Exchange/DataCenterDemo/Site1/DataHall1/Section2/UPS/UPS2A/Input/SystemInputVoltageAB","random(470.0, 490.0, true)","Double"
"0","Exchange/DataCenterDemo/Site1/DataHall1/Section2/Breaker/Breaker3A/Metering/CurrentB","random(4300.0, 5800.0, true)","Double"
"0","Exchange/DataCenterDemo/Site1/DataHall1/Section2/Breaker/Breaker3A/Metering/CurrentC","random(4300.0, 5800.0, true)","Double"
"0","Exchange/DataCenterDemo/Site1/DataHall1/Section3/AHU/AHU2/Temperature/SupplyAirTemperature","sine(21.0, 26.0, 100.0, true)","Double"
"0","Exchange/DataCenterDemo/Site1/DataHall1/Section1/PDU/PDU6A/Outlet/Outlet13/RmsCurrent","random(10.0, 30.0, true)","Double"
"0","Exchange/DataCenterDemo/Site1/DataHall1/Section2/Breaker/Breaker3A/Metering/CurrentA","random(4300.0, 5800.0, true)","Double"
"0","Exchange/DataCenterDemo/Site1/DataHall2/Section1/PDU/PDU12A/Outlet/Outlet3/RmsCurrent","random(10.0, 30.0, true)","Double"
"0","Exchange/DataCenterDemo/Site1/DataHall1/Section4/PDU/PDU3A/Outlet/Outlet14/RmsCurrent","random(10.0, 30.0, true)","Double"
"0","Exchange/DataCenterDemo/Site1/DataHall1/Section1/PDU/PDU10B/Outlet/Outlet8/RmsCurrent","random(10.0, 30.0, true)","Double"
"0","Exchange/DataCenterDemo/Site1/DataHall1/Section3/PDU/PDU8A/Outlet/Outlet4/RmsCurrent","random(10.0, 30.0, true)","Double"
"0","Exchange/DataCenterDemo/Site1/DataHall2/Section4/Heatmap/Aisle4/Sensor1/Temperature","random(38.0, 43.9, true)","Double"
"0","Exchange/DataCenterDemo/Site1/DataHall1/Section1/AHU/AHU7/Temperature/ReturnAirTemperature","sine(30.0, 34.0, 219.656, true)","Double"
"0","Exchange/DataCenterDemo/Site1/DataHall2/Section3/AHU/AHU5/Fan/FanSpeedFeedback","cosine(70.0, 100.0, 97.852, true)","Double"
"0","Exchange/DataCenterDemo/Site1/DataHall2/Section4/PDU/PDU11B/Outlet/Outlet16/RmsCurrent","random(10.0, 30.0, true)","Double"
"0","Exchange/DataCenterDemo/Site1/DataHall1/Section4/PDU/PDU7A/Outlet/Outlet8/RmsCurrent","random(10.0, 30.0, true)","Double"
"0","Exchange/DataCenterDemo/Site1/DataHall2/Section1/PDU/PDU11A/Outlet/Outlet7/RmsCurrent","random(10.0, 30.0, true)","Double"
"0","Exchange/DataCenterDemo/Site1/DataHall2/Section3/PQM/PQM2A/Voltage/VoltageBN","cosine(276.0, 278.0, 105.481, true)","Double"
"0","Exchange/DataCenterDemo/Site1/DataHall1/Section1/PDU/PDU4B/Outlet/Outlet13/RmsCurrent","random(10.0, 30.0, true)","Double"
"0","Exchange/DataCenterDemo/Site1/DataHall1/Section3/PDU/PDU1A/Outlet/Outlet5/RmsCurrent","random(10.0, 30.0, true)","Double"
"0","Exchange/DataCenterDemo/Site1/DataHall1/Section4/PDU/PDU4A/Outlet/Outlet11/RmsCurrent","random(10.0, 30.0, true)","Double"
"0","Exchange/DataCenterDemo/Site1/DataHall1/Section2/PDU/PDU4A/Outlet/Outlet16/RmsCurrent","random(10.0, 30.0, true)","Double"
"0","Exchange/DataCenterDemo/Site1/DataHall1/Section3/Heatmap/Aisle13/Sensor3/Temperature","random(18.0, 23.9, true)","Double"
"0","Exchange/DataCenterDemo/Site1/DataHall1/Section3/PDU/PDU3B/Outlet/Outlet12/RmsCurrent","random(10.0, 30.0, true)","Double"
"0","Exchange/DataCenterDemo/Site1/DataHall2/Section2/Heatmap/Aisle2/Sensor2/Humidity","cosine(42.0, 44.0, 106.733, true)","Double"
"0","Exchange/DataCenterDemo/Site1/DataHall2/Section1/Heatmap/Aisle2/Sensor3/Temperature","random(38.0, 43.9, true)","Double"
"0","Exchange/DataCenterDemo/Site1/DataHall2/Section2/PDU/PDU8B/Outlet/Outlet3/RmsCurrent","random(10.0, 30.0, true)","Double"
"0","Exchange/DataCenterDemo/Site1/DataHall1/Section2/UPS/UPS2A/Input/SystemInputVoltageBC","random(470.0, 490.0, true)","Double"
"0","Exchange/DataCenterDemo/Site1/DataHall1/Section1/PDU/PDU10B/Outlet/Outlet10/RmsCurrent","random(10.0, 30.0, true)","Double"
"0","Exchange/DataCenterDemo/Site1/DataHall2/Section3/PDU/PDU1B/Outlet/Outlet4/RmsCurrent","random(10.0, 30.0, true)","Double"
"0","Exchange/DataCenterDemo/Site1/DataHall1/Section1/PDU/PDU4B/Outlet/Outlet14/RmsCurrent","random(10.0, 30.0, true)","Double"
"0","Exchange/DataCenterDemo/Site1/DataHall2/Section3/PDU/PDU10A/Outlet/Outlet10/RmsCurrent","random(10.0, 30.0, true)","Double"
"0","Exchange/DataCenterDemo/Site1/DataHall2/Section3/PDU/PDU5B/Outlet/Outlet15/RmsCurrent","random(10.0, 30.0, true)","Double"
"0","Exchange/DataCenterDemo/Site1/DataHall2/Section3/PQM/PQM2A/Voltage/VoltageCA","cosine(478.0, 481.0, 110.0, true)","Double"
"0","Exchange/DataCenterDemo/Site1/DataHall2/Section2/AHU/AHU2/Fan/FanSpeedFeedback","cosine(70.0, 100.0, 96.578, true)","Double"
"0","Exchange/DataCenterDemo/Site1/DataHall1/Section2/Heatmap/Aisle13/Sensor3/Temperature","random(18.0, 23.9, true)","Double"
"0","Exchange/DataCenterDemo/Site1/DataHall1/Section4/Heatmap/Aisle7/Sensor2/Humidity","cosine(46.0, 48.0, 108.998, true)","Double"
"0","Exchange/DataCenterDemo/Site1/DataHall2/Section1/Heatmap/Aisle9/Sensor1/Temperature","random(18.0, 23.9, true)","Double"
"0","Exchange/DataCenterDemo/Site1/DataHall1/Section2/PDU/PDU5A/Outlet/Outlet14/RmsCurrent","random(10.0, 30.0, true)","Double"
"0","Exchange/DataCenterDemo/Site1/DataHall2/Section1/Section/PowerUsageEffectiveness","random(1.15, 1.3, false)","Double"
"0","Exchange/DataCenterDemo/Site1/DataHall1/Section2/PDU/PDU4A/Outlet/Outlet15/RmsCurrent","random(10.0, 30.0, true)","Double"
"0","Exchange/DataCenterDemo/Site1/DataHall1/Section3/PDU/PDU2A/Outlet/Outlet1/RmsCurrent","random(10.0, 30.0, true)","Double"
"0","Exchange/DataCenterDemo/Site1/DataHall1/Section3/PDU/PDU4A/Outlet/Outlet13/RmsCurrent","random(10.0, 30.0, true)","Double"
"0","Exchange/DataCenterDemo/Site1/DataHall2/Section2/PDU/PDU7A/Outlet/Outlet4/RmsCurrent","random(10.0, 30.0, true)","Double"
"0","Exchange/DataCenterDemo/Site1/DataHall1/Section4/PDU/PDU3B/Outlet/Outlet7/RmsCurrent","random(10.0, 30.0, true)","Double"
"0","Exchange/DataCenterDemo/Site1/DataHall2/Section2/PDU/PDU12A/Outlet/Outlet8/RmsCurrent","random(10.0, 30.0, true)","Double"
"0","Exchange/DataCenterDemo/Site1/DataHall2/Section1/PDU/PDU7A/Outlet/Outlet12/RmsCurrent","random(10.0, 30.0, true)","Double"
"0","Exchange/DataCenterDemo/Site1/DataHall2/Section3/AHU/AHU7/Fan/SupplyAirStaticPressure","cosine(210.0, 225.0, 107.983, true)","Double"
"0","Exchange/DataCenterDemo/Site1/DataHall1/Section1/Breaker/Breaker6A/Metering/VoltageMeanLL","random(470.0, 490.0, true)","Double"
"0","Exchange/DataCenterDemo/Site1/DataHall2/Section1/UPS/UPS2A/Input/SystemInputCurrentA","random(1600.0, 1900.0, true)","Double"
"0","Exchange/DataCenterDemo/Site1/DataHall1/Section1/PDU/PDU5B/Outlet/Outlet12/RmsCurrent","random(10.0, 30.0, true)","Double"
"0","Exchange/DataCenterDemo/Site1/DataHall2/Section1/UPS/UPS2A/Input/SystemInputCurrentB","random(1600.0, 1900.0, true)","Double"
"0","Exchange/DataCenterDemo/Site1/DataHall2/Section1/UPS/UPS2A/Input/SystemInputCurrentC","random(1600.0, 1900.0, true)","Double"
"0","Exchange/DataCenterDemo/Site1/DataHall1/Section2/PDU/PDU2A/Outlet/Outlet1/RmsCurrent","random(10.0, 30.0, true)","Double"
"0","Exchange/DataCenterDemo/Site1/DataHall2/Section4/UPS/UPS1B/Battery/BatteryCapacityRemaining","ramp(95.0, 99.0, 101.459, true)","Double"
"0","Exchange/DataCenterDemo/Site1/DataHall2/Section2/PDU/PDU10A/Outlet/Outlet10/RmsCurrent","random(10.0, 30.0, true)","Double"
"0","Exchange/DataCenterDemo/Site1/DataHall2/Section1/PDU/PDU6A/Outlet/Outlet8/RmsCurrent","random(10.0, 30.0, true)","Double"
"0","Exchange/DataCenterDemo/Site1/DataHall1/Section1/Breaker/Breaker5B/Metering/CurrentA","random(4300.0, 5800.0, true)","Double"
"0","Exchange/DataCenterDemo/Site1/DataHall1/Section2/PDU/PDU12A/Outlet/Outlet10/RmsCurrent","random(10.0, 30.0, true)","Double"
"0","Exchange/DataCenterDemo/Site1/DataHall2/Section3/Breaker/Breaker5B/Metering/VoltageMeanLL","random(470.0, 490.0, true)","Double"
"0","Exchange/DataCenterDemo/Site1/DataHall2/Section3/PDU/PDU4A/Outlet/Outlet9/RmsCurrent","random(10.0, 30.0, true)","Double"
"0","Exchange/DataCenterDemo/Site1/DataHall1/Section1/Breaker/Breaker5B/Metering/CurrentB","random(4300.0, 5800.0, true)","Double"
"0","Exchange/DataCenterDemo/Site1/DataHall1/Section1/Breaker/Breaker5B/Metering/CurrentC","random(4300.0, 5800.0, true)","Double"
"0","Exchange/DataCenterDemo/Site1/DataHall2/Section2/PDU/PDU7A/Outlet/Outlet10/RmsCurrent","random(10.0, 30.0, true)","Double"
"0","Exchange/DataCenterDemo/Site1/DataHall2/Section4/PDU/PDU8B/Outlet/Outlet13/RmsCurrent","random(10.0, 30.0, true)","Double"
"0","Exchange/DataCenterDemo/Site1/DataHall2/Section3/PDU/PDU12B/Outlet/Outlet9/RmsCurrent","random(10.0, 30.0, true)","Double"
"0","Exchange/DataCenterDemo/Site1/DataHall1/Section2/PDU/PDU4B/Outlet/Outlet11/RmsCurrent","random(10.0, 30.0, true)","Double"
"0","Exchange/DataCenterDemo/Site1/DataHall1/Section4/PDU/PDU3B/Outlet/Outlet10/RmsCurrent","random(10.0, 30.0, true)","Double"
"0","Exchange/DataCenterDemo/Site1/DataHall1/Section1/PDU/PDU3B/Outlet/Outlet1/RmsCurrent","random(10.0, 30.0, true)","Double"
"0","Exchange/DataCenterDemo/Site1/DataHall1/Section2/PDU/PDU1A/Outlet/Outlet5/RmsCurrent","random(10.0, 30.0, true)","Double"
"0","Exchange/DataCenterDemo/Site1/DataHall1/Section3/PDU/PDU1B/Outlet/Outlet15/RmsCurrent","random(10.0, 30.0, true)","Double"
"0","Exchange/DataCenterDemo/Site1/DataHall2/Section3/AHU/AHU1/Fan/FanSpeedFeedback","cosine(70.0, 100.0, 99.422, true)","Double"
"0","Exchange/DataCenterDemo/Site1/DataHall2/Section2/Heatmap/Aisle10/Sensor1/Humidity","cosine(42.0, 44.0, 90.423, true)","Double"
"0","Exchange/DataCenterDemo/Site1/DataHall1/Section1/PDU/PDU4A/Outlet/Outlet10/RmsCurrent","random(10.0, 30.0, true)","Double"
"0","Exchange/DataCenterDemo/Site1/DataHall1/Section2/AHU/AHU1/Fan/SupplyAirStaticPressure","cosine(210.0, 225.0, 90.424, true)","Double"
"0","Exchange/DataCenterDemo/Site1/DataHall1/Section4/Heatmap/Aisle9/Sensor1/Humidity","cosine(46.0, 48.0, 94.824, true)","Double"
"0","Exchange/DataCenterDemo/Site1/DataHall1/Section2/PDU/PDU3A/Outlet/Outlet4/RmsCurrent","random(10.0, 30.0, true)","Double"
"0","Exchange/DataCenterDemo/Site1/DataHall2/Section2/PDU/PDU4B/Outlet/Outlet12/RmsCurrent","random(10.0, 30.0, true)","Double"
"0","Exchange/DataCenterDemo/Site1/DataHall1/Section2/PDU/PDU10A/Outlet/Outlet9/RmsCurrent","random(10.0, 30.0, true)","Double"
"0","Exchange/DataCenterDemo/Site1/DataHall2/Section2/PDU/PDU4A/Outlet/Outlet9/RmsCurrent","random(10.0, 30.0, true)","Double"
"0","Exchange/DataCenterDemo/Site1/DataHall2/Section4/PDU/PDU6B/Outlet/Outlet4/RmsCurrent","random(10.0, 30.0, true)","Double"
"0","Exchange/DataCenterDemo/Site1/DataHall1/Section4/PDU/PDU2A/Outlet/Outlet15/RmsCurrent","random(10.0, 30.0, true)","Double"
"0","Exchange/DataCenterDemo/Site1/DataHall2/Section4/PDU/PDU5B/Outlet/Outlet8/RmsCurrent","random(10.0, 30.0, true)","Double"
"0","Exchange/DataCenterDemo/Site1/DataHall1/Section1/PDU/PDU7A/Outlet/Outlet12/RmsCurrent","random(10.0, 30.0, true)","Double"
"0","Exchange/DataCenterDemo/Site1/DataHall2/Section1/PDU/PDU8A/Outlet/Outlet7/RmsCurrent","random(10.0, 30.0, true)","Double"
"0","Exchange/DataCenterDemo/Site1/DataHall2/Section2/PDU/PDU3B/Outlet/Outlet3/RmsCurrent","random(10.0, 30.0, true)","Double"
"0","Exchange/DataCenterDemo/Site1/DataHall2/Section3/PDU/PDU5A/Outlet/Outlet12/RmsCurrent","random(10.0, 30.0, true)","Double"
"0","Exchange/DataCenterDemo/Site1/DataHall1/Section2/PDU/PDU2A/Outlet/Outlet8/RmsCurrent","random(10.0, 30.0, true)","Double"
"0","Exchange/DataCenterDemo/Site1/DataHall1/Section3/Heatmap/Aisle1/Sensor3/Humidity","cosine(46.0, 48.0, 109.934, true)","Double"
"0","Exchange/DataCenterDemo/Site1/DataHall2/Section3/PDU/PDU4A/Outlet/Outlet14/RmsCurrent","random(10.0, 30.0, true)","Double"
"0","Exchange/DataCenterDemo/Site1/DataHall1/Section4/PDU/PDU7A/Outlet/Outlet1/RmsCurrent","random(10.0, 30.0, true)","Double"
"0","Exchange/DataCenterDemo/Site1/DataHall2/Section1/PDU/PDU1A/Outlet/Outlet1/RmsCurrent","random(10.0, 30.0, true)","Double"
"0","Exchange/DataCenterDemo/Site1/DataHall1/Section3/PDU/PDU4B/Outlet/Outlet3/RmsCurrent","random(10.0, 30.0, true)","Double"
"0","Exchange/DataCenterDemo/Site1/DataHall2/Section4/PDU/PDU9B/Outlet/Outlet11/RmsCurrent","random(10.0, 30.0, true)","Double"
"0","Exchange/DataCenterDemo/Site1/DataHall2/Section2/Heatmap/Aisle6/Sensor2/Temperature","random(38.0, 43.9, true)","Double"
"0","Exchange/DataCenterDemo/Site1/DataHall1/Section2/PDU/PDU7A/Outlet/Outlet10/RmsCurrent","random(10.0, 30.0, true)","Double"
"0","Exchange/DataCenterDemo/Site1/DataHall2/Section1/PDU/PDU1A/Outlet/Outlet11/RmsCurrent","random(10.0, 30.0, true)","Double"
"0","Exchange/DataCenterDemo/Site1/DataHall2/Section2/PDU/PDU5A/Outlet/Outlet5/RmsCurrent","random(10.0, 30.0, true)","Double"
"0","Exchange/DataCenterDemo/Site1/DataHall2/Section4/PDU/PDU5A/Outlet/Outlet10/RmsCurrent","random(10.0, 30.0, true)","Double"
"0","Exchange/DataCenterDemo/Site1/DataHall1/Section4/PDU/PDU5A/Outlet/Outlet9/RmsCurrent","random(10.0, 30.0, true)","Double"
"0","Exchange/DataCenterDemo/Site1/DataHall2/Section2/Breaker/Breaker6A/Metering/CurrentC","random(4300.0, 5800.0, true)","Double"
"0","Exchange/DataCenterDemo/Site1/DataHall2/Section2/Breaker/Breaker6A/Metering/CurrentB","random(4300.0, 5800.0, true)","Double"
"0","Exchange/DataCenterDemo/Site1/DataHall2/Section4/PDU/PDU8A/Outlet/Outlet6/RmsCurrent","random(10.0, 30.0, true)","Double"
"0","Exchange/DataCenterDemo/Site1/DataHall2/Section1/PDU/PDU9A/Outlet/Outlet3/RmsCurrent","random(10.0, 30.0, true)","Double"
"0","Exchange/DataCenterDemo/Site1/DataHall2/Section3/Heatmap/Aisle8/Sensor1/Humidity","cosine(42.0, 44.0, 101.714, true)","Double"
"0","Exchange/DataCenterDemo/Site1/DataHall1/Section4/PDU/PDU2B/Outlet/Outlet11/RmsCurrent","random(10.0, 30.0, true)","Double"
"0","Exchange/DataCenterDemo/Site1/DataHall1/Section2/PDU/PDU5B/Outlet/Outlet10/RmsCurrent","random(10.0, 30.0, true)","Double"
"0","Exchange/DataCenterDemo/Site1/DataHall2/Section2/Breaker/Breaker6A/Metering/CurrentA","random(4300.0, 5800.0, true)","Double"
"0","Exchange/DataCenterDemo/Site1/DataHall1/Section4/PDU/PDU6A/Outlet/Outlet5/RmsCurrent","random(10.0, 30.0, true)","Double"
"0","Exchange/DataCenterDemo/Site1/DataHall1/Section4/PDU/PDU9B/Outlet/Outlet3/RmsCurrent","random(10.0, 30.0, true)","Double"
"0","Exchange/DataCenterDemo/Site1/DataHall2/Section4/PDU/PDU3B/Outlet/Outlet10/RmsCurrent","random(10.0, 30.0, true)","Double"
"0","Exchange/DataCenterDemo/Site1/DataHall2/Section2/PDU/PDU6A/Outlet/Outlet1/RmsCurrent","random(10.0, 30.0, true)","Double"
"0","Exchange/DataCenterDemo/Site1/DataHall1/Section3/PDU/PDU7A/Outlet/Outlet8/RmsCurrent","random(10.0, 30.0, true)","Double"
"0","Exchange/DataCenterDemo/Site1/DataHall1/Section4/UPS/UPS2B/Output/SystemOutputCurrentC","random(1500.0, 1800.0, true)","Double"
"0","Exchange/DataCenterDemo/Site1/DataHall1/Section4/UPS/UPS2B/Output/SystemOutputCurrentB","random(1500.0, 1800.0, true)","Double"
"0","Exchange/DataCenterDemo/Site1/DataHall2/Section2/PDU/PDU9B/Outlet/Outlet6/RmsCurrent","random(10.0, 30.0, true)","Double"
"0","Exchange/DataCenterDemo/Site1/DataHall2/Section3/UPS/UPS1B/Input/SystemInputPowerFactor","random(0.95, 0.98, true)","Double"
"0","Exchange/DataCenterDemo/Site1/DataHall1/Section1/UPS/UPS1B/Input/SystemInputVoltageCA","random(470.0, 490.0, true)","Double"
"0","Exchange/DataCenterDemo/Site1/DataHall1/Section4/PDU/PDU2A/Outlet/Outlet2/RmsCurrent","random(10.0, 30.0, true)","Double"
"0","Exchange/DataCenterDemo/Site1/DataHall1/Section2/PDU/PDU10A/Outlet/Outlet14/RmsCurrent","random(10.0, 30.0, true)","Double"
"0","Exchange/DataCenterDemo/Site1/DataHall2/Section2/PDU/PDU10A/Outlet/Outlet9/RmsCurrent","random(10.0, 30.0, true)","Double"
"0","Exchange/DataCenterDemo/Site1/DataHall2/Section3/AHU/AHU6/Status/IsAhuRunning","1.0","Double"
"0","Exchange/DataCenterDemo/Site1/DataHall2/Section2/PQM/PQM1B/Current/CurrentB","random(3750.0, 4100.0, true)","Double"
"0","Exchange/DataCenterDemo/Site1/DataHall2/Section2/PQM/PQM1B/Current/CurrentC","random(3750.0, 4100.0, true)","Double"
"0","Exchange/DataCenterDemo/Site1/DataHall1/Section4/PDU/PDU1B/Outlet/Outlet8/RmsCurrent","random(10.0, 30.0, true)","Double"
"0","Exchange/DataCenterDemo/Site1/DataHall2/Section3/PQM/PQM2A/Voltage/VoltageAN","cosine(276.0, 278.0, 90.114, true)","Double"
"0","Exchange/DataCenterDemo/Site1/DataHall1/Section2/UPS/UPS2A/Input/SystemInputVoltageCA","random(470.0, 490.0, true)","Double"
"0","Exchange/DataCenterDemo/Site1/DataHall2/Section4/PDU/PDU12A/Outlet/Outlet5/RmsCurrent","random(10.0, 30.0, true)","Double"
"0","Exchange/DataCenterDemo/Site1/DataHall2/Section4/Heatmap/Aisle11/Sensor1/Temperature","random(18.0, 23.9, true)","Double"
"0","Exchange/DataCenterDemo/Site1/DataHall2/Section2/PQM/PQM1B/Current/CurrentA","random(3750.0, 4100.0, true)","Double"
"0","Exchange/DataCenterDemo/Site1/DataHall1/Section3/PDU/PDU5A/Outlet/Outlet12/RmsCurrent","random(10.0, 30.0, true)","Double"
"0","Exchange/DataCenterDemo/Site1/DataHall2/Section1/UPS/UPS1A/Input/SystemInputPowerFactor","random(0.95, 0.98, true)","Double"
"0","Exchange/DataCenterDemo/Site1/DataHall1/Section4/Heatmap/Aisle3/Sensor1/Humidity","cosine(46.0, 48.0, 109.148, true)","Double"
"0","Exchange/DataCenterDemo/Site1/DataHall2/Section3/PDU/PDU10A/Outlet/Outlet7/RmsCurrent","random(10.0, 30.0, true)","Double"
"0","Exchange/DataCenterDemo/Site1/DataHall2/Section3/PQM/PQM2A/Voltage/VoltageBC","cosine(478.0, 481.0, 95.923, true)","Double"
"0","Exchange/DataCenterDemo/Site1/DataHall1/Section4/UPS/UPS2A/Output/SystemOutputVoltageAB","random(480.0, 480.5, true)","Double"
"0","Exchange/DataCenterDemo/Site1/DataHall1/Section4/UPS/UPS2B/Output/SystemOutputCurrentA","random(1500.0, 1800.0, true)","Double"
"0","Exchange/DataCenterDemo/Site1/DataHall1/Section1/UPS/UPS1B/Input/SystemInputVoltageBC","random(470.0, 490.0, true)","Double"
"0","Exchange/DataCenterDemo/Site1/DataHall2/Section1/PDU/PDU4B/Outlet/Outlet6/RmsCurrent","random(10.0, 30.0, true)","Double"
"0","Exchange/DataCenterDemo/Site1/DataHall2/Section1/PDU/PDU8B/Outlet/Outlet9/RmsCurrent","random(10.0, 30.0, true)","Double"
"0","Exchange/DataCenterDemo/Site1/DataHall2/Section2/AHU/AHU6/Fan/FanSpeedFeedback","cosine(70.0, 100.0, 105.84, true)","Double"
"0","Exchange/DataCenterDemo/Site1/DataHall2/Section2/Breaker/Breaker5B/Metering/VoltageMeanLL","random(470.0, 490.0, true)","Double"
"0","Exchange/DataCenterDemo/Site1/DataHall1/Section4/PDU/PDU5A/Outlet/Outlet10/RmsCurrent","random(10.0, 30.0, true)","Double"
"0","Exchange/DataCenterDemo/Site1/DataHall2/Section1/PDU/PDU6A/Outlet/Outlet14/RmsCurrent","random(10.0, 30.0, true)","Double"
"0","Exchange/DataCenterDemo/Site1/DataHall2/Section4/PQM/PQM2B/Current/CurrentA","random(3750.0, 4100.0, true)","Double"
"0","Exchange/DataCenterDemo/Site1/DataHall2/Section3/Heatmap/Aisle2/Sensor2/Temperature","random(38.0, 43.9, true)","Double"
"0","Exchange/DataCenterDemo/Site1/DataHall2/Section4/PQM/PQM2B/Current/CurrentB","random(3750.0, 4100.0, true)","Double"
"0","Exchange/DataCenterDemo/Site1/DataHall1/Section3/PDU/PDU2B/Outlet/Outlet13/RmsCurrent","random(10.0, 30.0, true)","Double"
"0","Exchange/DataCenterDemo/Site1/DataHall2/Section3/AHU/AHU2/Temperature/MixedAirTemperature","cosine(14.0, 16.0, 105.916, true)","Double"
"0","Exchange/DataCenterDemo/Site1/DataHall2/Section1/UPS/UPS2A/Battery/BatteryCapacityRemaining","ramp(95.0, 99.0, 109.757, true)","Double"
"0","Exchange/DataCenterDemo/Site1/DataHall1/Section1/PDU/PDU11B/Outlet/Outlet16/RmsCurrent","random(10.0, 30.0, true)","Double"
"0","Exchange/DataCenterDemo/Site1/DataHall2/Section3/PDU/PDU7B/Outlet/Outlet7/RmsCurrent","random(10.0, 30.0, true)","Double"
"0","Exchange/DataCenterDemo/Site1/DataHall2/Section4/Heatmap/Aisle6/Sensor1/Temperature","random(38.0, 43.9, true)","Double"
"0","Exchange/DataCenterDemo/Site1/DataHall1/Section1/PDU/PDU5A/Outlet/Outlet3/RmsCurrent","random(10.0, 30.0, true)","Double"
"0","Exchange/DataCenterDemo/Site1/DataHall1/Section2/AHU/AHU1/Fan/FanSpeedCommand","square(70.0, 100.0, 101.367, true)","Double"
"0","Exchange/DataCenterDemo/Site1/DataHall1/Section2/PDU/PDU10B/Outlet/Outlet10/RmsCurrent","random(10.0, 30.0, true)","Double"
"0","Exchange/DataCenterDemo/Site1/DataHall2/Section2/PDU/PDU11A/Outlet/Outlet5/RmsCurrent","random(10.0, 30.0, true)","Double"
"0","Exchange/DataCenterDemo/Site1/DataHall2/Section2/PDU/PDU2B/Outlet/Outlet7/RmsCurrent","random(10.0, 30.0, true)","Double"
"0","Exchange/DataCenterDemo/Site1/DataHall2/Section4/PQM/PQM2B/Current/CurrentC","random(3750.0, 4100.0, true)","Double"
"0","Exchange/DataCenterDemo/Site1/DataHall1/Section2/Heatmap/Aisle11/Sensor2/Humidity","cosine(46.0, 48.0, 90.225, true)","Double"
"0","Exchange/DataCenterDemo/Site1/DataHall2/Section3/PQM/PQM2A/Voltage/VoltageAB","cosine(478.0, 481.0, 93.394, true)","Double"
"0","Exchange/DataCenterDemo/Site1/DataHall1/Section1/Breaker/Breaker3A/Metering/CurrentC","random(4300.0, 5800.0, true)","Double"
"0","Exchange/DataCenterDemo/Site1/DataHall1/Section1/PDU/PDU3B/Outlet/Outlet15/RmsCurrent","random(10.0, 30.0, true)","Double"
"0","Exchange/DataCenterDemo/Site1/DataHall2/Section1/PDU/PDU9B/Outlet/Outlet5/RmsCurrent","random(10.0, 30.0, true)","Double"
"0","Exchange/DataCenterDemo/Site1/DataHall1/Section1/Breaker/Breaker1A/Metering/CurrentC","random(4300.0, 5800.0, true)","Double"
"0","Exchange/DataCenterDemo/Site1/DataHall1/Section1/Breaker/Breaker3A/Metering/CurrentA","random(4300.0, 5800.0, true)","Double"
"0","Exchange/DataCenterDemo/Site1/DataHall1/Section1/Breaker/Breaker3A/Metering/CurrentB","random(4300.0, 5800.0, true)","Double"
"0","Exchange/DataCenterDemo/Site1/DataHall1/Section1/Breaker/Breaker1A/Metering/CurrentA","random(4300.0, 5800.0, true)","Double"
"0","Exchange/DataCenterDemo/Site1/DataHall1/Section1/Heatmap/Aisle5/Sensor1/Humidity","cosine(46.0, 48.0, 103.508, true)","Double"
"0","Exchange/DataCenterDemo/Site1/DataHall1/Section4/PDU/PDU2B/Outlet/Outlet4/RmsCurrent","random(10.0, 30.0, true)","Double"
"0","Exchange/DataCenterDemo/Site1/DataHall1/Section1/Breaker/Breaker1A/Metering/CurrentB","random(4300.0, 5800.0, true)","Double"
"0","Exchange/DataCenterDemo/Site1/DataHall1/Section1/UPS/UPS1B/Input/SystemInputVoltageAB","random(470.0, 490.0, true)","Double"
"0","Exchange/DataCenterDemo/Site1/DataHall1/Section4/Section/CoolingCapacity","cosine(0.6, 0.65, 90.621, true)","Double"
"0","Exchange/DataCenterDemo/Site1/DataHall2/Section2/PDU/PDU5B/Outlet/Outlet10/RmsCurrent","random(10.0, 30.0, true)","Double"
"0","Exchange/DataCenterDemo/Site1/DataHall2/Section3/PDU/PDU4A/Outlet/Outlet1/RmsCurrent","random(10.0, 30.0, true)","Double"
"0","Exchange/DataCenterDemo/Site1/DataHall2/Section4/PQM/PQM2B/Voltage/VoltageAB","cosine(478.0, 481.0, 102.756, true)","Double"
"0","Exchange/DataCenterDemo/Site1/DataHall1/Section4/PDU/PDU10A/Outlet/Outlet6/RmsCurrent","random(10.0, 30.0, true)","Double"
"0","Exchange/DataCenterDemo/Site1/DataHall1/Section4/AHU/AHU6/Fan/SupplyAirStaticPressure","cosine(210.0, 225.0, 90.126, true)","Double"
"0","Exchange/DataCenterDemo/Site1/DataHall2/Section2/UPS/UPS2B/Output/SystemOutputVoltageCA","random(480.0, 480.5, true)","Double"
"0","Exchange/DataCenterDemo/Site1/DataHall1/Section2/PDU/PDU1A/Outlet/Outlet14/RmsCurrent","random(10.0, 30.0, true)","Double"
"0","Exchange/DataCenterDemo/Site1/DataHall2/Section1/PQM/PQM1B/Voltage/VoltageCN","cosine(276.0, 278.0, 109.468, true)","Double"
"0","Exchange/DataCenterDemo/Site1/DataHall2/Section3/UPS/UPS1A/Input/SystemInputVoltageBC","random(470.0, 490.0, true)","Double"
"0","Exchange/DataCenterDemo/Site1/DataHall1/Section4/PDU/PDU7A/Outlet/Outlet13/RmsCurrent","random(10.0, 30.0, true)","Double"
"0","Exchange/DataCenterDemo/Site1/DataHall2/Section2/PDU/PDU3B/Outlet/Outlet13/RmsCurrent","random(10.0, 30.0, true)","Double"
"0","Exchange/DataCenterDemo/Site1/DataHall2/Section3/UPS/UPS1A/Output/SystemOutputCurrentB","random(1500.0, 1800.0, true)","Double"
"0","Exchange/DataCenterDemo/Site1/DataHall2/Section3/UPS/UPS1A/Output/SystemOutputCurrentC","random(1500.0, 1800.0, true)","Double"
"0","Exchange/DataCenterDemo/Site1/DataHall2/Section2/PDU/PDU1B/Outlet/Outlet12/RmsCurrent","random(10.0, 30.0, true)","Double"
"0","Exchange/DataCenterDemo/Site1/DataHall1/Section4/PDU/PDU5A/Outlet/Outlet2/RmsCurrent","random(10.0, 30.0, true)","Double"
"0","Exchange/DataCenterDemo/Site1/DataHall2/Section3/UPS/UPS1A/Output/SystemOutputCurrentA","random(1500.0, 1800.0, true)","Double"
"0","Exchange/DataCenterDemo/Site1/DataHall1/Section1/AHU/AHU3/Status/IsAhuRunning","1.0","Double"
"0","Exchange/DataCenterDemo/Site1/DataHall2/Section3/UPS/UPS1A/Input/SystemInputVoltageCA","random(470.0, 490.0, true)","Double"
"0","Exchange/DataCenterDemo/Architecture/EAM/Agents/Frontend 2/Independent/Metrics/Sessions/Clients","random(0.0, 5.0, true)","Double"
"0","Exchange/DataCenterDemo/Site1/DataHall2/Section1/PDU/PDU10B/Outlet/Outlet13/RmsCurrent","random(10.0, 30.0, true)","Double"
"0","Exchange/DataCenterDemo/Site1/DataHall1/Section4/UPS/UPS2B/Input/SystemInputCurrentA","random(1600.0, 1900.0, true)","Double"
"0","Exchange/DataCenterDemo/Site1/DataHall1/Section3/PDU/PDU7B/Outlet/Outlet11/RmsCurrent","random(10.0, 30.0, true)","Double"
"0","Exchange/DataCenterDemo/Site1/DataHall1/Section4/UPS/UPS2B/Input/SystemInputCurrentC","random(1600.0, 1900.0, true)","Double"
"0","Exchange/DataCenterDemo/Site1/DataHall1/Section3/PDU/PDU11A/Outlet/Outlet4/RmsCurrent","random(10.0, 30.0, true)","Double"
"0","Exchange/DataCenterDemo/Site1/DataHall1/Section4/UPS/UPS2B/Input/SystemInputCurrentB","random(1600.0, 1900.0, true)","Double"
"0","Exchange/DataCenterDemo/Site1/DataHall1/Section2/PDU/PDU6B/Outlet/Outlet3/RmsCurrent","random(10.0, 30.0, true)","Double"
"0","Exchange/DataCenterDemo/Site1/DataHall2/Section2/PDU/PDU12B/Outlet/Outlet15/RmsCurrent","random(10.0, 30.0, true)","Double"
"0","Exchange/DataCenterDemo/Site1/DataHall1/Section4/Heatmap/Aisle8/Sensor1/Humidity","cosine(42.0, 44.0, 97.421, true)","Double"
"0","Exchange/DataCenterDemo/Site1/DataHall2/Section4/Heatmap/Aisle13/Sensor2/Humidity","cosine(46.0, 48.0, 109.994, true)","Double"
"0","Exchange/DataCenterDemo/Site1/DataHall1/Section1/Heatmap/Aisle9/Sensor2/Humidity","cosine(46.0, 48.0, 109.41, true)","Double"
"0","Exchange/DataCenterDemo/Site1/DataHall1/Section4/PDU/PDU11A/Outlet/Outlet11/RmsCurrent","random(10.0, 30.0, true)","Double"
"0","Exchange/DataCenterDemo/Site1/DataHall2/Section4/PQM/PQM2B/Voltage/VoltageBC","cosine(478.0, 481.0, 107.594, true)","Double"
"0","Exchange/DataCenterDemo/Site1/DataHall1/Section4/Heatmap/Aisle12/Sensor1/Humidity","cosine(42.0, 44.0, 90.157, true)","Double"
"0","Exchange/DataCenterDemo/Site1/DataHall2/Section4/PDU/PDU2A/Outlet/Outlet9/RmsCurrent","random(10.0, 30.0, true)","Double"
"0","Exchange/DataCenterDemo/Site1/DataHall2/Section4/PDU/PDU4A/Outlet/Outlet1/RmsCurrent","random(10.0, 30.0, true)","Double"
"0","Exchange/DataCenterDemo/Site1/DataHall1/Section4/PDU/PDU12A/Outlet/Outlet14/RmsCurrent","random(10.0, 30.0, true)","Double"
"0","Exchange/DataCenterDemo/Site1/DataHall1/Section3/PDU/PDU5A/Outlet/Outlet2/RmsCurrent","random(10.0, 30.0, true)","Double"
"0","Exchange/DataCenterDemo/Site1/DataHall1/Section4/PDU/PDU12A/Outlet/Outlet3/RmsCurrent","random(10.0, 30.0, true)","Double"
"0","Exchange/DataCenterDemo/Site1/DataHall2/Section1/PDU/PDU5A/Outlet/Outlet15/RmsCurrent","random(10.0, 30.0, true)","Double"
"0","Exchange/DataCenterDemo/Site1/DataHall2/Section3/PDU/PDU10B/Outlet/Outlet3/RmsCurrent","random(10.0, 30.0, true)","Double"
"0","Exchange/DataCenterDemo/Site1/DataHall1/Section1/PDU/PDU1B/Outlet/Outlet12/RmsCurrent","random(10.0, 30.0, true)","Double"
"0","Exchange/DataCenterDemo/Site1/DataHall1/Section3/PDU/PDU10A/Outlet/Outlet12/RmsCurrent","random(10.0, 30.0, true)","Double"
"0","Exchange/DataCenterDemo/Site1/DataHall2/Section2/PDU/PDU5B/Outlet/Outlet2/RmsCurrent","random(10.0, 30.0, true)","Double"
"0","Exchange/DataCenterDemo/Site1/DataHall1/Section1/PDU/PDU6B/Outlet/Outlet3/RmsCurrent","random(10.0, 30.0, true)","Double"
"0","Exchange/DataCenterDemo/Site1/DataHall2/Section1/PDU/PDU6B/Outlet/Outlet3/RmsCurrent","random(10.0, 30.0, true)","Double"
"0","Exchange/DataCenterDemo/Site1/DataHall2/Section4/PQM/PQM2B/Voltage/VoltageAN","cosine(276.0, 278.0, 109.578, true)","Double"
"0","Exchange/DataCenterDemo/Site1/DataHall2/Section2/Heatmap/Aisle2/Sensor1/Humidity","cosine(42.0, 44.0, 103.921, true)","Double"
"0","Exchange/DataCenterDemo/Site1/DataHall1/Section1/PDU/PDU7B/Outlet/Outlet15/RmsCurrent","random(10.0, 30.0, true)","Double"
"0","Exchange/DataCenterDemo/Site1/DataHall1/Section4/PDU/PDU8B/Outlet/Outlet12/RmsCurrent","random(10.0, 30.0, true)","Double"
"0","Exchange/DataCenterDemo/Site1/DataHall1/Section2/PDU/PDU12A/Outlet/Outlet2/RmsCurrent","random(10.0, 30.0, true)","Double"
"0","Exchange/DataCenterDemo/Architecture/EAM/Agents/Frontend 2/Independent/Metrics/Logging/Errors Per Hour","random(0.0, 5.0, true)","Double"
"0","Exchange/DataCenterDemo/Site1/DataHall2/Section3/PDU/PDU1A/Outlet/Outlet14/RmsCurrent","random(10.0, 30.0, true)","Double"
"0","Exchange/DataCenterDemo/Site1/DataHall1/Section3/PDU/PDU2A/Outlet/Outlet10/RmsCurrent","random(10.0, 30.0, true)","Double"
"0","Exchange/DataCenterDemo/Site1/DataHall2/Section4/Breaker/Breaker6A/Metering/VoltageMeanLL","random(470.0, 490.0, true)","Double"
"0","Exchange/DataCenterDemo/Site1/DataHall1/Section3/PDU/PDU5B/Outlet/Outlet15/RmsCurrent","random(10.0, 30.0, true)","Double"
"0","Exchange/DataCenterDemo/Site1/DataHall2/Section4/PQM/PQM2B/Voltage/VoltageCA","cosine(478.0, 481.0, 90.924, true)","Double"
"0","Exchange/DataCenterDemo/Site1/DataHall2/Section4/PDU/PDU9A/Outlet/Outlet16/RmsCurrent","random(10.0, 30.0, true)","Double"
"0","Exchange/DataCenterDemo/Site1/DataHall1/Section1/PDU/PDU9B/Outlet/Outlet11/RmsCurrent","random(10.0, 30.0, true)","Double"
"0","Exchange/DataCenterDemo/Site1/DataHall2/Section1/PDU/PDU2A/Outlet/Outlet4/RmsCurrent","random(10.0, 30.0, true)","Double"
"0","Exchange/DataCenterDemo/Site1/DataHall2/Section1/Heatmap/Aisle11/Sensor3/Temperature","random(18.0, 23.9, true)","Double"
"0","Exchange/DataCenterDemo/Site1/DataHall1/Section3/PDU/PDU11A/Outlet/Outlet9/RmsCurrent","random(10.0, 30.0, true)","Double"
"0","Exchange/DataCenterDemo/Site1/DataHall2/Section1/PDU/PDU7B/Outlet/Outlet6/RmsCurrent","random(10.0, 30.0, true)","Double"
"0","Exchange/DataCenterDemo/Site1/DataHall1/Section3/PDU/PDU10B/Outlet/Outlet15/RmsCurrent","random(10.0, 30.0, true)","Double"
"0","Exchange/DataCenterDemo/Site1/DataHall2/Section1/AHU/AHU5/Temperature/MixedAirTemperature","cosine(14.0, 16.0, 105.104, true)","Double"
"0","Exchange/DataCenterDemo/Site1/DataHall1/Section1/UPS/UPS2B/Output/SystemOutputVoltageCA","random(480.0, 480.5, true)","Double"
"0","Exchange/DataCenterDemo/Site1/DataHall1/Section2/PDU/PDU6B/Outlet/Outlet8/RmsCurrent","random(10.0, 30.0, true)","Double"
"0","Exchange/DataCenterDemo/Site1/DataHall2/Section3/PQM/PQM1A/Freq/Frequency","ramp(59.7, 60.3, 0.904, true)","Double"
"0","Exchange/DataCenterDemo/Site1/DataHall1/Section2/PDU/PDU12A/Outlet/Outlet7/RmsCurrent","random(10.0, 30.0, true)","Double"
"0","Exchange/DataCenterDemo/Site1/DataHall2/Section4/PDU/PDU1A/Outlet/Outlet1/RmsCurrent","random(10.0, 30.0, true)","Double"
"0","Exchange/DataCenterDemo/Site1/DataHall1/Section1/PDU/PDU1B/Outlet/Outlet8/RmsCurrent","random(10.0, 30.0, true)","Double"
"0","Exchange/DataCenterDemo/Site1/DataHall2/Section4/PQM/PQM2B/Voltage/VoltageBN","cosine(276.0, 278.0, 98.628, true)","Double"
"0","Exchange/DataCenterDemo/Site1/DataHall1/Section4/Heatmap/Aisle3/Sensor3/Temperature","random(18.0, 23.9, true)","Double"
"0","Exchange/DataCenterDemo/Site1/DataHall2/Section2/PDU/PDU11B/Outlet/Outlet12/RmsCurrent","random(10.0, 30.0, true)","Double"
"0","Exchange/DataCenterDemo/Site1/DataHall2/Section3/Heatmap/Aisle7/Sensor3/Humidity","cosine(46.0, 48.0, 108.245, true)","Double"
"0","Exchange/DataCenterDemo/Site1/DataHall2/Section4/Breaker/Breaker2B/Metering/VoltageMeanLL","random(470.0, 490.0, true)","Double"
"0","Exchange/DataCenterDemo/Site1/DataHall1/Section4/Heatmap/Aisle3/Sensor1/Temperature","random(18.0, 23.9, true)","Double"
"0","Exchange/DataCenterDemo/Site1/DataHall1/Section1/PDU/PDU7B/Outlet/Outlet6/RmsCurrent","random(10.0, 30.0, true)","Double"
"0","Exchange/DataCenterDemo/Site1/DataHall2/Section3/PDU/PDU9B/Outlet/Outlet14/RmsCurrent","random(10.0, 30.0, true)","Double"
"0","Exchange/DataCenterDemo/Site1/DataHall2/Section3/UPS/UPS1A/Input/SystemInputVoltageAB","random(470.0, 490.0, true)","Double"
"0","Exchange/DataCenterDemo/Site1/DataHall1/Section3/PDU/PDU6A/Outlet/Outlet5/RmsCurrent","random(10.0, 30.0, true)","Double"
"0","Exchange/DataCenterDemo/Site1/DataHall2/Section3/PDU/PDU3A/Outlet/Outlet15/RmsCurrent","random(10.0, 30.0, true)","Double"
"0","Exchange/DataCenterDemo/Site1/DataHall2/Section3/PDU/PDU5A/Outlet/Outlet4/RmsCurrent","random(10.0, 30.0, true)","Double"
"0","Exchange/DataCenterDemo/Architecture/EAM/Agents/Edge 3/Independent/Metrics/Sessions/Designers","random(0.0, 2.0, true)","Double"
"0","Exchange/DataCenterDemo/Site1/DataHall1/Section1/UPS/UPS2B/Output/SystemOutputVoltageBC","random(480.0, 480.5, true)","Double"
"0","Exchange/DataCenterDemo/Site1/DataHall1/Section1/PDU/PDU6B/Outlet/Outlet8/RmsCurrent","random(10.0, 30.0, true)","Double"
"0","Exchange/DataCenterDemo/Site1/DataHall1/Section2/PDU/PDU9A/Outlet/Outlet13/RmsCurrent","random(10.0, 30.0, true)","Double"
"0","Exchange/DataCenterDemo/Site1/DataHall2/Section4/PQM/PQM2B/Voltage/VoltageCN","cosine(276.0, 278.0, 91.564, true)","Double"
"0","Exchange/DataCenterDemo/Site1/DataHall2/Section1/PDU/PDU3A/Outlet/Outlet14/RmsCurrent","random(10.0, 30.0, true)","Double"
"0","Exchange/DataCenterDemo/Site1/DataHall1/Section1/PDU/PDU12A/Outlet/Outlet2/RmsCurrent","random(10.0, 30.0, true)","Double"
"0","Exchange/DataCenterDemo/Site1/DataHall1/Section3/PDU/PDU12A/Outlet/Outlet7/RmsCurrent","random(10.0, 30.0, true)","Double"
"0","Exchange/DataCenterDemo/Site1/DataHall1/Section1/Section/PowerUsageEffectiveness","random(1.15, 1.3, false)","Double"
"0","Exchange/DataCenterDemo/Site1/DataHall1/Section3/PDU/PDU3B/Outlet/Outlet8/RmsCurrent","random(10.0, 30.0, true)","Double"
"0","Exchange/DataCenterDemo/Site1/DataHall2/Section1/PDU/PDU10A/Outlet/Outlet4/RmsCurrent","random(10.0, 30.0, true)","Double"
"0","Exchange/DataCenterDemo/Site1/DataHall1/Section4/PDU/PDU11B/Outlet/Outlet14/RmsCurrent","random(10.0, 30.0, true)","Double"
"0","Exchange/DataCenterDemo/Site1/DataHall1/Section2/PDU/PDU9A/Outlet/Outlet8/RmsCurrent","random(10.0, 30.0, true)","Double"
"0","Exchange/DataCenterDemo/Site1/DataHall2/Section1/AHU/AHU3/Temperature/SupplyAirTemperature","sine(21.0, 22.0, 108.921, true)","Double"
"0","Exchange/DataCenterDemo/Site1/DataHall1/Section2/PDU/PDU12B/Outlet/Outlet13/RmsCurrent","random(10.0, 30.0, true)","Double"
"0","Exchange/DataCenterDemo/Site1/DataHall2/Section3/PDU/PDU11B/Outlet/Outlet6/RmsCurrent","random(10.0, 30.0, true)","Double"
"0","Exchange/DataCenterDemo/Site1/DataHall2/Section1/PDU/PDU6B/Outlet/Outlet5/RmsCurrent","random(10.0, 30.0, true)","Double"
"0","Exchange/DataCenterDemo/Site1/DataHall1/Section2/Breaker/Breaker1A/Metering/CurrentB","random(4300.0, 5800.0, true)","Double"
"0","Exchange/DataCenterDemo/Site1/DataHall1/Section4/Breaker/Breaker4B/Metering/CurrentB","random(4300.0, 5800.0, true)","Double"
"0","Exchange/DataCenterDemo/Site1/DataHall1/Section2/Breaker/Breaker1A/Metering/CurrentC","random(4300.0, 5800.0, true)","Double"
"0","Exchange/DataCenterDemo/Site1/DataHall1/Section4/Breaker/Breaker4B/Metering/CurrentC","random(4300.0, 5800.0, true)","Double"
"0","Exchange/DataCenterDemo/Site1/DataHall2/Section3/PDU/PDU10B/Outlet/Outlet13/RmsCurrent","random(10.0, 30.0, true)","Double"
"0","Exchange/DataCenterDemo/Site1/DataHall1/Section2/Breaker/Breaker1A/Metering/CurrentA","random(4300.0, 5800.0, true)","Double"
"0","Exchange/DataCenterDemo/Site1/DataHall1/Section4/Breaker/Breaker4B/Metering/CurrentA","random(4300.0, 5800.0, true)","Double"
"0","Exchange/DataCenterDemo/Site1/DataHall1/Section4/AHU/AHU7/Temperature/SupplyAirTemperature","sine(21.0, 22.0, 101.541, true)","Double"
"0","Exchange/DataCenterDemo/Site1/DataHall2/Section4/PDU/PDU3A/Outlet/Outlet15/RmsCurrent","random(10.0, 30.0, true)","Double"
"0","Exchange/DataCenterDemo/Site1/DataHall2/Section3/PDU/PDU2B/Outlet/Outlet7/RmsCurrent","random(10.0, 30.0, true)","Double"
"0","Exchange/DataCenterDemo/Site1/DataHall2/Section4/PDU/PDU12B/Outlet/Outlet15/RmsCurrent","random(10.0, 30.0, true)","Double"
"0","Exchange/DataCenterDemo/Site1/DataHall2/Section2/PDU/PDU12B/Outlet/Outlet4/RmsCurrent","random(10.0, 30.0, true)","Double"
"0","Exchange/DataCenterDemo/Site1/DataHall2/Section4/PDU/PDU11A/Outlet/Outlet2/RmsCurrent","random(10.0, 30.0, true)","Double"
"0","Exchange/DataCenterDemo/Site1/DataHall1/Section2/PDU/PDU11A/Outlet/Outlet11/RmsCurrent","random(10.0, 30.0, true)","Double"
"0","Exchange/DataCenterDemo/Site1/DataHall2/Section4/PDU/PDU9A/Outlet/Outlet1/RmsCurrent","random(10.0, 30.0, true)","Double"
"0","Exchange/DataCenterDemo/Site1/DataHall1/Section3/AHU/AHU5/Fan/FanSpeedCommand","square(70.0, 100.0, 93.463, true)","Double"
"0","Exchange/DataCenterDemo/Site1/DataHall2/Section1/PDU/PDU10A/Outlet/Outlet10/RmsCurrent","random(10.0, 30.0, true)","Double"
"0","Exchange/DataCenterDemo/Site1/DataHall2/Section2/Section/PowerUsageEffectiveness","random(1.15, 1.3, false)","Double"
"0","Exchange/DataCenterDemo/Site1/DataHall2/Section2/PDU/PDU6A/Outlet/Outlet11/RmsCurrent","random(10.0, 30.0, true)","Double"
"0","Exchange/DataCenterDemo/Site1/DataHall1/Section2/PDU/PDU11A/Outlet/Outlet4/RmsCurrent","random(10.0, 30.0, true)","Double"
"0","Exchange/DataCenterDemo/Site1/DataHall1/Section4/PQM/PQM2B/Current/CurrentB","random(3750.0, 4100.0, true)","Double"
"0","Exchange/DataCenterDemo/Site1/DataHall1/Section4/PQM/PQM2B/Current/CurrentC","random(3750.0, 4100.0, true)","Double"
"0","Exchange/DataCenterDemo/Site1/DataHall2/Section3/UPS/UPS1A/Output/SystemOutputVoltageCA","random(480.0, 480.5, true)","Double"
"0","Exchange/DataCenterDemo/Site1/DataHall1/Section2/PDU/PDU1A/Outlet/Outlet16/RmsCurrent","random(10.0, 30.0, true)","Double"
"0","Exchange/DataCenterDemo/Site1/DataHall1/Section4/PQM/PQM2B/Voltage/VoltageAB","cosine(478.0, 481.0, 91.964, true)","Double"
"0","Exchange/DataCenterDemo/Site1/DataHall1/Section4/PQM/PQM2B/Current/CurrentA","random(3750.0, 4100.0, true)","Double"
"0","Exchange/DataCenterDemo/Site1/DataHall2/Section2/PDU/PDU12A/Outlet/Outlet12/RmsCurrent","random(10.0, 30.0, true)","Double"
"0","Exchange/DataCenterDemo/Site1/DataHall2/Section1/PDU/PDU3B/Outlet/Outlet3/RmsCurrent","random(10.0, 30.0, true)","Double"
"0","Exchange/DataCenterDemo/Site1/DataHall1/Section1/PDU/PDU1B/Outlet/Outlet3/RmsCurrent","random(10.0, 30.0, true)","Double"
"0","Exchange/DataCenterDemo/Site1/DataHall1/Section1/PDU/PDU9B/Outlet/Outlet3/RmsCurrent","random(10.0, 30.0, true)","Double"
"0","Exchange/DataCenterDemo/Site1/DataHall2/Section2/PDU/PDU1B/Outlet/Outlet10/RmsCurrent","random(10.0, 30.0, true)","Double"
"0","Exchange/DataCenterDemo/Site1/DataHall1/Section2/PDU/PDU7B/Outlet/Outlet6/RmsCurrent","random(10.0, 30.0, true)","Double"
"0","Exchange/DataCenterDemo/Site1/DataHall1/Section1/PQM/PQM2B/PQ/ThdVoltageAN","3.3","Double"
"0","Exchange/DataCenterDemo/Site1/DataHall2/Section2/AHU/AHU4/Temperature/MixedAirTemperature","cosine(14.0, 16.0, 91.908, true)","Double"
"0","Exchange/DataCenterDemo/Site1/DataHall2/Section2/PDU/PDU3B/Outlet/Outlet8/RmsCurrent","random(10.0, 30.0, true)","Double"
"0","Exchange/DataCenterDemo/Site1/DataHall1/Section1/PDU/PDU8B/Outlet/Outlet9/RmsCurrent","random(10.0, 30.0, true)","Double"
"0","Exchange/DataCenterDemo/Site1/DataHall2/Section3/Heatmap/Aisle3/Sensor1/Humidity","cosine(46.0, 48.0, 90.53, true)","Double"
"0","Exchange/DataCenterDemo/Site1/DataHall1/Section4/PDU/PDU1A/Outlet/Outlet12/RmsCurrent","random(10.0, 30.0, true)","Double"
"0","Exchange/DataCenterDemo/Site1/DataHall2/Section2/PDU/PDU7B/Outlet/Outlet13/RmsCurrent","random(10.0, 30.0, true)","Double"
"0","Exchange/DataCenterDemo/Site1/DataHall1/Section3/AHU/AHU6/Fan/SupplyAirStaticPressure","cosine(210.0, 225.0, 102.838, true)","Double"
"0","Exchange/DataCenterDemo/Site1/DataHall1/Section3/PDU/PDU10A/Outlet/Outlet6/RmsCurrent","random(10.0, 30.0, true)","Double"
"0","Exchange/DataCenterDemo/Site1/DataHall2/Section1/AHU/AHU6/Fan/FanSpeedFeedback","cosine(70.0, 100.0, 90.156, true)","Double"
"0","Exchange/DataCenterDemo/Site1/DataHall2/Section1/PDU/PDU3A/Outlet/Outlet7/RmsCurrent","random(10.0, 30.0, true)","Double"
"0","Exchange/DataCenterDemo/Site1/DataHall2/Section2/PDU/PDU5A/Outlet/Outlet15/RmsCurrent","random(10.0, 30.0, true)","Double"
"0","Exchange/DataCenterDemo/Site1/DataHall2/Section4/AHU/AHU4/Fan/FanSpeedCommand","square(70.0, 100.0, 107.238, true)","Double"
"0","Exchange/DataCenterDemo/Site1/DataHall2/Section4/UPS/UPS2A/Input/SystemInputCurrentC","random(1600.0, 1900.0, true)","Double"
"0","Exchange/DataCenterDemo/Site1/DataHall2/Section3/PQM/PQM2A/Current/CurrentC","random(3750.0, 4100.0, true)","Double"
"0","Exchange/DataCenterDemo/Site1/DataHall2/Section4/UPS/UPS2A/Input/SystemInputCurrentB","random(1600.0, 1900.0, true)","Double"
"0","Exchange/DataCenterDemo/Site1/DataHall1/Section2/Heatmap/Aisle2/Sensor2/Humidity","cosine(42.0, 44.0, 109.285, true)","Double"
"0","Exchange/DataCenterDemo/Site1/DataHall1/Section4/PDU/PDU4A/Outlet/Outlet1/RmsCurrent","random(10.0, 30.0, true)","Double"
"0","Exchange/DataCenterDemo/Site1/DataHall2/Section3/PQM/PQM2A/Current/CurrentB","random(3750.0, 4100.0, true)","Double"
"0","Exchange/DataCenterDemo/Site1/DataHall2/Section4/UPS/UPS2A/Input/SystemInputCurrentA","random(1600.0, 1900.0, true)","Double"
"0","Exchange/DataCenterDemo/Site1/DataHall2/Section1/PDU/PDU9A/Outlet/Outlet8/RmsCurrent","random(10.0, 30.0, true)","Double"
"0","Exchange/DataCenterDemo/Site1/DataHall2/Section3/PQM/PQM2A/Current/CurrentA","random(3750.0, 4100.0, true)","Double"
"0","Exchange/DataCenterDemo/Site1/DataHall1/Section1/Heatmap/Aisle12/Sensor3/Humidity","cosine(42.0, 44.0, 106.929, true)","Double"
"0","Exchange/DataCenterDemo/Site1/DataHall1/Section1/PDU/PDU7B/Outlet/Outlet13/RmsCurrent","random(10.0, 30.0, true)","Double"
"0","Exchange/DataCenterDemo/Site1/DataHall2/Section2/Heatmap/Aisle7/Sensor2/Humidity","cosine(46.0, 48.0, 108.344, true)","Double"
"0","Exchange/DataCenterDemo/Site1/DataHall1/Section1/Section/EnergyEfficiencyRatio","cosine(7.7, 8.2, 95.679, true)","Double"
"0","Exchange/DataCenterDemo/Site1/DataHall1/Section4/PDU/PDU2A/Outlet/Outlet7/RmsCurrent","random(10.0, 30.0, true)","Double"
"0","Exchange/DataCenterDemo/Site1/DataHall2/Section2/AHU/AHU2/Status/IsAhuRunning","1.0","Double"
"0","Exchange/DataCenterDemo/Site1/DataHall2/Section4/PDU/PDU4A/Outlet/Outlet11/RmsCurrent","random(10.0, 30.0, true)","Double"
"0","Exchange/DataCenterDemo/Site1/DataHall1/Section1/PDU/PDU4A/Outlet/Outlet8/RmsCurrent","random(10.0, 30.0, true)","Double"
"0","Exchange/DataCenterDemo/Site1/DataHall2/Section4/AHU/AHU1/Temperature/ReturnAirTemperature","sine(30.0, 34.0, 182.163, true)","Double"
"0","Exchange/DataCenterDemo/Site1/DataHall1/Section3/PDU/PDU1B/Outlet/Outlet10/RmsCurrent","random(10.0, 30.0, true)","Double"
"0","Exchange/DataCenterDemo/Site1/DataHall2/Section2/UPS/UPS2A/Input/SystemInputPowerFactor","random(0.95, 0.98, true)","Double"
"0","Exchange/DataCenterDemo/Site1/DataHall2/Section4/PDU/PDU11A/Outlet/Outlet13/RmsCurrent","random(10.0, 30.0, true)","Double"
"0","Exchange/DataCenterDemo/Site1/DataHall1/Section3/Heatmap/Aisle3/Sensor2/Temperature","random(18.0, 23.9, true)","Double"
"0","Exchange/DataCenterDemo/Site1/DataHall2/Section4/PDU/PDU10B/Outlet/Outlet8/RmsCurrent","random(10.0, 30.0, true)","Double"
"0","Exchange/DataCenterDemo/Site1/DataHall2/Section4/PDU/PDU1A/Outlet/Outlet6/RmsCurrent","random(10.0, 30.0, true)","Double"
"0","Exchange/DataCenterDemo/Site1/DataHall2/Section2/PDU/PDU8A/Outlet/Outlet7/RmsCurrent","random(10.0, 30.0, true)","Double"
"0","Exchange/DataCenterDemo/Site1/DataHall1/Section2/PDU/PDU7A/Outlet/Outlet15/RmsCurrent","random(10.0, 30.0, true)","Double"
"0","Exchange/DataCenterDemo/Site1/DataHall2/Section4/Heatmap/Aisle12/Sensor2/Temperature","random(38.0, 43.9, true)","Double"
"0","Exchange/DataCenterDemo/Site1/DataHall1/Section3/Section/UpsCapacity","cosine(0.9, 0.98, 90.039, true)","Double"
"0","Exchange/DataCenterDemo/Site1/DataHall1/Section4/Heatmap/Aisle13/Sensor1/Temperature","random(18.0, 23.9, true)","Double"
"0","Exchange/DataCenterDemo/Site1/DataHall1/Section4/Heatmap/Aisle7/Sensor1/Temperature","random(18.0, 23.9, true)","Double"
"0","Exchange/DataCenterDemo/Site1/DataHall2/Section4/PDU/PDU2A/Outlet/Outlet4/RmsCurrent","random(10.0, 30.0, true)","Double"
"0","Exchange/DataCenterDemo/Site1/DataHall2/Section1/PDU/PDU1A/Outlet/Outlet16/RmsCurrent","random(10.0, 30.0, true)","Double"
"0","Exchange/DataCenterDemo/Site1/DataHall2/Section2/Heatmap/Aisle1/Sensor2/Humidity","cosine(46.0, 48.0, 104.399, true)","Double"
"0","Exchange/DataCenterDemo/Site1/DataHall1/Section4/PDU/PDU5A/Outlet/Outlet15/RmsCurrent","random(10.0, 30.0, true)","Double"
"0","Exchange/DataCenterDemo/Site1/DataHall1/Section2/PDU/PDU3A/Outlet/Outlet12/RmsCurrent","random(10.0, 30.0, true)","Double"
"0","Exchange/DataCenterDemo/Site1/DataHall2/Section2/PDU/PDU7B/Outlet/Outlet8/RmsCurrent","random(10.0, 30.0, true)","Double"
"0","Exchange/DataCenterDemo/Site1/DataHall2/Section3/PDU/PDU8A/Outlet/Outlet12/RmsCurrent","random(10.0, 30.0, true)","Double"
"0","Exchange/DataCenterDemo/Site1/DataHall1/Section2/PDU/PDU11B/Outlet/Outlet14/RmsCurrent","random(10.0, 30.0, true)","Double"
"0","Exchange/DataCenterDemo/Site1/DataHall1/Section3/AHU/AHU4/Temperature/SupplyAirTemperature","sine(21.0, 22.0, 102.835, true)","Double"
"0","Exchange/DataCenterDemo/Site1/DataHall1/Section4/AHU/AHU1/Status/IsAhuRunning","1.0","Double"
"0","Exchange/DataCenterDemo/Site1/DataHall1/Section3/PDU/PDU5B/Outlet/Outlet13/RmsCurrent","random(10.0, 30.0, true)","Double"
"0","Exchange/DataCenterDemo/Site1/DataHall1/Section4/PDU/PDU8B/Outlet/Outlet8/RmsCurrent","random(10.0, 30.0, true)","Double"
"0","Exchange/DataCenterDemo/Site1/DataHall2/Section3/PDU/PDU12A/Outlet/Outlet5/RmsCurrent","random(10.0, 30.0, true)","Double"
"0","Exchange/DataCenterDemo/Site1/DataHall2/Section4/Heatmap/Aisle4/Sensor3/Temperature","random(38.0, 43.9, true)","Double"
"0","Exchange/DataCenterDemo/Site1/DataHall1/Section1/PDU/PDU8A/Outlet/Outlet5/RmsCurrent","random(10.0, 30.0, true)","Double"
"0","Exchange/DataCenterDemo/Site1/DataHall1/Section1/PQM/PQM2B/Voltage/VoltageAB","cosine(478.0, 481.0, 90.817, true)","Double"
"0","Exchange/DataCenterDemo/Site1/DataHall2/Section3/PDU/PDU7A/Outlet/Outlet15/RmsCurrent","random(10.0, 30.0, true)","Double"
"0","Exchange/DataCenterDemo/Site1/DataHall1/Section1/AHU/AHU5/Temperature/ReturnAirTemperature","sine(30.0, 34.0, 206.349, true)","Double"
"0","Exchange/DataCenterDemo/Site1/DataHall1/Section1/PDU/PDU7A/Outlet/Outlet10/RmsCurrent","random(10.0, 30.0, true)","Double"
"0","Exchange/DataCenterDemo/Site1/DataHall2/Section1/PDU/PDU8A/Outlet/Outlet16/RmsCurrent","random(10.0, 30.0, true)","Double"
"0","Exchange/DataCenterDemo/Site1/DataHall2/Section1/Heatmap/Aisle10/Sensor2/Temperature","random(38.0, 43.9, true)","Double"
"0","Exchange/DataCenterDemo/Site1/DataHall1/Section1/AHU/AHU5/Temperature/SupplyAirTemperature","sine(21.0, 22.0, 109.695, true)","Double"
"0","Exchange/DataCenterDemo/Site1/DataHall2/Section4/PDU/PDU6B/Outlet/Outlet10/RmsCurrent","random(10.0, 30.0, true)","Double"
"0","Exchange/DataCenterDemo/Site1/DataHall2/Section3/PDU/PDU6A/Outlet/Outlet7/RmsCurrent","random(10.0, 30.0, true)","Double"
"0","Exchange/DataCenterDemo/Site1/DataHall2/Section1/PDU/PDU7B/Outlet/Outlet8/RmsCurrent","random(10.0, 30.0, true)","Double"
"0","Exchange/DataCenterDemo/Site1/DataHall1/Section1/PDU/PDU3B/Outlet/Outlet10/RmsCurrent","random(10.0, 30.0, true)","Double"
"0","Exchange/DataCenterDemo/Site1/DataHall1/Section3/Heatmap/Aisle13/Sensor1/Temperature","random(18.0, 23.9, true)","Double"
"0","Exchange/DataCenterDemo/Site1/DataHall1/Section4/PDU/PDU1A/Outlet/Outlet4/RmsCurrent","random(10.0, 30.0, true)","Double"
"0","Exchange/DataCenterDemo/Site1/DataHall1/Section2/PDU/PDU2B/Outlet/Outlet16/RmsCurrent","random(10.0, 30.0, true)","Double"
"0","Exchange/DataCenterDemo/Site1/DataHall1/Section4/PDU/PDU10B/Outlet/Outlet1/RmsCurrent","random(10.0, 30.0, true)","Double"
"0","Exchange/DataCenterDemo/Site1/DataHall1/Section2/PDU/PDU8A/Outlet/Outlet5/RmsCurrent","random(10.0, 30.0, true)","Double"
"0","Exchange/DataCenterDemo/Site1/DataHall1/Section4/PDU/PDU1B/Outlet/Outlet15/RmsCurrent","random(10.0, 30.0, true)","Double"
"0","Exchange/DataCenterDemo/Site1/DataHall2/Section4/Heatmap/Aisle13/Sensor3/Humidity","cosine(46.0, 48.0, 96.159, true)","Double"
"0","Exchange/DataCenterDemo/Site1/DataHall1/Section2/PDU/PDU2B/Outlet/Outlet5/RmsCurrent","random(10.0, 30.0, true)","Double"
"0","Exchange/DataCenterDemo/Site1/DataHall2/Section2/PQM/PQM1A/PQ/ThdVoltageAN","3.3","Double"
"0","Exchange/DataCenterDemo/Site1/DataHall2/Section4/PDU/PDU12A/Outlet/Outlet12/RmsCurrent","random(10.0, 30.0, true)","Double"
"0","Exchange/DataCenterDemo/Site1/DataHall1/Section1/PDU/PDU11B/Outlet/Outlet3/RmsCurrent","random(10.0, 30.0, true)","Double"
"0","Exchange/DataCenterDemo/Site1/DataHall2/Section1/PDU/PDU5B/Outlet/Outlet13/RmsCurrent","random(10.0, 30.0, true)","Double"
"0","Exchange/DataCenterDemo/Site1/DataHall1/Section2/PDU/PDU11B/Outlet/Outlet8/RmsCurrent","random(10.0, 30.0, true)","Double"
"0","Exchange/DataCenterDemo/Site1/DataHall2/Section4/PDU/PDU9B/Outlet/Outlet5/RmsCurrent","random(10.0, 30.0, true)","Double"
"0","Exchange/DataCenterDemo/Site1/DataHall2/Section1/PDU/PDU8A/Outlet/Outlet5/RmsCurrent","random(10.0, 30.0, true)","Double"
"0","Exchange/DataCenterDemo/Site1/DataHall2/Section3/Heatmap/Aisle6/Sensor3/Temperature","random(38.0, 43.9, true)","Double"
"0","Exchange/DataCenterDemo/Site1/DataHall2/Section2/Breaker/Breaker3B/Metering/VoltageMeanLL","random(470.0, 490.0, true)","Double"
"0","Exchange/DataCenterDemo/Site1/DataHall1/Section1/PDU/PDU2A/Outlet/Outlet2/RmsCurrent","random(10.0, 30.0, true)","Double"
"0","Exchange/DataCenterDemo/Site1/DataHall1/Section3/PDU/PDU11B/Outlet/Outlet14/RmsCurrent","random(10.0, 30.0, true)","Double"
"0","Exchange/DataCenterDemo/Site1/DataHall2/Section3/PDU/PDU10A/Outlet/Outlet2/RmsCurrent","random(10.0, 30.0, true)","Double"
"0","Exchange/DataCenterDemo/Site1/DataHall2/Section2/PDU/PDU11B/Outlet/Outlet9/RmsCurrent","random(10.0, 30.0, true)","Double"
"0","Exchange/DataCenterDemo/Site1/DataHall2/Section4/AHU/AHU1/Status/IsAhuRunning","1.0","Double"
"0","Exchange/DataCenterDemo/Site1/DataHall2/Section4/Heatmap/Aisle12/Sensor3/Humidity","cosine(42.0, 44.0, 93.732, true)","Double"
"0","Exchange/DataCenterDemo/Site1/DataHall1/Section1/PDU/PDU12B/Outlet/Outlet6/RmsCurrent","random(10.0, 30.0, true)","Double"
"0","Exchange/DataCenterDemo/Site1/DataHall2/Section2/AHU/AHU1/Fan/FanSpeedFeedback","cosine(70.0, 100.0, 91.247, true)","Double"
"0","Exchange/DataCenterDemo/Site1/DataHall2/Section4/UPS/UPS1A/Input/SystemInputVoltageAB","random(470.0, 490.0, true)","Double"
"0","Exchange/DataCenterDemo/Site1/DataHall2/Section4/UPS/UPS1A/Input/SystemInputVoltageCA","random(470.0, 490.0, true)","Double"
"0","Exchange/DataCenterDemo/Site1/DataHall2/Section2/Heatmap/Aisle8/Sensor1/Humidity","cosine(42.0, 44.0, 90.375, true)","Double"
"0","Exchange/DataCenterDemo/Site1/DataHall1/Section1/PDU/PDU11A/Outlet/Outlet11/RmsCurrent","random(10.0, 30.0, true)","Double"
"0","Exchange/DataCenterDemo/Site1/DataHall2/Section1/PDU/PDU9A/Outlet/Outlet15/RmsCurrent","random(10.0, 30.0, true)","Double"
"0","Exchange/DataCenterDemo/Site1/DataHall2/Section2/PDU/PDU6B/Outlet/Outlet5/RmsCurrent","random(10.0, 30.0, true)","Double"
"0","Exchange/DataCenterDemo/Site1/DataHall1/Section2/PDU/PDU7A/Outlet/Outlet2/RmsCurrent","random(10.0, 30.0, true)","Double"
"0","Exchange/DataCenterDemo/Site1/DataHall1/Section1/Breaker/Breaker6B/Metering/CurrentC","random(4300.0, 5800.0, true)","Double"
"0","Exchange/DataCenterDemo/Site1/DataHall2/Section1/PDU/PDU12B/Outlet/Outlet7/RmsCurrent","random(10.0, 30.0, true)","Double"
"0","Exchange/DataCenterDemo/Site1/DataHall1/Section1/Breaker/Breaker6B/Metering/CurrentA","random(4300.0, 5800.0, true)","Double"
"0","Exchange/DataCenterDemo/Site1/DataHall1/Section1/Breaker/Breaker6B/Metering/CurrentB","random(4300.0, 5800.0, true)","Double"
"0","Exchange/DataCenterDemo/Site1/DataHall2/Section2/PDU/PDU8B/Outlet/Outlet10/RmsCurrent","random(10.0, 30.0, true)","Double"
"0","Exchange/DataCenterDemo/Site1/DataHall2/Section3/Heatmap/Aisle2/Sensor2/Humidity","cosine(42.0, 44.0, 103.758, true)","Double"
"0","Exchange/DataCenterDemo/Site1/DataHall1/Section3/PDU/PDU1B/Outlet/Outlet2/RmsCurrent","random(10.0, 30.0, true)","Double"
"0","Exchange/DataCenterDemo/Site1/DataHall2/Section3/PDU/PDU12A/Outlet/Outlet12/RmsCurrent","random(10.0, 30.0, true)","Double"
"0","Exchange/DataCenterDemo/Site1/DataHall1/Section1/PDU/PDU6B/Outlet/Outlet16/RmsCurrent","random(10.0, 30.0, true)","Double"
"0","Exchange/DataCenterDemo/Site1/DataHall1/Section4/PDU/PDU5A/Outlet/Outlet4/RmsCurrent","random(10.0, 30.0, true)","Double"
"0","Exchange/DataCenterDemo/Site1/DataHall2/Section2/PQM/PQM1A/Current/CurrentA","random(3750.0, 4100.0, true)","Double"
"0","Exchange/DataCenterDemo/Site1/DataHall1/Section2/Heatmap/Aisle4/Sensor1/Temperature","random(38.0, 43.9, true)","Double"
"0","Exchange/DataCenterDemo/Site1/DataHall2/Section2/PQM/PQM1A/Current/CurrentB","random(3750.0, 4100.0, true)","Double"
"0","Exchange/DataCenterDemo/Site1/DataHall2/Section2/PQM/PQM1A/Current/CurrentC","random(3750.0, 4100.0, true)","Double"
"0","Exchange/DataCenterDemo/Site1/DataHall1/Section4/Heatmap/Aisle11/Sensor2/Humidity","cosine(46.0, 48.0, 107.768, true)","Double"
"0","Exchange/DataCenterDemo/Site1/DataHall2/Section1/PDU/PDU1B/Outlet/Outlet5/RmsCurrent","random(10.0, 30.0, true)","Double"
"0","Exchange/DataCenterDemo/Site1/DataHall1/Section2/AHU/AHU4/Fan/SupplyAirStaticPressure","cosine(210.0, 225.0, 107.655, true)","Double"
"0","Exchange/DataCenterDemo/Site1/DataHall2/Section3/PDU/PDU3B/Outlet/Outlet13/RmsCurrent","random(10.0, 30.0, true)","Double"
"0","Exchange/DataCenterDemo/Site1/DataHall2/Section4/UPS/UPS1A/Input/SystemInputVoltageBC","random(470.0, 490.0, true)","Double"
"0","Exchange/DataCenterDemo/Site1/DataHall2/Section1/PDU/PDU5A/Outlet/Outlet10/RmsCurrent","random(10.0, 30.0, true)","Double"
"0","Exchange/DataCenterDemo/Site1/DataHall2/Section4/Heatmap/Aisle10/Sensor1/Humidity","cosine(42.0, 44.0, 103.759, true)","Double"
"0","Exchange/DataCenterDemo/Site1/DataHall1/Section4/PDU/PDU9A/Outlet/Outlet7/RmsCurrent","random(10.0, 30.0, true)","Double"
"0","Exchange/DataCenterDemo/Site1/DataHall2/Section1/PDU/PDU11A/Outlet/Outlet9/RmsCurrent","random(10.0, 30.0, true)","Double"
"0","Exchange/DataCenterDemo/Site1/DataHall2/Section4/PDU/PDU4B/Outlet/Outlet14/RmsCurrent","random(10.0, 30.0, true)","Double"
"0","Exchange/DataCenterDemo/Site1/DataHall1/Section4/PDU/PDU6A/Outlet/Outlet14/RmsCurrent","random(10.0, 30.0, true)","Double"
"0","Exchange/DataCenterDemo/Site1/DataHall1/Section2/PDU/PDU2A/Outlet/Outlet13/RmsCurrent","random(10.0, 30.0, true)","Double"
"0","Exchange/DataCenterDemo/Site1/DataHall1/Section3/PQM/PQM2A/Current/CurrentB","random(3750.0, 4100.0, true)","Double"
"0","Exchange/DataCenterDemo/Site1/DataHall1/Section3/PQM/PQM2A/Current/CurrentC","random(3750.0, 4100.0, true)","Double"
"0","Exchange/DataCenterDemo/Site1/DataHall1/Section1/AHU/AHU5/Fan/FanSpeedFeedback","cosine(70.0, 100.0, 105.102, true)","Double"
"0","Exchange/DataCenterDemo/Site1/DataHall1/Section2/UPS/UPS1B/Input/SystemInputVoltageCA","random(470.0, 490.0, true)","Double"
"0","Exchange/DataCenterDemo/Site1/DataHall2/Section4/PDU/PDU10A/Outlet/Outlet7/RmsCurrent","random(10.0, 30.0, true)","Double"
"0","Exchange/DataCenterDemo/Site1/DataHall1/Section1/PDU/PDU5A/Outlet/Outlet14/RmsCurrent","random(10.0, 30.0, true)","Double"
"0","Exchange/DataCenterDemo/Site1/DataHall2/Section1/Heatmap/Aisle9/Sensor3/Humidity","cosine(46.0, 48.0, 90.373, true)","Double"
"0","Exchange/DataCenterDemo/Site1/DataHall1/Section2/UPS/UPS1B/Input/SystemInputVoltageBC","random(470.0, 490.0, true)","Double"
"0","Exchange/DataCenterDemo/Site1/DataHall1/Section2/AHU/AHU4/Temperature/MixedAirTemperature","cosine(14.0, 16.0, 102.666, true)","Double"
"0","Exchange/DataCenterDemo/Site1/DataHall1/Section3/PQM/PQM2A/Current/CurrentA","random(3750.0, 4100.0, true)","Double"
"0","Exchange/DataCenterDemo/Site1/DataHall2/Section4/PDU/PDU5A/Outlet/Outlet4/RmsCurrent","random(10.0, 30.0, true)","Double"
"0","Exchange/DataCenterDemo/Site1/DataHall2/Section2/PDU/PDU8B/Outlet/Outlet8/RmsCurrent","random(10.0, 30.0, true)","Double"
"0","Exchange/DataCenterDemo/Site1/DataHall2/Section3/PDU/PDU9A/Outlet/Outlet11/RmsCurrent","random(10.0, 30.0, true)","Double"
"0","Exchange/DataCenterDemo/Site1/DataHall2/Section1/Heatmap/Aisle7/Sensor3/Temperature","random(18.0, 23.9, true)","Double"
"0","Exchange/DataCenterDemo/Site1/DataHall1/Section3/PDU/PDU6B/Outlet/Outlet12/RmsCurrent","random(10.0, 30.0, true)","Double"
"0","Exchange/DataCenterDemo/Site1/DataHall1/Section2/Heatmap/Aisle1/Sensor3/Humidity","cosine(46.0, 48.0, 96.741, true)","Double"
"0","Exchange/DataCenterDemo/Site1/DataHall1/Section1/PQM/PQM2B/Voltage/VoltageCN","cosine(276.0, 278.0, 93.598, true)","Double"
"0","Exchange/DataCenterDemo/Site1/DataHall1/Section3/PQM/PQM2B/Freq/Frequency","ramp(59.7, 60.3, 0.921, true)","Double"
"0","Exchange/DataCenterDemo/Site1/DataHall2/Section2/PDU/PDU9A/Outlet/Outlet2/RmsCurrent","random(10.0, 30.0, true)","Double"
"0","Exchange/DataCenterDemo/Site1/DataHall1/Section2/PDU/PDU3B/Outlet/Outlet8/RmsCurrent","random(10.0, 30.0, true)","Double"
"0","Exchange/DataCenterDemo/Site1/DataHall1/Section4/PDU/PDU7B/Outlet/Outlet16/RmsCurrent","random(10.0, 30.0, true)","Double"
"0","Exchange/DataCenterDemo/Site1/DataHall2/Section1/PDU/PDU2B/Outlet/Outlet8/RmsCurrent","random(10.0, 30.0, true)","Double"
"0","Exchange/DataCenterDemo/Site1/DataHall2/Section1/AHU/AHU5/Temperature/ReturnAirTemperature","sine(30.0, 34.0, 219.988, true)","Double"
"0","Exchange/DataCenterDemo/Site1/DataHall2/Section1/PDU/PDU7A/Outlet/Outlet2/RmsCurrent","random(10.0, 30.0, true)","Double"
"0","Exchange/DataCenterDemo/Architecture/EAM/Agents/Backend - Backup/Backup/Metrics/Sessions/Designers","random(0.0, 2.0, true)","Double"
"0","Exchange/DataCenterDemo/Site1/DataHall2/Section3/Heatmap/Aisle8/Sensor2/Humidity","cosine(42.0, 44.0, 90.328, true)","Double"
"0","Exchange/DataCenterDemo/Site1/DataHall2/Section1/PDU/PDU2A/Outlet/Outlet15/RmsCurrent","random(10.0, 30.0, true)","Double"
"0","Exchange/DataCenterDemo/Site1/DataHall2/Section2/Breaker/Breaker5A/Metering/CurrentB","random(4300.0, 5800.0, true)","Double"
"0","Exchange/DataCenterDemo/Site1/DataHall1/Section2/PDU/PDU8A/Outlet/Outlet14/RmsCurrent","random(10.0, 30.0, true)","Double"
"0","Exchange/DataCenterDemo/Site1/DataHall2/Section2/Breaker/Breaker5A/Metering/CurrentA","random(4300.0, 5800.0, true)","Double"
"0","Exchange/DataCenterDemo/Site1/DataHall1/Section1/PDU/PDU3A/Outlet/Outlet5/RmsCurrent","random(10.0, 30.0, true)","Double"
"0","Exchange/DataCenterDemo/Site1/DataHall2/Section1/PQM/PQM1B/Voltage/VoltageAB","cosine(478.0, 481.0, 99.599, true)","Double"
"0","Exchange/DataCenterDemo/Site1/DataHall1/Section1/Heatmap/Aisle10/Sensor2/Temperature","random(38.0, 43.9, true)","Double"
"0","Exchange/DataCenterDemo/Site1/DataHall2/Section2/Breaker/Breaker5A/Metering/CurrentC","random(4300.0, 5800.0, true)","Double"
"0","Exchange/DataCenterDemo/Site1/DataHall2/Section2/PDU/PDU1A/Outlet/Outlet7/RmsCurrent","random(10.0, 30.0, true)","Double"
"0","Exchange/DataCenterDemo/Site1/DataHall2/Section4/AHU/AHU7/Temperature/MixedAirTemperature","cosine(14.0, 16.0, 108.088, true)","Double"
"0","Exchange/DataCenterDemo/Site1/DataHall1/Section1/AHU/AHU6/Fan/FanSpeedCommand","square(70.0, 100.0, 107.302, true)","Double"
"0","Exchange/DataCenterDemo/Site1/DataHall2/Section2/Heatmap/Aisle13/Sensor1/Temperature","random(18.0, 23.9, true)","Double"
"0","Exchange/DataCenterDemo/Site1/DataHall1/Section3/PDU/PDU10A/Outlet/Outlet1/RmsCurrent","random(10.0, 30.0, true)","Double"
"0","Exchange/DataCenterDemo/Site1/DataHall1/Section1/PQM/PQM2B/Voltage/VoltageBC","cosine(478.0, 481.0, 107.422, true)","Double"
"0","Exchange/DataCenterDemo/Site1/DataHall1/Section3/PDU/PDU1A/Outlet/Outlet7/RmsCurrent","random(10.0, 30.0, true)","Double"
"0","Exchange/DataCenterDemo/Site1/DataHall1/Section4/AHU/AHU2/Fan/SupplyAirStaticPressure","cosine(210.0, 225.0, 109.934, true)","Double"
"0","Exchange/DataCenterDemo/Site1/DataHall1/Section4/PDU/PDU3B/Outlet/Outlet2/RmsCurrent","random(10.0, 30.0, true)","Double"
"0","Exchange/DataCenterDemo/Site1/DataHall2/Section2/PDU/PDU12A/Outlet/Outlet3/RmsCurrent","random(10.0, 30.0, true)","Double"
"0","Exchange/DataCenterDemo/Site1/DataHall2/Section2/PDU/PDU6B/Outlet/Outlet14/RmsCurrent","random(10.0, 30.0, true)","Double"
"0","Exchange/DataCenterDemo/Site1/DataHall2/Section3/Breaker/Breaker2A/Metering/VoltageMeanLL","random(470.0, 490.0, true)","Double"
"0","Exchange/DataCenterDemo/Site1/DataHall1/Section3/PDU/PDU8B/Outlet/Outlet8/RmsCurrent","random(10.0, 30.0, true)","Double"
"0","Exchange/DataCenterDemo/Site1/DataHall2/Section1/PQM/PQM1B/Voltage/VoltageAN","cosine(276.0, 278.0, 91.375, true)","Double"
"0","Exchange/DataCenterDemo/Site1/DataHall2/Section2/UPS/UPS2B/Output/SystemOutputVoltageAB","random(480.0, 480.5, true)","Double"
"0","Exchange/DataCenterDemo/Site1/DataHall1/Section1/Breaker/Breaker4A/Metering/VoltageMeanLL","random(470.0, 490.0, true)","Double"
"0","Exchange/DataCenterDemo/Site1/DataHall1/Section1/AHU/AHU2/Fan/FanSpeedCommand","square(70.0, 100.0, 94.822, true)","Double"
"0","Exchange/DataCenterDemo/Site1/DataHall1/Section1/PDU/PDU11B/Outlet/Outlet14/RmsCurrent","random(10.0, 30.0, true)","Double"
"0","Exchange/DataCenterDemo/Site1/DataHall2/Section2/PDU/PDU11B/Outlet/Outlet1/RmsCurrent","random(10.0, 30.0, true)","Double"
"0","Exchange/DataCenterDemo/Site1/DataHall1/Section3/PDU/PDU9A/Outlet/Outlet2/RmsCurrent","random(10.0, 30.0, true)","Double"
"0","Exchange/DataCenterDemo/Site1/DataHall2/Section2/PDU/PDU2B/Outlet/Outlet5/RmsCurrent","random(10.0, 30.0, true)","Double"
"0","Exchange/DataCenterDemo/Site1/DataHall2/Section3/PDU/PDU7B/Outlet/Outlet5/RmsCurrent","random(10.0, 30.0, true)","Double"
"0","Exchange/DataCenterDemo/Site1/DataHall2/Section1/PQM/PQM1B/Voltage/VoltageBC","cosine(478.0, 481.0, 91.081, true)","Double"
"0","Exchange/DataCenterDemo/Site1/DataHall2/Section4/PDU/PDU8B/Outlet/Outlet2/RmsCurrent","random(10.0, 30.0, true)","Double"
"0","Exchange/DataCenterDemo/Site1/DataHall1/Section1/PQM/PQM2B/Voltage/VoltageAN","cosine(276.0, 278.0, 98.371, true)","Double"
"0","Exchange/DataCenterDemo/Site1/DataHall1/Section1/PDU/PDU8B/Outlet/Outlet12/RmsCurrent","random(10.0, 30.0, true)","Double"
"0","Exchange/DataCenterDemo/Site1/DataHall2/Section3/PDU/PDU3A/Outlet/Outlet10/RmsCurrent","random(10.0, 30.0, true)","Double"
"0","Exchange/DataCenterDemo/Site1/DataHall1/Section2/PDU/PDU10B/Outlet/Outlet5/RmsCurrent","random(10.0, 30.0, true)","Double"
"0","Exchange/DataCenterDemo/Site1/DataHall1/Section1/PDU/PDU10B/Outlet/Outlet12/RmsCurrent","random(10.0, 30.0, true)","Double"
"0","Exchange/DataCenterDemo/Site1/DataHall1/Section1/PQM/PQM1A/Current/CurrentC","random(3750.0, 4100.0, true)","Double"
"0","Exchange/DataCenterDemo/Site1/DataHall1/Section1/PQM/PQM1A/Current/CurrentB","random(3750.0, 4100.0, true)","Double"
"0","Exchange/DataCenterDemo/Site1/DataHall1/Section4/PDU/PDU6A/Outlet/Outlet7/RmsCurrent","random(10.0, 30.0, true)","Double"
"0","Exchange/DataCenterDemo/Site1/DataHall1/Section1/PQM/PQM1A/Current/CurrentA","random(3750.0, 4100.0, true)","Double"
"0","Exchange/DataCenterDemo/Site1/DataHall2/Section3/PQM/PQM1B/Freq/Frequency","ramp(59.7, 60.3, 0.972, true)","Double"
"0","Exchange/DataCenterDemo/Site1/DataHall1/Section1/PQM/PQM2B/Voltage/VoltageCA","cosine(478.0, 481.0, 103.005, true)","Double"
"0","Exchange/DataCenterDemo/Site1/DataHall2/Section3/PDU/PDU6A/Outlet/Outlet16/RmsCurrent","random(10.0, 30.0, true)","Double"
"0","Exchange/DataCenterDemo/Site1/DataHall1/Section3/PDU/PDU2B/Outlet/Outlet5/RmsCurrent","random(10.0, 30.0, true)","Double"
"0","Exchange/DataCenterDemo/Site1/DataHall2/Section2/UPS/UPS2B/Output/SystemOutputVoltageBC","random(480.0, 480.5, true)","Double"
"0","Exchange/DataCenterDemo/Site1/DataHall2/Section1/PQM/PQM1B/Voltage/VoltageBN","cosine(276.0, 278.0, 98.987, true)","Double"
"0","Exchange/DataCenterDemo/Site1/DataHall1/Section2/PDU/PDU9B/Outlet/Outlet16/RmsCurrent","random(10.0, 30.0, true)","Double"
"0","Exchange/DataCenterDemo/Site1/DataHall2/Section3/PDU/PDU11A/Outlet/Outlet5/RmsCurrent","random(10.0, 30.0, true)","Double"
"0","Exchange/DataCenterDemo/Site1/DataHall1/Section2/PDU/PDU10A/Outlet/Outlet12/RmsCurrent","random(10.0, 30.0, true)","Double"
"0","Exchange/DataCenterDemo/Site1/DataHall2/Section1/PDU/PDU3B/Outlet/Outlet8/RmsCurrent","random(10.0, 30.0, true)","Double"
"0","Exchange/DataCenterDemo/Site1/DataHall1/Section1/PDU/PDU2B/Outlet/Outlet11/RmsCurrent","random(10.0, 30.0, true)","Double"
"0","Exchange/DataCenterDemo/Site1/DataHall1/Section2/UPS/UPS1B/Input/SystemInputVoltageAB","random(470.0, 490.0, true)","Double"
"0","Exchange/DataCenterDemo/Site1/DataHall2/Section3/PDU/PDU3B/Outlet/Outlet2/RmsCurrent","random(10.0, 30.0, true)","Double"
"0","Exchange/DataCenterDemo/Site1/DataHall2/Section4/AHU/AHU5/Status/IsAhuRunning","1.0","Double"
"0","Exchange/DataCenterDemo/Site1/DataHall1/Section2/PDU/PDU3B/Outlet/Outlet15/RmsCurrent","random(10.0, 30.0, true)","Double"
"0","Exchange/DataCenterDemo/Site1/DataHall1/Section3/PDU/PDU5A/Outlet/Outlet10/RmsCurrent","random(10.0, 30.0, true)","Double"
"0","Exchange/DataCenterDemo/Site1/DataHall2/Section1/PQM/PQM1B/Voltage/VoltageCA","cosine(478.0, 481.0, 107.824, true)","Double"
"0","Exchange/DataCenterDemo/Site1/DataHall1/Section1/Breaker/Breaker2A/Metering/CurrentB","random(4300.0, 5800.0, true)","Double"
"0","Exchange/DataCenterDemo/Site1/DataHall1/Section1/Breaker/Breaker2A/Metering/CurrentC","random(4300.0, 5800.0, true)","Double"
"0","Exchange/DataCenterDemo/Site1/DataHall1/Section1/PDU/PDU9A/Outlet/Outlet8/RmsCurrent","random(10.0, 30.0, true)","Double"
"0","Exchange/DataCenterDemo/Site1/DataHall1/Section1/PQM/PQM2B/Voltage/VoltageBN","cosine(276.0, 278.0, 109.65, true)","Double"
"0","Exchange/DataCenterDemo/Site1/DataHall1/Section1/Breaker/Breaker2A/Metering/CurrentA","random(4300.0, 5800.0, true)","Double"
"0","Exchange/DataCenterDemo/Site1/DataHall1/Section2/Section/ItLoadMw","sine(850.0, 1150.0, 10.0, true)","Double"
"0","Exchange/DataCenterDemo/Site1/DataHall1/Section4/PDU/PDU7B/Outlet/Outlet5/RmsCurrent","random(10.0, 30.0, true)","Double"
"0","Exchange/DataCenterDemo/Site1/DataHall2/Section4/PDU/PDU11A/Outlet/Outlet7/RmsCurrent","random(10.0, 30.0, true)","Double"
"0","Exchange/DataCenterDemo/Site1/DataHall1/Section1/PDU/PDU12A/Outlet/Outlet12/RmsCurrent","random(10.0, 30.0, true)","Double"
"0","Exchange/DataCenterDemo/Site1/DataHall1/Section1/PDU/PDU8A/Outlet/Outlet11/RmsCurrent","random(10.0, 30.0, true)","Double"
"0","Exchange/DataCenterDemo/Site1/DataHall2/Section3/PDU/PDU1A/Outlet/Outlet2/RmsCurrent","random(10.0, 30.0, true)","Double"
"0","Exchange/DataCenterDemo/Site1/DataHall1/Section4/Breaker/Breaker2B/Metering/CurrentB","random(4300.0, 5800.0, true)","Double"
"0","Exchange/DataCenterDemo/Site1/DataHall1/Section4/PDU/PDU11B/Outlet/Outlet6/RmsCurrent","random(10.0, 30.0, true)","Double"
"0","Exchange/DataCenterDemo/Site1/DataHall1/Section4/Breaker/Breaker2B/Metering/CurrentC","random(4300.0, 5800.0, true)","Double"
"0","Exchange/DataCenterDemo/Site1/DataHall2/Section1/AHU/AHU2/Fan/FanSpeedCommand","square(70.0, 100.0, 106.197, true)","Double"
"0","Exchange/DataCenterDemo/Site1/DataHall1/Section3/Heatmap/Aisle12/Sensor2/Humidity","cosine(42.0, 44.0, 104.948, true)","Double"
"0","Exchange/DataCenterDemo/Site1/DataHall1/Section4/PDU/PDU9B/Outlet/Outlet16/RmsCurrent","random(10.0, 30.0, true)","Double"
"0","Exchange/DataCenterDemo/Site1/DataHall2/Section3/PDU/PDU12A/Outlet/Outlet8/RmsCurrent","random(10.0, 30.0, true)","Double"
"0","Exchange/DataCenterDemo/Site1/DataHall2/Section4/AHU/AHU5/Temperature/SupplyAirTemperature","sine(21.0, 22.0, 103.669, true)","Double"
"0","Exchange/DataCenterDemo/Site1/DataHall2/Section2/PDU/PDU10A/Outlet/Outlet12/RmsCurrent","random(10.0, 30.0, true)","Double"
"0","Exchange/DataCenterDemo/Site1/DataHall2/Section4/PDU/PDU8B/Outlet/Outlet15/RmsCurrent","random(10.0, 30.0, true)","Double"
"0","Exchange/DataCenterDemo/Site1/DataHall1/Section4/Breaker/Breaker2B/Metering/CurrentA","random(4300.0, 5800.0, true)","Double"
"0","Exchange/DataCenterDemo/Site1/DataHall2/Section4/AHU/AHU1/Fan/FanSpeedCommand","square(70.0, 100.0, 101.808, true)","Double"
"0","Exchange/DataCenterDemo/Site1/DataHall1/Section3/PDU/PDU12B/Outlet/Outlet4/RmsCurrent","random(10.0, 30.0, true)","Double"
"0","Exchange/DataCenterDemo/Site1/DataHall1/Section1/AHU/AHU6/Fan/SupplyAirStaticPressure","cosine(210.0, 225.0, 90.749, true)","Double"
"0","Exchange/DataCenterDemo/Site1/DataHall1/Section2/PDU/PDU9B/Outlet/Outlet2/RmsCurrent","random(10.0, 30.0, true)","Double"
"0","Exchange/DataCenterDemo/Site1/DataHall1/Section4/PDU/PDU6A/Outlet/Outlet16/RmsCurrent","random(10.0, 30.0, true)","Double"
"0","Exchange/DataCenterDemo/Site1/DataHall2/Section1/PQM/PQM1A/Current/CurrentC","random(3750.0, 4100.0, true)","Double"
"0","Exchange/DataCenterDemo/Site1/DataHall2/Section1/PQM/PQM1A/Current/CurrentB","random(3750.0, 4100.0, true)","Double"
"0","Exchange/DataCenterDemo/Site1/DataHall2/Section1/PQM/PQM1A/Current/CurrentA","random(3750.0, 4100.0, true)","Double"
"0","Exchange/DataCenterDemo/Site1/DataHall1/Section3/AHU/AHU5/Temperature/ReturnAirTemperature","sine(30.0, 34.0, 210.804, true)","Double"
"0","Exchange/DataCenterDemo/Site1/DataHall1/Section3/PDU/PDU2A/Outlet/Outlet3/RmsCurrent","random(10.0, 30.0, true)","Double"
"0","Exchange/DataCenterDemo/Site1/DataHall1/Section4/PDU/PDU12B/Outlet/Outlet2/RmsCurrent","random(10.0, 30.0, true)","Double"
"0","Exchange/DataCenterDemo/Site1/DataHall1/Section2/PDU/PDU1B/Outlet/Outlet7/RmsCurrent","random(10.0, 30.0, true)","Double"
"0","Exchange/DataCenterDemo/Site1/DataHall1/Section1/PDU/PDU10A/Outlet/Outlet6/RmsCurrent","random(10.0, 30.0, true)","Double"
"0","Exchange/DataCenterDemo/Site1/DataHall1/Section3/Heatmap/Aisle8/Sensor1/Humidity","cosine(42.0, 44.0, 109.828, true)","Double"
"0","Exchange/DataCenterDemo/Site1/DataHall2/Section2/PDU/PDU8B/Outlet/Outlet1/RmsCurrent","random(10.0, 30.0, true)","Double"
"0","Exchange/DataCenterDemo/Site1/DataHall2/Section3/UPS/UPS2B/Battery/BatteryCapacityRemaining","ramp(95.0, 99.0, 90.504, true)","Double"
"0","Exchange/DataCenterDemo/Site1/DataHall2/Section2/PDU/PDU7B/Outlet/Outlet5/RmsCurrent","random(10.0, 30.0, true)","Double"
"0","Exchange/DataCenterDemo/Site1/DataHall1/Section3/Heatmap/Aisle5/Sensor3/Temperature","random(18.0, 23.9, true)","Double"
"0","Exchange/DataCenterDemo/Site1/DataHall2/Section3/PDU/PDU5A/Outlet/Outlet10/RmsCurrent","random(10.0, 30.0, true)","Double"
"0","Exchange/DataCenterDemo/Site1/DataHall2/Section4/Heatmap/Aisle7/Sensor3/Humidity","cosine(46.0, 48.0, 91.334, true)","Double"
"0","Exchange/DataCenterDemo/Site1/DataHall1/Section4/Heatmap/Aisle10/Sensor1/Temperature","random(38.0, 43.9, true)","Double"
"0","Exchange/DataCenterDemo/Site1/DataHall2/Section1/PDU/PDU1B/Outlet/Outlet2/RmsCurrent","random(10.0, 30.0, true)","Double"
"0","Exchange/DataCenterDemo/Site1/DataHall2/Section4/PDU/PDU3B/Outlet/Outlet4/RmsCurrent","random(10.0, 30.0, true)","Double"
"0","Exchange/DataCenterDemo/Site1/DataHall1/Section2/Heatmap/Aisle11/Sensor3/Humidity","cosine(46.0, 48.0, 105.985, true)","Double"
"0","Exchange/DataCenterDemo/Site1/DataHall1/Section4/PDU/PDU10A/Outlet/Outlet14/RmsCurrent","random(10.0, 30.0, true)","Double"
"0","Exchange/DataCenterDemo/Site1/DataHall1/Section3/PDU/PDU6B/Outlet/Outlet14/RmsCurrent","random(10.0, 30.0, true)","Double"
"0","Exchange/DataCenterDemo/Site1/DataHall2/Section2/PDU/PDU8B/Outlet/Outlet12/RmsCurrent","random(10.0, 30.0, true)","Double"
"0","Exchange/DataCenterDemo/Site1/DataHall1/Section1/Section/ItLoadMw","sine(850.0, 1150.0, 10.0, true)","Double"
"0","Exchange/DataCenterDemo/Site1/DataHall1/Section2/PDU/PDU5A/Outlet/Outlet8/RmsCurrent","random(10.0, 30.0, true)","Double"
"0","Exchange/DataCenterDemo/Site1/DataHall2/Section3/PDU/PDU3B/Outlet/Outlet10/RmsCurrent","random(10.0, 30.0, true)","Double"
"0","Exchange/DataCenterDemo/Site1/DataHall1/Section4/PDU/PDU5B/Outlet/Outlet1/RmsCurrent","random(10.0, 30.0, true)","Double"
"0","Exchange/DataCenterDemo/Site1/DataHall1/Section1/PDU/PDU11A/Outlet/Outlet9/RmsCurrent","random(10.0, 30.0, true)","Double"
"0","Exchange/DataCenterDemo/Site1/DataHall2/Section4/PDU/PDU8A/Outlet/Outlet8/RmsCurrent","random(10.0, 30.0, true)","Double"
"0","Exchange/DataCenterDemo/Site1/DataHall1/Section2/PDU/PDU2B/Outlet/Outlet3/RmsCurrent","random(10.0, 30.0, true)","Double"
"0","Exchange/DataCenterDemo/Site1/DataHall1/Section1/Heatmap/Aisle5/Sensor2/Humidity","cosine(46.0, 48.0, 107.055, true)","Double"
"0","Exchange/DataCenterDemo/Site1/DataHall2/Section1/AHU/AHU7/Status/IsAhuRunning","1.0","Double"
"0","Exchange/DataCenterDemo/Site1/DataHall2/Section1/PDU/PDU6A/Outlet/Outlet6/RmsCurrent","random(10.0, 30.0, true)","Double"
"0","Exchange/DataCenterDemo/Site1/DataHall1/Section4/AHU/AHU4/Status/IsAhuRunning","1.0","Double"
"0","Exchange/DataCenterDemo/Site1/DataHall2/Section3/PDU/PDU8B/Outlet/Outlet10/RmsCurrent","random(10.0, 30.0, true)","Double"
"0","Exchange/DataCenterDemo/Architecture/EAM/Agents/Edge 3/Independent/Metrics/System/Memory Usage","ramp(27.0, 38.0, 0.91, true)","Double"
"0","Exchange/DataCenterDemo/Site1/DataHall1/Section1/PDU/PDU7A/Outlet/Outlet7/RmsCurrent","random(10.0, 30.0, true)","Double"
"0","Exchange/DataCenterDemo/Site1/DataHall2/Section2/PDU/PDU6B/Outlet/Outlet2/RmsCurrent","random(10.0, 30.0, true)","Double"
"0","Exchange/DataCenterDemo/Site1/DataHall2/Section3/PDU/PDU5B/Outlet/Outlet6/RmsCurrent","random(10.0, 30.0, true)","Double"
"0","Exchange/DataCenterDemo/Site1/DataHall1/Section2/Heatmap/Aisle1/Sensor2/Humidity","cosine(46.0, 48.0, 109.953, true)","Double"
"0","Exchange/DataCenterDemo/Site1/DataHall2/Section4/AHU/AHU3/Temperature/ReturnAirTemperature","sine(30.0, 34.0, 206.524, true)","Double"
"0","Exchange/DataCenterDemo/Site1/DataHall2/Section3/PDU/PDU8A/Outlet/Outlet14/RmsCurrent","random(10.0, 30.0, true)","Double"
"0","Exchange/DataCenterDemo/Site1/DataHall2/Section4/Heatmap/Aisle1/Sensor3/Temperature","random(18.0, 23.9, true)","Double"
"0","Exchange/DataCenterDemo/Site1/DataHall1/Section3/Heatmap/Aisle10/Sensor3/Temperature","random(38.0, 43.9, true)","Double"
"0","Exchange/DataCenterDemo/Site1/DataHall1/Section4/PDU/PDU3A/Outlet/Outlet12/RmsCurrent","random(10.0, 30.0, true)","Double"
"0","Exchange/DataCenterDemo/Site1/DataHall1/Section3/AHU/AHU4/Fan/SupplyAirStaticPressure","cosine(210.0, 225.0, 90.889, true)","Double"
"0","Exchange/DataCenterDemo/Site1/DataHall1/Section4/PDU/PDU9A/Outlet/Outlet13/RmsCurrent","random(10.0, 30.0, true)","Double"
"0","Exchange/DataCenterDemo/Site1/DataHall1/Section4/PDU/PDU9A/Outlet/Outlet9/RmsCurrent","random(10.0, 30.0, true)","Double"
"0","Exchange/DataCenterDemo/Site1/DataHall2/Section1/Heatmap/Aisle2/Sensor1/Humidity","cosine(42.0, 44.0, 106.601, true)","Double"
"0","Exchange/DataCenterDemo/Site1/DataHall1/Section2/PQM/PQM1B/Freq/Frequency","ramp(59.7, 60.3, 0.911, true)","Double"
"0","Exchange/DataCenterDemo/Site1/DataHall1/Section3/UPS/UPS1B/Input/SystemInputCurrentB","random(1600.0, 1900.0, true)","Double"
"0","Exchange/DataCenterDemo/Site1/DataHall1/Section3/UPS/UPS1B/Input/SystemInputCurrentC","random(1600.0, 1900.0, true)","Double"
"0","Exchange/DataCenterDemo/Site1/DataHall1/Section3/PDU/PDU9B/Outlet/Outlet11/RmsCurrent","random(10.0, 30.0, true)","Double"
"0","Exchange/DataCenterDemo/Site1/DataHall2/Section2/Breaker/Breaker2A/Metering/VoltageMeanLL","random(470.0, 490.0, true)","Double"
"0","Exchange/DataCenterDemo/Site1/DataHall1/Section1/PDU/PDU8A/Outlet/Outlet3/RmsCurrent","random(10.0, 30.0, true)","Double"
"0","Exchange/DataCenterDemo/Site1/DataHall1/Section3/UPS/UPS1B/Input/SystemInputCurrentA","random(1600.0, 1900.0, true)","Double"
"0","Exchange/DataCenterDemo/Site1/DataHall1/Section4/PDU/PDU10B/Outlet/Outlet10/RmsCurrent","random(10.0, 30.0, true)","Double"
"0","Exchange/DataCenterDemo/Site1/DataHall2/Section1/PDU/PDU7A/Outlet/Outlet10/RmsCurrent","random(10.0, 30.0, true)","Double"
"0","Exchange/DataCenterDemo/Site1/DataHall2/Section3/PDU/PDU2A/Outlet/Outlet13/RmsCurrent","random(10.0, 30.0, true)","Double"
"0","Exchange/DataCenterDemo/Site1/DataHall1/Section1/UPS/UPS2B/Output/SystemOutputCurrentC","random(1500.0, 1800.0, true)","Double"
"0","Exchange/DataCenterDemo/Site1/DataHall2/Section1/Breaker/Breaker2A/Metering/CurrentC","random(4300.0, 5800.0, true)","Double"
"0","Exchange/DataCenterDemo/Site1/DataHall2/Section4/PDU/PDU2A/Outlet/Outlet11/RmsCurrent","random(10.0, 30.0, true)","Double"
"0","Exchange/DataCenterDemo/Site1/DataHall1/Section1/UPS/UPS2B/Output/SystemOutputCurrentA","random(1500.0, 1800.0, true)","Double"
"0","Exchange/DataCenterDemo/Site1/DataHall1/Section1/UPS/UPS2B/Output/SystemOutputCurrentB","random(1500.0, 1800.0, true)","Double"
"0","Exchange/DataCenterDemo/Site1/DataHall1/Section2/Heatmap/Aisle9/Sensor2/Temperature","random(18.0, 23.9, true)","Double"
"0","Exchange/DataCenterDemo/Site1/DataHall1/Section3/PDU/PDU3B/Outlet/Outlet10/RmsCurrent","random(10.0, 30.0, true)","Double"
"0","Exchange/DataCenterDemo/Site1/DataHall2/Section3/PDU/PDU7A/Outlet/Outlet13/RmsCurrent","random(10.0, 30.0, true)","Double"
"0","Exchange/DataCenterDemo/Site1/DataHall2/Section1/Breaker/Breaker2A/Metering/CurrentA","random(4300.0, 5800.0, true)","Double"
"0","Exchange/DataCenterDemo/Site1/DataHall2/Section1/Breaker/Breaker2A/Metering/CurrentB","random(4300.0, 5800.0, true)","Double"
"0","Exchange/DataCenterDemo/Site1/DataHall1/Section1/AHU/AHU6/Fan/FanSpeedFeedback","cosine(70.0, 100.0, 98.196, true)","Double"
"0","Exchange/DataCenterDemo/Site1/DataHall1/Section2/PDU/PDU10B/Outlet/Outlet15/RmsCurrent","random(10.0, 30.0, true)","Double"
"0","Exchange/DataCenterDemo/Site1/DataHall1/Section4/PDU/PDU11B/Outlet/Outlet11/RmsCurrent","random(10.0, 30.0, true)","Double"
"0","Exchange/DataCenterDemo/Site1/DataHall2/Section1/Heatmap/Aisle13/Sensor3/Temperature","random(18.0, 23.9, true)","Double"
"0","Exchange/DataCenterDemo/Site1/DataHall1/Section4/PDU/PDU12B/Outlet/Outlet9/RmsCurrent","random(10.0, 30.0, true)","Double"
"0","Exchange/DataCenterDemo/Site1/DataHall2/Section1/PDU/PDU7B/Outlet/Outlet13/RmsCurrent","random(10.0, 30.0, true)","Double"
"0","Exchange/DataCenterDemo/Site1/DataHall1/Section3/PDU/PDU9A/Outlet/Outlet15/RmsCurrent","random(10.0, 30.0, true)","Double"
"0","Exchange/DataCenterDemo/Site1/DataHall1/Section2/Heatmap/Aisle10/Sensor2/Temperature","random(38.0, 43.9, true)","Double"
"0","Exchange/DataCenterDemo/Site1/DataHall2/Section4/PDU/PDU10A/Outlet/Outlet4/RmsCurrent","random(10.0, 30.0, true)","Double"
"0","Exchange/DataCenterDemo/Site1/DataHall1/Section2/PDU/PDU9B/Outlet/Outlet13/RmsCurrent","random(10.0, 30.0, true)","Double"
"0","Exchange/DataCenterDemo/Site1/DataHall2/Section1/PQM/PQM2A/Freq/Frequency","ramp(59.7, 60.3, 0.962, true)","Double"
"0","Exchange/DataCenterDemo/Site1/DataHall1/Section3/PDU/PDU3A/Outlet/Outlet14/RmsCurrent","random(10.0, 30.0, true)","Double"
"0","Exchange/DataCenterDemo/Site1/DataHall2/Section4/PDU/PDU4B/Outlet/Outlet7/RmsCurrent","random(10.0, 30.0, true)","Double"
"0","Exchange/DataCenterDemo/Site1/DataHall1/Section2/Breaker/Breaker5A/Metering/CurrentB","random(4300.0, 5800.0, true)","Double"
"0","Exchange/DataCenterDemo/Site1/DataHall1/Section2/Breaker/Breaker5A/Metering/CurrentC","random(4300.0, 5800.0, true)","Double"
"0","Exchange/DataCenterDemo/Site1/DataHall1/Section2/Breaker/Breaker5A/Metering/CurrentA","random(4300.0, 5800.0, true)","Double"
"0","Exchange/DataCenterDemo/Site1/DataHall2/Section1/PDU/PDU2B/Outlet/Outlet5/RmsCurrent","random(10.0, 30.0, true)","Double"
"0","Exchange/DataCenterDemo/Site1/DataHall2/Section2/PDU/PDU7B/Outlet/Outlet11/RmsCurrent","random(10.0, 30.0, true)","Double"
"0","Exchange/DataCenterDemo/Site1/DataHall1/Section1/PDU/PDU12B/Outlet/Outlet15/RmsCurrent","random(10.0, 30.0, true)","Double"
"0","Exchange/DataCenterDemo/Site1/DataHall1/Section1/Heatmap/Aisle6/Sensor1/Humidity","cosine(42.0, 44.0, 100.752, true)","Double"
"0","Exchange/DataCenterDemo/Site1/DataHall2/Section3/PDU/PDU8B/Outlet/Outlet8/RmsCurrent","random(10.0, 30.0, true)","Double"
"0","Exchange/DataCenterDemo/Site1/DataHall2/Section2/PDU/PDU7A/Outlet/Outlet15/RmsCurrent","random(10.0, 30.0, true)","Double"
"0","Exchange/DataCenterDemo/Site1/DataHall1/Section2/PDU/PDU3B/Outlet/Outlet12/RmsCurrent","random(10.0, 30.0, true)","Double"
"0","Exchange/DataCenterDemo/Site1/DataHall2/Section3/PDU/PDU11A/Outlet/Outlet2/RmsCurrent","random(10.0, 30.0, true)","Double"
"0","Exchange/DataCenterDemo/Site1/DataHall2/Section4/PDU/PDU8A/Outlet/Outlet12/RmsCurrent","random(10.0, 30.0, true)","Double"
"0","Exchange/DataCenterDemo/Site1/DataHall1/Section3/Heatmap/Aisle13/Sensor1/Humidity","cosine(46.0, 48.0, 103.343, true)","Double"
"0","Exchange/DataCenterDemo/Site1/DataHall1/Section3/PDU/PDU7B/Outlet/Outlet3/RmsCurrent","random(10.0, 30.0, true)","Double"
"0","Exchange/DataCenterDemo/Site1/DataHall1/Section3/PDU/PDU6B/Outlet/Outlet7/RmsCurrent","random(10.0, 30.0, true)","Double"
"0","Exchange/DataCenterDemo/Site1/DataHall2/Section1/PDU/PDU4A/Outlet/Outlet13/RmsCurrent","random(10.0, 30.0, true)","Double"
"0","Exchange/DataCenterDemo/Site1/DataHall2/Section3/Breaker/Breaker6A/Metering/VoltageMeanLL","random(470.0, 490.0, true)","Double"
"0","Exchange/DataCenterDemo/Site1/DataHall1/Section1/PDU/PDU4B/Outlet/Outlet2/RmsCurrent","random(10.0, 30.0, true)","Double"
"0","Exchange/DataCenterDemo/Site1/DataHall1/Section4/PDU/PDU6B/Outlet/Outlet4/RmsCurrent","random(10.0, 30.0, true)","Double"
"0","Exchange/DataCenterDemo/Site1/DataHall2/Section3/PDU/PDU1A/Outlet/Outlet9/RmsCurrent","random(10.0, 30.0, true)","Double"
"0","Exchange/DataCenterDemo/Site1/DataHall1/Section4/PDU/PDU1B/Outlet/Outlet12/RmsCurrent","random(10.0, 30.0, true)","Double"
"0","Exchange/DataCenterDemo/Site1/DataHall2/Section1/Breaker/Breaker3A/Metering/CurrentB","random(4300.0, 5800.0, true)","Double"
"0","Exchange/DataCenterDemo/Site1/DataHall2/Section1/Breaker/Breaker3A/Metering/CurrentC","random(4300.0, 5800.0, true)","Double"
"0","Exchange/DataCenterDemo/Site1/DataHall2/Section3/Heatmap/Aisle13/Sensor1/Temperature","random(18.0, 23.9, true)","Double"
"0","Exchange/DataCenterDemo/Site1/DataHall1/Section4/Heatmap/Aisle4/Sensor1/Humidity","cosine(42.0, 44.0, 107.655, true)","Double"
"0","Exchange/DataCenterDemo/Site1/DataHall2/Section1/Breaker/Breaker3A/Metering/CurrentA","random(4300.0, 5800.0, true)","Double"
"0","Exchange/DataCenterDemo/Site1/DataHall2/Section1/PDU/PDU11A/Outlet/Outlet2/RmsCurrent","random(10.0, 30.0, true)","Double"
"0","Exchange/DataCenterDemo/Site1/DataHall2/Section2/PDU/PDU2A/Outlet/Outlet8/RmsCurrent","random(10.0, 30.0, true)","Double"
"0","Exchange/DataCenterDemo/Site1/DataHall1/Section1/PDU/PDU6A/Outlet/Outlet4/RmsCurrent","random(10.0, 30.0, true)","Double"
"0","Exchange/DataCenterDemo/Site1/DataHall1/Section2/PDU/PDU4A/Outlet/Outlet5/RmsCurrent","random(10.0, 30.0, true)","Double"
"0","Exchange/DataCenterDemo/Site1/DataHall1/Section2/PDU/PDU11A/Outlet/Outlet13/RmsCurrent","random(10.0, 30.0, true)","Double"
"0","Exchange/DataCenterDemo/Site1/DataHall1/Section4/PDU/PDU8A/Outlet/Outlet6/RmsCurrent","random(10.0, 30.0, true)","Double"
"0","Exchange/DataCenterDemo/Site1/DataHall2/Section2/PDU/PDU4A/Outlet/Outlet11/RmsCurrent","random(10.0, 30.0, true)","Double"
"0","Exchange/DataCenterDemo/Site1/DataHall1/Section2/Heatmap/Aisle1/Sensor1/Temperature","random(18.0, 23.9, true)","Double"
"0","Exchange/DataCenterDemo/Site1/DataHall2/Section2/UPS/UPS1A/Output/SystemOutputCurrentB","random(1500.0, 1800.0, true)","Double"
"0","Exchange/DataCenterDemo/Site1/DataHall2/Section3/PDU/PDU5B/Outlet/Outlet13/RmsCurrent","random(10.0, 30.0, true)","Double"
"0","Exchange/DataCenterDemo/Site1/DataHall2/Section2/PDU/PDU4A/Outlet/Outlet4/RmsCurrent","random(10.0, 30.0, true)","Double"
"0","Exchange/DataCenterDemo/Site1/DataHall2/Section2/UPS/UPS1A/Output/SystemOutputCurrentA","random(1500.0, 1800.0, true)","Double"
"0","Exchange/DataCenterDemo/Site1/DataHall2/Section3/PDU/PDU9A/Outlet/Outlet4/RmsCurrent","random(10.0, 30.0, true)","Double"
"0","Exchange/DataCenterDemo/Site1/DataHall2/Section2/UPS/UPS1A/Output/SystemOutputCurrentC","random(1500.0, 1800.0, true)","Double"
"0","Exchange/DataCenterDemo/Site1/DataHall1/Section3/PDU/PDU3A/Outlet/Outlet6/RmsCurrent","random(10.0, 30.0, true)","Double"
"0","Exchange/DataCenterDemo/Site1/DataHall1/Section3/PDU/PDU6A/Outlet/Outlet11/RmsCurrent","random(10.0, 30.0, true)","Double"
"0","Exchange/DataCenterDemo/Site1/DataHall2/Section1/Heatmap/Aisle1/Sensor2/Humidity","cosine(46.0, 48.0, 90.0, true)","Double"
"0","Exchange/DataCenterDemo/Site1/DataHall1/Section4/PDU/PDU9A/Outlet/Outlet2/RmsCurrent","random(10.0, 30.0, true)","Double"
"0","Exchange/DataCenterDemo/Site1/DataHall1/Section1/AHU/AHU5/Status/IsAhuRunning","square(0.0, 1.0, 240.0, true)","Double"
"0","Exchange/DataCenterDemo/Site1/DataHall1/Section2/PDU/PDU3A/Outlet/Outlet9/RmsCurrent","random(10.0, 30.0, true)","Double"
"0","Exchange/DataCenterDemo/Site1/DataHall2/Section3/PDU/PDU2B/Outlet/Outlet16/RmsCurrent","random(10.0, 30.0, true)","Double"
"0","Exchange/DataCenterDemo/Site1/DataHall2/Section4/PDU/PDU6A/Outlet/Outlet9/RmsCurrent","random(10.0, 30.0, true)","Double"
"0","Exchange/DataCenterDemo/Site1/DataHall2/Section1/PDU/PDU10A/Outlet/Outlet6/RmsCurrent","random(10.0, 30.0, true)","Double"
"0","Exchange/DataCenterDemo/Site1/DataHall2/Section1/PDU/PDU4A/Outlet/Outlet7/RmsCurrent","random(10.0, 30.0, true)","Double"
"0","Exchange/DataCenterDemo/Site1/DataHall2/Section4/PDU/PDU5B/Outlet/Outlet11/RmsCurrent","random(10.0, 30.0, true)","Double"
"0","Exchange/DataCenterDemo/Site1/DataHall1/Section1/AHU/AHU6/Status/IsAhuRunning","1.0","Double"
"0","Exchange/DataCenterDemo/Site1/DataHall2/Section4/AHU/AHU2/Fan/FanSpeedCommand","square(70.0, 100.0, 107.825, true)","Double"
"0","Exchange/DataCenterDemo/Site1/DataHall1/Section2/Breaker/Breaker6A/Metering/VoltageMeanLL","random(470.0, 490.0, true)","Double"
"0","Exchange/DataCenterDemo/Site1/DataHall1/Section4/PDU/PDU1A/Outlet/Outlet7/RmsCurrent","random(10.0, 30.0, true)","Double"
"0","Exchange/DataCenterDemo/Site1/DataHall2/Section1/AHU/AHU6/Fan/SupplyAirStaticPressure","cosine(210.0, 225.0, 93.202, true)","Double"
"0","Exchange/DataCenterDemo/Site1/DataHall2/Section3/PDU/PDU2A/Outlet/Outlet5/RmsCurrent","random(10.0, 30.0, true)","Double"
"0","Exchange/DataCenterDemo/Site1/DataHall2/Section4/Heatmap/Aisle13/Sensor2/Temperature","random(18.0, 23.9, true)","Double"
"0","Exchange/DataCenterDemo/Site1/DataHall2/Section4/PDU/PDU12B/Outlet/Outlet2/RmsCurrent","random(10.0, 30.0, true)","Double"
"0","Exchange/DataCenterDemo/Site1/DataHall2/Section4/PDU/PDU12B/Outlet/Outlet13/RmsCurrent","random(10.0, 30.0, true)","Double"
"0","Exchange/DataCenterDemo/Site1/DataHall2/Section1/UPS/UPS2B/Output/SystemOutputCurrentA","random(1500.0, 1800.0, true)","Double"
"0","Exchange/DataCenterDemo/Site1/DataHall2/Section1/UPS/UPS2B/Output/SystemOutputCurrentC","random(1500.0, 1800.0, true)","Double"
"0","Exchange/DataCenterDemo/Site1/DataHall2/Section1/UPS/UPS2B/Output/SystemOutputCurrentB","random(1500.0, 1800.0, true)","Double"
"0","Exchange/DataCenterDemo/Site1/DataHall2/Section3/AHU/AHU4/Fan/FanSpeedFeedback","cosine(70.0, 100.0, 91.964, true)","Double"
"0","Exchange/DataCenterDemo/Site1/DataHall2/Section1/PDU/PDU5A/Outlet/Outlet3/RmsCurrent","random(10.0, 30.0, true)","Double"
"0","Exchange/DataCenterDemo/Site1/DataHall1/Section4/PDU/PDU7B/Outlet/Outlet13/RmsCurrent","random(10.0, 30.0, true)","Double"
"0","Exchange/DataCenterDemo/Site1/DataHall2/Section2/PDU/PDU10B/Outlet/Outlet15/RmsCurrent","random(10.0, 30.0, true)","Double"
"0","Exchange/DataCenterDemo/Site1/DataHall2/Section4/PDU/PDU5A/Outlet/Outlet15/RmsCurrent","random(10.0, 30.0, true)","Double"
"0","Exchange/DataCenterDemo/Site1/DataHall1/Section3/PDU/PDU4A/Outlet/Outlet2/RmsCurrent","random(10.0, 30.0, true)","Double"
"0","Exchange/DataCenterDemo/Site1/DataHall2/Section4/PDU/PDU7A/Outlet/Outlet5/RmsCurrent","random(10.0, 30.0, true)","Double"
"0","Exchange/DataCenterDemo/Site1/DataHall2/Section1/PDU/PDU2B/Outlet/Outlet16/RmsCurrent","random(10.0, 30.0, true)","Double"
"0","Exchange/DataCenterDemo/Site1/DataHall1/Section1/Heatmap/Aisle5/Sensor3/Temperature","random(18.0, 23.9, true)","Double"
"0","Exchange/DataCenterDemo/Site1/DataHall1/Section3/Breaker/Breaker6A/Metering/CurrentC","random(4300.0, 5800.0, true)","Double"
"0","Exchange/DataCenterDemo/Site1/DataHall1/Section3/Breaker/Breaker6A/Metering/CurrentB","random(4300.0, 5800.0, true)","Double"
"0","Exchange/DataCenterDemo/Site1/DataHall1/Section3/Breaker/Breaker6A/Metering/CurrentA","random(4300.0, 5800.0, true)","Double"
"0","Exchange/DataCenterDemo/Site1/DataHall1/Section3/PQM/PQM2B/Current/CurrentB","random(3750.0, 4100.0, true)","Double"
"0","Exchange/DataCenterDemo/Site1/DataHall1/Section3/PQM/PQM2B/Current/CurrentA","random(3750.0, 4100.0, true)","Double"
"0","Exchange/DataCenterDemo/Site1/DataHall2/Section2/PDU/PDU9A/Outlet/Outlet7/RmsCurrent","random(10.0, 30.0, true)","Double"
"0","Exchange/DataCenterDemo/Site1/DataHall1/Section4/PDU/PDU7A/Outlet/Outlet10/RmsCurrent","random(10.0, 30.0, true)","Double"
"0","Exchange/DataCenterDemo/Site1/DataHall1/Section3/UPS/UPS1A/Output/SystemOutputVoltageCA","random(480.0, 480.5, true)","Double"
"0","Exchange/DataCenterDemo/Site1/DataHall1/Section1/UPS/UPS2A/Input/SystemInputCurrentA","random(1600.0, 1900.0, true)","Double"
"0","Exchange/DataCenterDemo/Site1/DataHall1/Section1/UPS/UPS2A/Input/SystemInputCurrentB","random(1600.0, 1900.0, true)","Double"
"0","Exchange/DataCenterDemo/Site1/DataHall1/Section1/UPS/UPS2A/Input/SystemInputCurrentC","random(1600.0, 1900.0, true)","Double"
"0","Exchange/DataCenterDemo/Site1/DataHall1/Section2/PDU/PDU10A/Outlet/Outlet1/RmsCurrent","random(10.0, 30.0, true)","Double"
"0","Exchange/DataCenterDemo/Site1/DataHall2/Section3/PDU/PDU3B/Outlet/Outlet7/RmsCurrent","random(10.0, 30.0, true)","Double"
"0","Exchange/DataCenterDemo/Site1/DataHall2/Section4/AHU/AHU6/Temperature/SupplyAirTemperature","sine(21.0, 22.0, 96.655, true)","Double"
"0","Exchange/DataCenterDemo/Site1/DataHall1/Section1/PDU/PDU9B/Outlet/Outlet5/RmsCurrent","random(10.0, 30.0, true)","Double"
"0","Exchange/DataCenterDemo/Site1/DataHall2/Section1/AHU/AHU3/Fan/FanSpeedCommand","square(70.0, 100.0, 109.828, true)","Double"
"0","Exchange/DataCenterDemo/Site1/DataHall2/Section1/PDU/PDU2A/Outlet/Outlet13/RmsCurrent","random(10.0, 30.0, true)","Double"
"0","Exchange/DataCenterDemo/Site1/DataHall2/Section3/Breaker/Breaker4A/Metering/VoltageMeanLL","random(470.0, 490.0, true)","Double"
"0","Exchange/DataCenterDemo/Site1/DataHall1/Section1/Heatmap/Aisle4/Sensor3/Humidity","cosine(42.0, 44.0, 90.025, true)","Double"
"0","Exchange/DataCenterDemo/Site1/DataHall1/Section3/PQM/PQM2B/Current/CurrentC","random(3750.0, 4100.0, true)","Double"
"0","Exchange/DataCenterDemo/Site1/DataHall1/Section2/PDU/PDU8B/Outlet/Outlet9/RmsCurrent","random(10.0, 30.0, true)","Double"
"0","Exchange/DataCenterDemo/Site1/DataHall2/Section3/PDU/PDU10B/Outlet/Outlet6/RmsCurrent","random(10.0, 30.0, true)","Double"
"0","Exchange/DataCenterDemo/Site1/DataHall1/Section4/PDU/PDU4B/Outlet/Outlet8/RmsCurrent","random(10.0, 30.0, true)","Double"
"0","Exchange/DataCenterDemo/Site1/DataHall2/Section3/AHU/AHU4/Fan/SupplyAirStaticPressure","cosine(210.0, 225.0, 100.667, true)","Double"
"0","Exchange/DataCenterDemo/Site1/DataHall2/Section4/AHU/AHU4/Temperature/ReturnAirTemperature","sine(30.0, 34.0, 217.339, true)","Double"
"0","Exchange/DataCenterDemo/Site1/DataHall2/Section1/AHU/AHU6/Status/IsAhuRunning","1.0","Double"
"0","Exchange/DataCenterDemo/Site1/DataHall2/Section1/PDU/PDU12A/Outlet/Outlet15/RmsCurrent","random(10.0, 30.0, true)","Double"
"0","Exchange/DataCenterDemo/Site1/DataHall2/Section1/PDU/PDU9B/Outlet/Outlet16/RmsCurrent","random(10.0, 30.0, true)","Double"
"0","Exchange/DataCenterDemo/Site1/DataHall1/Section1/PDU/PDU2B/Outlet/Outlet6/RmsCurrent","random(10.0, 30.0, true)","Double"
"0","Exchange/DataCenterDemo/Site1/DataHall1/Section3/Heatmap/Aisle6/Sensor3/Temperature","random(38.0, 43.9, true)","Double"
"0","Exchange/DataCenterDemo/Site1/Site/UpsCapacity","cosine(0.8, 0.98, 109.185, true)","Double"
"0","Exchange/DataCenterDemo/Site1/DataHall1/Section1/PDU/PDU2A/Outlet/Outlet10/RmsCurrent","random(10.0, 30.0, true)","Double"
"0","Exchange/DataCenterDemo/Site1/DataHall1/Section2/AHU/AHU1/Status/IsAhuRunning","1.0","Double"
"0","Exchange/DataCenterDemo/Site1/DataHall1/Section3/PDU/PDU2A/Outlet/Outlet13/RmsCurrent","random(10.0, 30.0, true)","Double"
"0","Exchange/DataCenterDemo/Site1/DataHall2/Section1/PDU/PDU3A/Outlet/Outlet4/RmsCurrent","random(10.0, 30.0, true)","Double"
"0","Exchange/DataCenterDemo/Site1/DataHall2/Section3/Heatmap/Aisle4/Sensor2/Temperature","random(38.0, 43.9, true)","Double"
"0","Exchange/DataCenterDemo/Site1/DataHall1/Section4/Heatmap/Aisle11/Sensor1/Temperature","random(18.0, 23.9, true)","Double"
"0","Exchange/DataCenterDemo/Site1/DataHall2/Section3/PDU/PDU4B/Outlet/Outlet3/RmsCurrent","random(10.0, 30.0, true)","Double"
"0","Exchange/DataCenterDemo/Site1/DataHall1/Section3/PDU/PDU4A/Outlet/Outlet9/RmsCurrent","random(10.0, 30.0, true)","Double"
"0","Exchange/DataCenterDemo/Site1/DataHall1/Section2/PDU/PDU6A/Outlet/Outlet16/RmsCurrent","random(10.0, 30.0, true)","Double"
"0","Exchange/DataCenterDemo/Site1/DataHall2/Section1/PDU/PDU10B/Outlet/Outlet15/RmsCurrent","random(10.0, 30.0, true)","Double"
"0","Exchange/DataCenterDemo/Site1/DataHall1/Section1/PDU/PDU1B/Outlet/Outlet14/RmsCurrent","random(10.0, 30.0, true)","Double"
"0","Exchange/DataCenterDemo/Site1/DataHall2/Section4/PDU/PDU5A/Outlet/Outlet6/RmsCurrent","random(10.0, 30.0, true)","Double"
"0","Exchange/DataCenterDemo/Site1/DataHall2/Section4/PDU/PDU4A/Outlet/Outlet3/RmsCurrent","random(10.0, 30.0, true)","Double"
"0","Exchange/DataCenterDemo/Site1/DataHall2/Section3/PDU/PDU1A/Outlet/Outlet12/RmsCurrent","random(10.0, 30.0, true)","Double"
"0","Exchange/DataCenterDemo/Site1/DataHall1/Section1/PDU/PDU6B/Outlet/Outlet14/RmsCurrent","random(10.0, 30.0, true)","Double"
"0","Exchange/DataCenterDemo/Site1/DataHall2/Section1/PDU/PDU9A/Outlet/Outlet13/RmsCurrent","random(10.0, 30.0, true)","Double"
"0","Exchange/DataCenterDemo/Site1/DataHall2/Section2/PDU/PDU1A/Outlet/Outlet5/RmsCurrent","random(10.0, 30.0, true)","Double"
"0","Exchange/DataCenterDemo/Site1/DataHall2/Section1/PDU/PDU2A/Outlet/Outlet1/RmsCurrent","random(10.0, 30.0, true)","Double"
"0","Exchange/DataCenterDemo/Site1/DataHall1/Section2/PDU/PDU9A/Outlet/Outlet10/RmsCurrent","random(10.0, 30.0, true)","Double"
"0","Exchange/DataCenterDemo/Site1/DataHall1/Section3/PDU/PDU1B/Outlet/Outlet4/RmsCurrent","random(10.0, 30.0, true)","Double"
"0","Exchange/DataCenterDemo/Site1/DataHall2/Section3/PDU/PDU12A/Outlet/Outlet10/RmsCurrent","random(10.0, 30.0, true)","Double"
"0","Exchange/DataCenterDemo/Site1/DataHall1/Section3/Heatmap/Aisle11/Sensor3/Temperature","random(18.0, 23.9, true)","Double"
"0","Exchange/DataCenterDemo/Site1/DataHall1/Section2/PDU/PDU4B/Outlet/Outlet9/RmsCurrent","random(10.0, 30.0, true)","Double"
"0","Exchange/DataCenterDemo/Site1/DataHall2/Section1/Breaker/Breaker5B/Metering/VoltageMeanLL","random(470.0, 490.0, true)","Double"
"0","Exchange/DataCenterDemo/Site1/DataHall1/Section3/PDU/PDU5A/Outlet/Outlet5/RmsCurrent","random(10.0, 30.0, true)","Double"
"0","Exchange/DataCenterDemo/Site1/DataHall2/Section2/PDU/PDU12A/Outlet/Outlet15/RmsCurrent","random(10.0, 30.0, true)","Double"
"0","Exchange/DataCenterDemo/Site1/DataHall1/Section3/AHU/AHU3/Temperature/MixedAirTemperature","cosine(14.0, 16.0, 101.369, true)","Double"
"0","Exchange/DataCenterDemo/Site1/DataHall1/Section3/AHU/AHU4/Temperature/ReturnAirTemperature","sine(30.0, 34.0, 219.203, true)","Double"
"0","Exchange/DataCenterDemo/Site1/DataHall1/Section4/Heatmap/Aisle2/Sensor3/Temperature","random(38.0, 43.9, true)","Double"
"0","Exchange/DataCenterDemo/Site1/DataHall2/Section4/AHU/AHU2/Temperature/MixedAirTemperature","cosine(14.0, 16.0, 90.173, true)","Double"
"0","Exchange/DataCenterDemo/Site1/DataHall1/Section3/PDU/PDU11B/Outlet/Outlet16/RmsCurrent","random(10.0, 30.0, true)","Double"
"0","Exchange/DataCenterDemo/Site1/DataHall2/Section3/UPS/UPS2A/Battery/BatteryCapacityRemaining","ramp(95.0, 99.0, 95.595, true)","Double"
"0","Exchange/DataCenterDemo/Site1/DataHall1/Section1/PDU/PDU4A/Outlet/Outlet13/RmsCurrent","random(10.0, 30.0, true)","Double"
"0","Exchange/DataCenterDemo/Site1/DataHall1/Section2/PDU/PDU7A/Outlet/Outlet4/RmsCurrent","random(10.0, 30.0, true)","Double"
"0","Exchange/DataCenterDemo/Site1/DataHall1/Section1/UPS/UPS2A/Input/SystemInputPowerFactor","random(0.95, 0.98, true)","Double"
"0","Exchange/DataCenterDemo/Site1/DataHall2/Section4/Heatmap/Aisle8/Sensor2/Humidity","cosine(42.0, 44.0, 101.887, true)","Double"
"0","Exchange/DataCenterDemo/Site1/DataHall1/Section3/PDU/PDU9B/Outlet/Outlet9/RmsCurrent","random(10.0, 30.0, true)","Double"
"0","Exchange/DataCenterDemo/Site1/DataHall1/Section1/PDU/PDU12B/Outlet/Outlet4/RmsCurrent","random(10.0, 30.0, true)","Double"
"0","Exchange/DataCenterDemo/Site1/DataHall2/Section4/PDU/PDU6B/Outlet/Outlet12/RmsCurrent","random(10.0, 30.0, true)","Double"
"0","Exchange/DataCenterDemo/Site1/DataHall2/Section3/PDU/PDU11B/Outlet/Outlet9/RmsCurrent","random(10.0, 30.0, true)","Double"
"0","Exchange/DataCenterDemo/Site1/DataHall1/Section1/PQM/PQM1B/Voltage/VoltageBC","cosine(478.0, 481.0, 92.638, true)","Double"
"0","Exchange/DataCenterDemo/Site1/DataHall1/Section2/PDU/PDU8B/Outlet/Outlet12/RmsCurrent","random(10.0, 30.0, true)","Double"
"0","Exchange/DataCenterDemo/Site1/DataHall1/Section3/PDU/PDU10A/Outlet/Outlet14/RmsCurrent","random(10.0, 30.0, true)","Double"
"0","Exchange/DataCenterDemo/Site1/DataHall2/Section2/Heatmap/Aisle8/Sensor2/Temperature","random(38.0, 43.9, true)","Double"
"0","Exchange/DataCenterDemo/Site1/DataHall1/Section1/PDU/PDU11B/Outlet/Outlet8/RmsCurrent","random(10.0, 30.0, true)","Double"
"0","Exchange/DataCenterDemo/Site1/DataHall2/Section4/AHU/AHU7/Fan/FanSpeedFeedback","cosine(70.0, 100.0, 92.823, true)","Double"
"0","Exchange/DataCenterDemo/Site1/DataHall1/Section1/PQM/PQM1B/Voltage/VoltageAN","cosine(276.0, 278.0, 101.717, true)","Double"
"0","Exchange/DataCenterDemo/Site1/DataHall1/Section4/PDU/PDU12A/Outlet/Outlet5/RmsCurrent","random(10.0, 30.0, true)","Double"
"0","Exchange/DataCenterDemo/Site1/DataHall1/Section4/PDU/PDU10B/Outlet/Outlet3/RmsCurrent","random(10.0, 30.0, true)","Double"
"0","Exchange/DataCenterDemo/Site1/DataHall2/Section2/PDU/PDU12B/Outlet/Outlet7/RmsCurrent","random(10.0, 30.0, true)","Double"
"0","Exchange/DataCenterDemo/Site1/DataHall2/Section1/PDU/PDU3A/Outlet/Outlet12/RmsCurrent","random(10.0, 30.0, true)","Double"
"0","Exchange/DataCenterDemo/Site1/DataHall2/Section4/PDU/PDU12A/Outlet/Outlet10/RmsCurrent","random(10.0, 30.0, true)","Double"
"0","Exchange/DataCenterDemo/Site1/DataHall1/Section2/PDU/PDU12B/Outlet/Outlet10/RmsCurrent","random(10.0, 30.0, true)","Double"
"0","Exchange/DataCenterDemo/Site1/DataHall2/Section2/PDU/PDU2B/Outlet/Outlet11/RmsCurrent","random(10.0, 30.0, true)","Double"
"0","Exchange/DataCenterDemo/Site1/DataHall2/Section3/Heatmap/Aisle3/Sensor2/Humidity","cosine(46.0, 48.0, 101.019, true)","Double"
"0","Exchange/DataCenterDemo/Site1/DataHall2/Section4/PDU/PDU6A/Outlet/Outlet2/RmsCurrent","random(10.0, 30.0, true)","Double"
"0","Exchange/DataCenterDemo/Site1/DataHall1/Section1/Breaker/Breaker2A/Metering/VoltageMeanLL","random(470.0, 490.0, true)","Double"
"0","Exchange/DataCenterDemo/Site1/DataHall1/Section3/PDU/PDU8A/Outlet/Outlet14/RmsCurrent","random(10.0, 30.0, true)","Double"
"0","Exchange/DataCenterDemo/Site1/DataHall2/Section4/PDU/PDU10B/Outlet/Outlet10/RmsCurrent","random(10.0, 30.0, true)","Double"
"0","Exchange/DataCenterDemo/Site1/DataHall1/Section1/PQM/PQM1B/Voltage/VoltageAB","cosine(478.0, 481.0, 109.217, true)","Double"
"0","Exchange/DataCenterDemo/Site1/DataHall2/Section4/PDU/PDU11A/Outlet/Outlet16/RmsCurrent","random(10.0, 30.0, true)","Double"
"0","Exchange/DataCenterDemo/Site1/DataHall1/Section1/Heatmap/Aisle11/Sensor2/Temperature","random(18.0, 23.9, true)","Double"
"0","Exchange/DataCenterDemo/Site1/DataHall1/Section2/PQM/PQM2A/PQ/ThdVoltageAN","3.3","Double"
"0","Exchange/DataCenterDemo/Site1/DataHall2/Section2/PDU/PDU8A/Outlet/Outlet4/RmsCurrent","random(10.0, 30.0, true)","Double"
"0","Exchange/DataCenterDemo/Site1/DataHall1/Section2/PDU/PDU11B/Outlet/Outlet16/RmsCurrent","random(10.0, 30.0, true)","Double"
"0","Exchange/DataCenterDemo/Site1/DataHall2/Section2/PDU/PDU3A/Outlet/Outlet1/RmsCurrent","random(10.0, 30.0, true)","Double"
"0","Exchange/DataCenterDemo/Site1/DataHall1/Section3/PDU/PDU10B/Outlet/Outlet10/RmsCurrent","random(10.0, 30.0, true)","Double"
"0","Exchange/DataCenterDemo/Site1/DataHall1/Section3/PDU/PDU6A/Outlet/Outlet8/RmsCurrent","random(10.0, 30.0, true)","Double"
"0","Exchange/DataCenterDemo/Site1/DataHall1/Section4/Heatmap/Aisle2/Sensor3/Humidity","cosine(42.0, 44.0, 92.521, true)","Double"
"0","Exchange/DataCenterDemo/Site1/DataHall2/Section1/Heatmap/Aisle6/Sensor3/Temperature","random(38.0, 43.9, true)","Double"
"0","Exchange/DataCenterDemo/Site1/DataHall2/Section4/Heatmap/Aisle8/Sensor1/Temperature","random(38.0, 43.9, true)","Double"
"0","Exchange/DataCenterDemo/Site1/DataHall1/Section4/Heatmap/Aisle11/Sensor3/Humidity","cosine(46.0, 48.0, 102.494, true)","Double"
"0","Exchange/DataCenterDemo/Site1/DataHall1/Section1/Heatmap/Aisle11/Sensor3/Humidity","cosine(46.0, 48.0, 104.638, true)","Double"
"0","Exchange/DataCenterDemo/Site1/DataHall1/Section3/PDU/PDU2B/Outlet/Outlet7/RmsCurrent","random(10.0, 30.0, true)","Double"
"0","Exchange/DataCenterDemo/Site1/DataHall2/Section3/PDU/PDU8A/Outlet/Outlet1/RmsCurrent","random(10.0, 30.0, true)","Double"
"0","Exchange/DataCenterDemo/Site1/DataHall1/Section2/PDU/PDU8A/Outlet/Outlet7/RmsCurrent","random(10.0, 30.0, true)","Double"
"0","Exchange/DataCenterDemo/Site1/DataHall1/Section4/PDU/PDU8B/Outlet/Outlet3/RmsCurrent","random(10.0, 30.0, true)","Double"
"0","Exchange/DataCenterDemo/Site1/DataHall1/Section1/PDU/PDU2B/Outlet/Outlet13/RmsCurrent","random(10.0, 30.0, true)","Double"
"0","Exchange/DataCenterDemo/Site1/DataHall1/Section2/PDU/PDU2B/Outlet/Outlet11/RmsCurrent","random(10.0, 30.0, true)","Double"
"0","Exchange/DataCenterDemo/Site1/DataHall1/Section1/PDU/PDU6B/Outlet/Outlet1/RmsCurrent","random(10.0, 30.0, true)","Double"
"0","Exchange/DataCenterDemo/Site1/DataHall1/Section1/PDU/PDU9A/Outlet/Outlet6/RmsCurrent","random(10.0, 30.0, true)","Double"
"0","Exchange/DataCenterDemo/Site1/DataHall2/Section4/PDU/PDU2B/Outlet/Outlet1/RmsCurrent","random(10.0, 30.0, true)","Double"
"0","Exchange/DataCenterDemo/Architecture/EAM/Agents/Edge 4/Independent/Metrics/Logging/Errors Per Minute","random(0.0, 1.5, true)","Double"
"0","Exchange/DataCenterDemo/Site1/DataHall2/Section2/Breaker/Breaker4A/Metering/VoltageMeanLL","random(470.0, 490.0, true)","Double"
"0","Exchange/DataCenterDemo/Site1/DataHall1/Section1/PDU/PDU11B/Outlet/Outlet1/RmsCurrent","random(10.0, 30.0, true)","Double"
"0","Exchange/DataCenterDemo/Site1/DataHall1/Section4/PDU/PDU6B/Outlet/Outlet12/RmsCurrent","random(10.0, 30.0, true)","Double"
"0","Exchange/DataCenterDemo/Site1/DataHall1/Section1/PDU/PDU5B/Outlet/Outlet5/RmsCurrent","random(10.0, 30.0, true)","Double"
"0","Exchange/DataCenterDemo/Site1/DataHall1/Section1/PQM/PQM1B/Voltage/VoltageCN","cosine(276.0, 278.0, 106.334, true)","Double"
"0","Exchange/DataCenterDemo/Site1/DataHall1/Section4/PDU/PDU7B/Outlet/Outlet7/RmsCurrent","random(10.0, 30.0, true)","Double"
"0","Exchange/DataCenterDemo/Site1/DataHall1/Section3/PDU/PDU12B/Outlet/Outlet10/RmsCurrent","random(10.0, 30.0, true)","Double"
"0","Exchange/DataCenterDemo/Site1/DataHall1/Section1/PQM/PQM1B/Voltage/VoltageCA","cosine(478.0, 481.0, 96.91, true)","Double"
"0","Exchange/DataCenterDemo/Site1/DataHall1/Section2/AHU/AHU3/Temperature/MixedAirTemperature","cosine(14.0, 16.0, 108.342, true)","Double"
"0","Exchange/DataCenterDemo/Site1/DataHall2/Section3/PDU/PDU7B/Outlet/Outlet16/RmsCurrent","random(10.0, 30.0, true)","Double"
"0","Exchange/DataCenterDemo/Site1/DataHall1/Section3/PDU/PDU8B/Outlet/Outlet6/RmsCurrent","random(10.0, 30.0, true)","Double"
"0","Exchange/DataCenterDemo/Site1/DataHall2/Section3/PDU/PDU10B/Outlet/Outlet10/RmsCurrent","random(10.0, 30.0, true)","Double"
"0","Exchange/DataCenterDemo/Site1/DataHall2/Section3/PDU/PDU11A/Outlet/Outlet16/RmsCurrent","random(10.0, 30.0, true)","Double"
"0","Exchange/DataCenterDemo/Site1/DataHall2/Section2/PDU/PDU6B/Outlet/Outlet12/RmsCurrent","random(10.0, 30.0, true)","Double"
"0","Exchange/DataCenterDemo/Site1/DataHall1/Section2/PDU/PDU2A/Outlet/Outlet15/RmsCurrent","random(10.0, 30.0, true)","Double"
"0","Exchange/DataCenterDemo/Site1/DataHall1/Section2/PDU/PDU8A/Outlet/Outlet16/RmsCurrent","random(10.0, 30.0, true)","Double"
"0","Exchange/DataCenterDemo/Site1/DataHall2/Section3/PDU/PDU2B/Outlet/Outlet4/RmsCurrent","random(10.0, 30.0, true)","Double"
"0","Exchange/DataCenterDemo/Site1/DataHall1/Section1/PDU/PDU1A/Outlet/Outlet11/RmsCurrent","random(10.0, 30.0, true)","Double"
"0","Exchange/DataCenterDemo/Site1/DataHall1/Section2/PDU/PDU10B/Outlet/Outlet3/RmsCurrent","random(10.0, 30.0, true)","Double"
"0","Exchange/DataCenterDemo/Site1/DataHall1/Section3/PDU/PDU11B/Outlet/Outlet1/RmsCurrent","random(10.0, 30.0, true)","Double"
"0","Exchange/DataCenterDemo/Site1/DataHall1/Section1/PQM/PQM1B/Voltage/VoltageBN","cosine(276.0, 278.0, 90.328, true)","Double"
"0","Exchange/DataCenterDemo/Site1/DataHall1/Section3/PDU/PDU3B/Outlet/Outlet3/RmsCurrent","random(10.0, 30.0, true)","Double"
"0","Exchange/DataCenterDemo/Site1/DataHall1/Section2/Heatmap/Aisle13/Sensor1/Humidity","cosine(46.0, 48.0, 107.055, true)","Double"
"0","Exchange/DataCenterDemo/Site1/DataHall2/Section1/Heatmap/Aisle4/Sensor3/Temperature","random(38.0, 43.9, true)","Double"
"0","Exchange/DataCenterDemo/Site1/DataHall1/Section1/PDU/PDU3B/Outlet/Outlet9/RmsCurrent","random(10.0, 30.0, true)","Double"
"0","Exchange/DataCenterDemo/Site1/DataHall1/Section1/PDU/PDU8B/Outlet/Outlet14/RmsCurrent","random(10.0, 30.0, true)","Double"
"0","Exchange/DataCenterDemo/Site1/DataHall2/Section1/UPS/UPS1B/Input/SystemInputVoltageCA","random(470.0, 490.0, true)","Double"
"0","Exchange/DataCenterDemo/Site1/DataHall2/Section4/Breaker/Breaker5B/Metering/CurrentA","random(4300.0, 5800.0, true)","Double"
"0","Exchange/DataCenterDemo/Site1/DataHall1/Section2/PDU/PDU3B/Outlet/Outlet6/RmsCurrent","random(10.0, 30.0, true)","Double"
"0","Exchange/DataCenterDemo/Site1/DataHall2/Section3/PDU/PDU1B/Outlet/Outlet15/RmsCurrent","random(10.0, 30.0, true)","Double"
"0","Exchange/DataCenterDemo/Site1/DataHall2/Section4/Breaker/Breaker5B/Metering/CurrentC","random(4300.0, 5800.0, true)","Double"
"0","Exchange/DataCenterDemo/Site1/DataHall2/Section4/Breaker/Breaker5B/Metering/CurrentB","random(4300.0, 5800.0, true)","Double"
"0","Exchange/DataCenterDemo/Site1/DataHall2/Section3/PDU/PDU6A/Outlet/Outlet14/RmsCurrent","random(10.0, 30.0, true)","Double"
"0","Exchange/DataCenterDemo/Site1/DataHall2/Section1/AHU/AHU3/Fan/FanSpeedFeedback","cosine(70.0, 100.0, 106.863, true)","Double"
"0","Exchange/DataCenterDemo/Site1/DataHall2/Section4/PDU/PDU3A/Outlet/Outlet5/RmsCurrent","random(10.0, 30.0, true)","Double"
"0","Exchange/DataCenterDemo/Site1/DataHall2/Section4/PDU/PDU7B/Outlet/Outlet11/RmsCurrent","random(10.0, 30.0, true)","Double"
"0","Exchange/DataCenterDemo/Site1/DataHall2/Section4/PDU/PDU7B/Outlet/Outlet4/RmsCurrent","random(10.0, 30.0, true)","Double"
"0","Exchange/DataCenterDemo/Site1/DataHall2/Section1/PDU/PDU1A/Outlet/Outlet3/RmsCurrent","random(10.0, 30.0, true)","Double"
"0","Exchange/DataCenterDemo/Site1/DataHall1/Section2/PDU/PDU7B/Outlet/Outlet13/RmsCurrent","random(10.0, 30.0, true)","Double"
"0","Exchange/DataCenterDemo/Site1/DataHall2/Section1/PDU/PDU5B/Outlet/Outlet2/RmsCurrent","random(10.0, 30.0, true)","Double"
"0","Exchange/DataCenterDemo/Site1/DataHall1/Section3/PDU/PDU2B/Outlet/Outlet11/RmsCurrent","random(10.0, 30.0, true)","Double"
"0","Exchange/DataCenterDemo/Site1/DataHall2/Section2/PDU/PDU12B/Outlet/Outlet2/RmsCurrent","random(10.0, 30.0, true)","Double"
"0","Exchange/DataCenterDemo/Site1/DataHall2/Section1/UPS/UPS1B/Battery/BatteryCapacityRemaining","ramp(95.0, 99.0, 99.163, true)","Double"
"0","Exchange/DataCenterDemo/Site1/DataHall2/Section4/PDU/PDU1A/Outlet/Outlet12/RmsCurrent","random(10.0, 30.0, true)","Double"
"0","Exchange/DataCenterDemo/Site1/DataHall1/Section1/Heatmap/Aisle12/Sensor2/Humidity","cosine(42.0, 44.0, 103.673, true)","Double"
"0","Exchange/DataCenterDemo/Site1/DataHall1/Section2/PDU/PDU5B/Outlet/Outlet7/RmsCurrent","random(10.0, 30.0, true)","Double"
"0","Exchange/DataCenterDemo/Site1/DataHall1/Section4/Heatmap/Aisle12/Sensor1/Temperature","random(38.0, 43.9, true)","Double"
"0","Exchange/DataCenterDemo/Site1/DataHall2/Section2/Heatmap/Aisle6/Sensor3/Humidity","cosine(42.0, 44.0, 98.717, true)","Double"
"0","Exchange/DataCenterDemo/Site1/DataHall2/Section4/AHU/AHU3/Temperature/SupplyAirTemperature","sine(21.0, 22.0, 109.717, true)","Double"
"0","Exchange/DataCenterDemo/Site1/DataHall1/Section2/Heatmap/Aisle3/Sensor1/Temperature","random(18.0, 23.9, true)","Double"
"0","Exchange/DataCenterDemo/Site1/DataHall2/Section1/UPS/UPS1B/Input/SystemInputVoltageBC","random(470.0, 490.0, true)","Double"
"0","Exchange/DataCenterDemo/Site1/DataHall2/Section4/AHU/AHU4/Status/IsAhuRunning","1.0","Double"
"0","Exchange/DataCenterDemo/Site1/DataHall2/Section3/Heatmap/Aisle3/Sensor2/Temperature","random(18.0, 23.9, true)","Double"
"0","Exchange/DataCenterDemo/Site1/DataHall1/Section4/PDU/PDU9B/Outlet/Outlet1/RmsCurrent","random(10.0, 30.0, true)","Double"
"0","Exchange/DataCenterDemo/Site1/DataHall2/Section1/AHU/AHU2/Fan/FanSpeedFeedback","cosine(70.0, 100.0, 109.952, true)","Double"
"0","Exchange/DataCenterDemo/Site1/DataHall2/Section1/Breaker/Breaker4A/Metering/CurrentA","random(4300.0, 5800.0, true)","Double"
"0","Exchange/DataCenterDemo/Site1/DataHall2/Section1/Breaker/Breaker4A/Metering/CurrentB","random(4300.0, 5800.0, true)","Double"
"0","Exchange/DataCenterDemo/Site1/DataHall2/Section1/Breaker/Breaker4A/Metering/CurrentC","random(4300.0, 5800.0, true)","Double"
"0","Exchange/DataCenterDemo/Site1/DataHall2/Section4/PDU/PDU11A/Outlet/Outlet11/RmsCurrent","random(10.0, 30.0, true)","Double"
"0","Exchange/DataCenterDemo/Site1/DataHall1/Section4/Section/UpsCapacity","cosine(0.9, 0.98, 103.506, true)","Double"
"0","Exchange/DataCenterDemo/Site1/DataHall2/Section1/AHU/AHU5/Status/IsAhuRunning","1.0","Double"
"0","Exchange/DataCenterDemo/Site1/DataHall1/Section3/AHU/AHU1/Temperature/SupplyAirTemperature","sine(21.0, 22.0, 106.47, true)","Double"
"0","Exchange/DataCenterDemo/Site1/DataHall1/Section4/PDU/PDU12B/Outlet/Outlet10/RmsCurrent","random(10.0, 30.0, true)","Double"
"0","Exchange/DataCenterDemo/Site1/DataHall2/Section1/PDU/PDU6B/Outlet/Outlet14/RmsCurrent","random(10.0, 30.0, true)","Double"
"0","Exchange/DataCenterDemo/Site1/DataHall1/Section3/UPS/UPS2A/Output/SystemOutputVoltageAB","random(480.0, 480.5, true)","Double"
"0","Exchange/DataCenterDemo/Site1/DataHall1/Section2/PDU/PDU9A/Outlet/Outlet3/RmsCurrent","random(10.0, 30.0, true)","Double"
"0","Exchange/DataCenterDemo/Site1/DataHall1/Section1/PDU/PDU9A/Outlet/Outlet15/RmsCurrent","random(10.0, 30.0, true)","Double"
"0","Exchange/DataCenterDemo/Site1/DataHall1/Section3/AHU/AHU3/Temperature/ReturnAirTemperature","sine(30.0, 34.0, 218.15, true)","Double"
"0","Exchange/DataCenterDemo/Site1/DataHall1/Section2/Section/EnergyEfficiencyRatio","cosine(7.7, 8.2, 93.735, true)","Double"
"0","Exchange/DataCenterDemo/Site1/DataHall1/Section3/PDU/PDU7A/Outlet/Outlet6/RmsCurrent","random(10.0, 30.0, true)","Double"
"0","Exchange/DataCenterDemo/Site1/DataHall1/Section1/PDU/PDU8B/Outlet/Outlet7/RmsCurrent","random(10.0, 30.0, true)","Double"
"0","Exchange/DataCenterDemo/Site1/DataHall2/Section3/PDU/PDU9A/Outlet/Outlet13/RmsCurrent","random(10.0, 30.0, true)","Double"
"0","Exchange/DataCenterDemo/Site1/DataHall2/Section1/AHU/AHU4/Fan/FanSpeedCommand","square(70.0, 100.0, 108.622, true)","Double"
"0","Exchange/DataCenterDemo/Site1/DataHall2/Section2/PDU/PDU11A/Outlet/Outlet16/RmsCurrent","random(10.0, 30.0, true)","Double"
"0","Exchange/DataCenterDemo/Site1/DataHall1/Section1/Heatmap/Aisle3/Sensor3/Temperature","random(18.0, 23.9, true)","Double"
"0","Exchange/DataCenterDemo/Site1/DataHall1/Section2/PDU/PDU1A/Outlet/Outlet8/RmsCurrent","random(10.0, 30.0, true)","Double"
"0","Exchange/DataCenterDemo/Site1/DataHall2/Section3/PDU/PDU1B/Outlet/Outlet10/RmsCurrent","random(10.0, 30.0, true)","Double"
"0","Exchange/DataCenterDemo/Site1/DataHall1/Section1/PDU/PDU10B/Outlet/Outlet5/RmsCurrent","random(10.0, 30.0, true)","Double"
"0","Exchange/DataCenterDemo/Site1/DataHall2/Section1/PDU/PDU3B/Outlet/Outlet15/RmsCurrent","random(10.0, 30.0, true)","Double"
"0","Exchange/DataCenterDemo/Site1/DataHall2/Section2/AHU/AHU4/Fan/SupplyAirStaticPressure","cosine(210.0, 225.0, 108.71, true)","Double"
"0","Exchange/DataCenterDemo/Site1/DataHall2/Section4/PDU/PDU11B/Outlet/Outlet9/RmsCurrent","random(10.0, 30.0, true)","Double"
"0","Exchange/DataCenterDemo/Site1/DataHall1/Section4/PDU/PDU2A/Outlet/Outlet13/RmsCurrent","random(10.0, 30.0, true)","Double"
"0","Exchange/DataCenterDemo/Site1/DataHall2/Section1/UPS/UPS1B/Input/SystemInputVoltageAB","random(470.0, 490.0, true)","Double"
"0","Exchange/DataCenterDemo/Architecture/EAM/Agents/Frontend 2/Independent/Metrics/System/Memory Usage","ramp(27.0, 38.0, 1.085, true)","Double"
"0","Exchange/DataCenterDemo/Site1/DataHall2/Section4/Heatmap/Aisle3/Sensor3/Temperature","random(18.0, 23.9, true)","Double"
"0","Exchange/DataCenterDemo/Site1/DataHall2/Section1/AHU/AHU1/Fan/FanSpeedFeedback","cosine(70.0, 100.0, 108.143, true)","Double"
"0","Exchange/DataCenterDemo/Site1/DataHall2/Section3/PDU/PDU10B/Outlet/Outlet15/RmsCurrent","random(10.0, 30.0, true)","Double"
"0","Exchange/DataCenterDemo/Site1/DataHall1/Section1/PDU/PDU1A/Outlet/Outlet16/RmsCurrent","random(10.0, 30.0, true)","Double"
"0","Exchange/DataCenterDemo/Site1/DataHall2/Section2/PDU/PDU4B/Outlet/Outlet6/RmsCurrent","random(10.0, 30.0, true)","Double"
"0","Exchange/DataCenterDemo/Site1/DataHall1/Section4/Heatmap/Aisle7/Sensor3/Humidity","cosine(46.0, 48.0, 92.288, true)","Double"
"0","Exchange/DataCenterDemo/Site1/DataHall2/Section2/PDU/PDU7A/Outlet/Outlet6/RmsCurrent","random(10.0, 30.0, true)","Double"
"0","Exchange/DataCenterDemo/Site1/DataHall1/Section3/UPS/UPS2A/Output/SystemOutputVoltageBC","random(480.0, 480.5, true)","Double"
"0","Exchange/DataCenterDemo/Site1/DataHall1/Section2/PDU/PDU12A/Outlet/Outlet12/RmsCurrent","random(10.0, 30.0, true)","Double"
"0","Exchange/DataCenterDemo/Site1/DataHall1/Section2/UPS/UPS2B/Output/SystemOutputCurrentC","random(1500.0, 1800.0, true)","Double"
"0","Exchange/DataCenterDemo/Site1/DataHall1/Section2/UPS/UPS2B/Output/SystemOutputCurrentB","random(1500.0, 1800.0, true)","Double"
"0","Exchange/DataCenterDemo/Site1/DataHall1/Section2/UPS/UPS2B/Output/SystemOutputCurrentA","random(1500.0, 1800.0, true)","Double"
"0","Exchange/DataCenterDemo/Site1/DataHall1/Section3/PQM/PQM1A/PQ/ThdVoltageAN","3.3","Double"
"0","Exchange/DataCenterDemo/Site1/DataHall1/Section4/PDU/PDU11A/Outlet/Outlet7/RmsCurrent","random(10.0, 30.0, true)","Double"
"0","Exchange/DataCenterDemo/Site1/DataHall2/Section4/PDU/PDU4A/Outlet/Outlet16/RmsCurrent","random(10.0, 30.0, true)","Double"
"0","Exchange/DataCenterDemo/Site1/DataHall1/Section1/PDU/PDU7B/Outlet/Outlet4/RmsCurrent","random(10.0, 30.0, true)","Double"
"0","Exchange/DataCenterDemo/Site1/DataHall2/Section1/PDU/PDU8A/Outlet/Outlet14/RmsCurrent","random(10.0, 30.0, true)","Double"
"0","Exchange/DataCenterDemo/Site1/DataHall2/Section3/PDU/PDU1B/Outlet/Outlet1/RmsCurrent","random(10.0, 30.0, true)","Double"
"0","Exchange/DataCenterDemo/Site1/DataHall2/Section1/Heatmap/Aisle5/Sensor3/Humidity","cosine(46.0, 48.0, 93.465, true)","Double"
"0","Exchange/DataCenterDemo/Site1/DataHall1/Section1/PDU/PDU4B/Outlet/Outlet11/RmsCurrent","random(10.0, 30.0, true)","Double"
"0","Exchange/DataCenterDemo/Site1/DataHall2/Section3/PDU/PDU12B/Outlet/Outlet7/RmsCurrent","random(10.0, 30.0, true)","Double"
"0","Exchange/DataCenterDemo/Site1/DataHall1/Section3/Heatmap/Aisle7/Sensor3/Temperature","random(18.0, 23.9, true)","Double"
"0","Exchange/DataCenterDemo/Site1/DataHall1/Section4/PDU/PDU9B/Outlet/Outlet6/RmsCurrent","random(10.0, 30.0, true)","Double"
"0","Exchange/DataCenterDemo/Site1/DataHall2/Section2/PDU/PDU3A/Outlet/Outlet12/RmsCurrent","random(10.0, 30.0, true)","Double"
"0","Exchange/DataCenterDemo/Site1/DataHall1/Section2/PDU/PDU1A/Outlet/Outlet3/RmsCurrent","random(10.0, 30.0, true)","Double"
"0","Exchange/DataCenterDemo/Site1/DataHall2/Section2/Heatmap/Aisle1/Sensor3/Humidity","cosine(46.0, 48.0, 90.003, true)","Double"
"0","Exchange/DataCenterDemo/Site1/DataHall2/Section2/PDU/PDU9B/Outlet/Outlet16/RmsCurrent","random(10.0, 30.0, true)","Double"
"0","Exchange/DataCenterDemo/Site1/DataHall1/Section3/UPS/UPS2A/Output/SystemOutputVoltageCA","random(480.0, 480.5, true)","Double"
"0","Exchange/DataCenterDemo/Site1/DataHall2/Section1/PDU/PDU10A/Outlet/Outlet12/RmsCurrent","random(10.0, 30.0, true)","Double"
"0","Exchange/DataCenterDemo/Site1/DataHall2/Section1/PDU/PDU3B/Outlet/Outlet10/RmsCurrent","random(10.0, 30.0, true)","Double"
"0","Exchange/DataCenterDemo/Site1/DataHall2/Section2/PDU/PDU9B/Outlet/Outlet11/RmsCurrent","random(10.0, 30.0, true)","Double"
"0","Exchange/DataCenterDemo/Site1/DataHall2/Section3/PDU/PDU6A/Outlet/Outlet5/RmsCurrent","random(10.0, 30.0, true)","Double"
"0","Exchange/DataCenterDemo/Site1/DataHall1/Section1/AHU/AHU4/Temperature/MixedAirTemperature","cosine(14.0, 16.0, 90.156, true)","Double"
"0","Exchange/DataCenterDemo/Site1/DataHall1/Section4/PDU/PDU5B/Outlet/Outlet13/RmsCurrent","random(10.0, 30.0, true)","Double"
"0","Exchange/DataCenterDemo/Site1/DataHall2/Section4/UPS/UPS2A/Output/SystemOutputVoltageAB","random(480.0, 480.5, true)","Double"
"0","Exchange/DataCenterDemo/Site1/DataHall1/Section3/PDU/PDU4B/Outlet/Outlet6/RmsCurrent","random(10.0, 30.0, true)","Double"
"0","Exchange/DataCenterDemo/Site1/DataHall1/Section3/PDU/PDU7A/Outlet/Outlet10/RmsCurrent","random(10.0, 30.0, true)","Double"
"0","Exchange/DataCenterDemo/Site1/DataHall1/Section3/UPS/UPS1B/Input/SystemInputPowerFactor","random(0.95, 0.98, true)","Double"
"0","Exchange/DataCenterDemo/Site1/DataHall1/Section4/AHU/AHU1/Fan/FanSpeedCommand","square(70.0, 100.0, 91.423, true)","Double"
"0","Exchange/DataCenterDemo/Site1/DataHall2/Section1/PDU/PDU5B/Outlet/Outlet7/RmsCurrent","random(10.0, 30.0, true)","Double"
"0","Exchange/DataCenterDemo/Site1/DataHall2/Section3/PDU/PDU4B/Outlet/Outlet14/RmsCurrent","random(10.0, 30.0, true)","Double"
"0","Exchange/DataCenterDemo/Site1/DataHall1/Section3/PDU/PDU12A/Outlet/Outlet5/RmsCurrent","random(10.0, 30.0, true)","Double"
"0","Exchange/DataCenterDemo/Site1/DataHall1/Section2/PDU/PDU4A/Outlet/Outlet13/RmsCurrent","random(10.0, 30.0, true)","Double"
"0","Exchange/DataCenterDemo/Site1/DataHall2/Section1/PDU/PDU1A/Outlet/Outlet8/RmsCurrent","random(10.0, 30.0, true)","Double"
"0","Exchange/DataCenterDemo/Site1/DataHall2/Section4/Heatmap/Aisle3/Sensor3/Humidity","cosine(46.0, 48.0, 100.844, true)","Double"
"0","Exchange/DataCenterDemo/Site1/DataHall2/Section2/Heatmap/Aisle11/Sensor3/Temperature","random(18.0, 23.9, true)","Double"
"0","Exchange/DataCenterDemo/Site1/DataHall1/Section4/PDU/PDU12B/Outlet/Outlet15/RmsCurrent","random(10.0, 30.0, true)","Double"
"0","Exchange/DataCenterDemo/Site1/DataHall2/Section1/Heatmap/Aisle13/Sensor3/Humidity","cosine(46.0, 48.0, 98.368, true)","Double"
"0","Exchange/DataCenterDemo/Site1/DataHall1/Section4/PDU/PDU4A/Outlet/Outlet6/RmsCurrent","random(10.0, 30.0, true)","Double"
"0","Exchange/DataCenterDemo/Site1/DataHall2/Section2/PDU/PDU7A/Outlet/Outlet1/RmsCurrent","random(10.0, 30.0, true)","Double"
"0","Exchange/DataCenterDemo/Site1/DataHall2/Section2/Heatmap/Aisle3/Sensor1/Temperature","random(18.0, 23.9, true)","Double"
"0","Exchange/DataCenterDemo/Site1/DataHall1/Section1/PDU/PDU2A/Outlet/Outlet4/RmsCurrent","random(10.0, 30.0, true)","Double"
"0","Exchange/DataCenterDemo/Site1/DataHall1/Section3/Breaker/Breaker6A/Metering/VoltageMeanLL","random(470.0, 490.0, true)","Double"
"0","Exchange/DataCenterDemo/Site1/DataHall1/Section3/PDU/PDU6A/Outlet/Outlet3/RmsCurrent","random(10.0, 30.0, true)","Double"
"0","Exchange/DataCenterDemo/Site1/DataHall2/Section4/AHU/AHU2/Fan/SupplyAirStaticPressure","cosine(210.0, 225.0, 102.406, true)","Double"
"0","Exchange/DataCenterDemo/Site1/DataHall2/Section4/PDU/PDU10B/Outlet/Outlet1/RmsCurrent","random(10.0, 30.0, true)","Double"
"0","Exchange/DataCenterDemo/Site1/DataHall2/Section1/Breaker/Breaker3B/Metering/VoltageMeanLL","random(470.0, 490.0, true)","Double"
"0","Exchange/DataCenterDemo/Site1/DataHall1/Section1/PDU/PDU9A/Outlet/Outlet10/RmsCurrent","random(10.0, 30.0, true)","Double"
"0","Exchange/DataCenterDemo/Site1/DataHall1/Section3/PDU/PDU10B/Outlet/Outlet8/RmsCurrent","random(10.0, 30.0, true)","Double"
"0","Exchange/DataCenterDemo/Site1/DataHall1/Section3/PDU/PDU7A/Outlet/Outlet1/RmsCurrent","random(10.0, 30.0, true)","Double"
"0","Exchange/DataCenterDemo/Site1/DataHall1/Section4/PDU/PDU3A/Outlet/Outlet3/RmsCurrent","random(10.0, 30.0, true)","Double"
"0","Exchange/DataCenterDemo/Site1/DataHall2/Section1/AHU/AHU4/Fan/SupplyAirStaticPressure","cosine(210.0, 225.0, 91.806, true)","Double"
"0","Exchange/DataCenterDemo/Site1/DataHall1/Section1/Heatmap/Aisle8/Sensor1/Temperature","random(38.0, 43.9, true)","Double"
"0","Exchange/DataCenterDemo/Site1/DataHall1/Section3/PDU/PDU8A/Outlet/Outlet9/RmsCurrent","random(10.0, 30.0, true)","Double"
"0","Exchange/DataCenterDemo/Site1/DataHall1/Section1/PDU/PDU11A/Outlet/Outlet13/RmsCurrent","random(10.0, 30.0, true)","Double"
"0","Exchange/DataCenterDemo/Site1/DataHall1/Section1/PDU/PDU1A/Outlet/Outlet1/RmsCurrent","random(10.0, 30.0, true)","Double"
"0","Exchange/DataCenterDemo/Site1/DataHall2/Section1/AHU/AHU2/Temperature/SupplyAirTemperature","sine(21.0, 22.0, 103.757, true)","Double"
"0","Exchange/DataCenterDemo/Site1/DataHall2/Section3/AHU/AHU7/Fan/FanSpeedCommand","square(70.0, 100.0, 102.155, true)","Double"
"0","Exchange/DataCenterDemo/Site1/DataHall2/Section3/Heatmap/Aisle11/Sensor1/Temperature","random(18.0, 23.9, true)","Double"
"0","Exchange/DataCenterDemo/Site1/DataHall2/Section1/PDU/PDU12B/Outlet/Outlet9/RmsCurrent","random(10.0, 30.0, true)","Double"
"0","Exchange/DataCenterDemo/Site1/DataHall2/Section2/UPS/UPS1B/Output/SystemOutputVoltageBC","random(480.0, 480.5, true)","Double"
"0","Exchange/DataCenterDemo/Site1/DataHall2/Section2/PDU/PDU5B/Outlet/Outlet9/RmsCurrent","random(10.0, 30.0, true)","Double"
"0","Exchange/DataCenterDemo/Site1/DataHall1/Section4/PDU/PDU2B/Outlet/Outlet9/RmsCurrent","random(10.0, 30.0, true)","Double"
"0","Exchange/DataCenterDemo/Site1/DataHall1/Section2/PDU/PDU4B/Outlet/Outlet16/RmsCurrent","random(10.0, 30.0, true)","Double"
"0","Exchange/DataCenterDemo/Site1/DataHall2/Section4/PDU/PDU9B/Outlet/Outlet14/RmsCurrent","random(10.0, 30.0, true)","Double"
"0","Exchange/DataCenterDemo/Site1/DataHall1/Section4/PDU/PDU1B/Outlet/Outlet1/RmsCurrent","random(10.0, 30.0, true)","Double"
"0","Exchange/DataCenterDemo/Site1/DataHall2/Section1/PDU/PDU7B/Outlet/Outlet1/RmsCurrent","random(10.0, 30.0, true)","Double"
"0","Exchange/DataCenterDemo/Site1/DataHall2/Section3/PDU/PDU9B/Outlet/Outlet6/RmsCurrent","random(10.0, 30.0, true)","Double"
"0","Exchange/DataCenterDemo/Site1/DataHall1/Section2/PDU/PDU11B/Outlet/Outlet6/RmsCurrent","random(10.0, 30.0, true)","Double"
"0","Exchange/DataCenterDemo/Site1/DataHall2/Section4/PDU/PDU6B/Outlet/Outlet1/RmsCurrent","random(10.0, 30.0, true)","Double"
"0","Exchange/DataCenterDemo/Site1/DataHall2/Section4/PDU/PDU2A/Outlet/Outlet2/RmsCurrent","random(10.0, 30.0, true)","Double"
"0","Exchange/DataCenterDemo/Site1/DataHall2/Section4/PDU/PDU11B/Outlet/Outlet4/RmsCurrent","random(10.0, 30.0, true)","Double"
"0","Exchange/DataCenterDemo/Site1/DataHall2/Section1/PDU/PDU6A/Outlet/Outlet11/RmsCurrent","random(10.0, 30.0, true)","Double"
"0","Exchange/DataCenterDemo/Site1/DataHall1/Section3/Heatmap/Aisle6/Sensor3/Humidity","cosine(42.0, 44.0, 100.399, true)","Double"
"0","Exchange/DataCenterDemo/Site1/DataHall1/Section4/AHU/AHU2/Fan/FanSpeedCommand","square(70.0, 100.0, 96.911, true)","Double"
"0","Exchange/DataCenterDemo/Site1/DataHall2/Section3/Heatmap/Aisle12/Sensor1/Temperature","random(38.0, 43.9, true)","Double"
"0","Exchange/DataCenterDemo/Architecture/EAM/Agents/Backend - Master/Master/Metrics/Logging/Errors Per Hour","random(0.0, 5.0, true)","Double"
"0","Exchange/DataCenterDemo/Site1/DataHall1/Section3/PDU/PDU2B/Outlet/Outlet16/RmsCurrent","random(10.0, 30.0, true)","Double"
"0","Exchange/DataCenterDemo/Site1/DataHall2/Section4/PDU/PDU7B/Outlet/Outlet9/RmsCurrent","random(10.0, 30.0, true)","Double"
"0","Exchange/DataCenterDemo/Site1/DataHall2/Section4/PDU/PDU1B/Outlet/Outlet8/RmsCurrent","random(10.0, 30.0, true)","Double"
"0","Exchange/DataCenterDemo/Site1/DataHall2/Section4/UPS/UPS2B/Input/SystemInputPowerFactor","random(0.95, 0.98, true)","Double"
"0","Exchange/DataCenterDemo/Site1/DataHall1/Section2/Breaker/Breaker4A/Metering/CurrentA","random(4300.0, 5800.0, true)","Double"
"0","Exchange/DataCenterDemo/Site1/DataHall2/Section4/PDU/PDU9B/Outlet/Outlet3/RmsCurrent","random(10.0, 30.0, true)","Double"
"0","Exchange/DataCenterDemo/Site1/DataHall1/Section2/Breaker/Breaker4A/Metering/CurrentB","random(4300.0, 5800.0, true)","Double"
"0","Exchange/DataCenterDemo/Site1/DataHall2/Section2/AHU/AHU3/Fan/FanSpeedFeedback","cosine(70.0, 100.0, 103.593, true)","Double"
"0","Exchange/DataCenterDemo/Site1/DataHall1/Section2/Breaker/Breaker4A/Metering/CurrentC","random(4300.0, 5800.0, true)","Double"
"0","Exchange/DataCenterDemo/Site1/DataHall2/Section2/UPS/UPS1B/Output/SystemOutputVoltageAB","random(480.0, 480.5, true)","Double"
"0","Exchange/DataCenterDemo/Site1/DataHall1/Section2/Heatmap/Aisle7/Sensor2/Temperature","random(18.0, 23.9, true)","Double"
"0","Exchange/DataCenterDemo/Site1/DataHall1/Section4/AHU/AHU2/Temperature/MixedAirTemperature","cosine(14.0, 16.0, 94.821, true)","Double"
"0","Exchange/DataCenterDemo/Site1/DataHall1/Section1/Heatmap/Aisle13/Sensor1/Humidity","cosine(46.0, 48.0, 90.56, true)","Double"
"0","Exchange/DataCenterDemo/Site1/DataHall2/Section3/PDU/PDU2B/Outlet/Outlet9/RmsCurrent","random(10.0, 30.0, true)","Double"
"0","Exchange/DataCenterDemo/Site1/DataHall2/Section4/Heatmap/Aisle9/Sensor1/Humidity","cosine(46.0, 48.0, 106.199, true)","Double"
"0","Exchange/DataCenterDemo/Site1/DataHall1/Section3/PDU/PDU1A/Outlet/Outlet14/RmsCurrent","random(10.0, 30.0, true)","Double"
"0","Exchange/DataCenterDemo/Site1/DataHall1/Section3/UPS/UPS1A/Output/SystemOutputVoltageAB","random(480.0, 480.5, true)","Double"
"0","Exchange/DataCenterDemo/Site1/DataHall1/Section4/Breaker/Breaker3B/Metering/CurrentC","random(4300.0, 5800.0, true)","Double"
"0","Exchange/DataCenterDemo/Site1/DataHall2/Section4/PDU/PDU10B/Outlet/Outlet6/RmsCurrent","random(10.0, 30.0, true)","Double"
"0","Exchange/DataCenterDemo/Site1/DataHall1/Section3/Heatmap/Aisle2/Sensor2/Temperature","random(38.0, 43.9, true)","Double"
"0","Exchange/DataCenterDemo/Site1/DataHall2/Section2/PDU/PDU1A/Outlet/Outlet14/RmsCurrent","random(10.0, 30.0, true)","Double"
"0","Exchange/DataCenterDemo/Site1/DataHall1/Section4/Breaker/Breaker3B/Metering/CurrentA","random(4300.0, 5800.0, true)","Double"
"0","Exchange/DataCenterDemo/Site1/DataHall1/Section4/PDU/PDU2B/Outlet/Outlet16/RmsCurrent","random(10.0, 30.0, true)","Double"
"0","Exchange/DataCenterDemo/Site1/DataHall1/Section1/Heatmap/Aisle4/Sensor3/Temperature","random(38.0, 43.9, true)","Double"
"0","Exchange/DataCenterDemo/Site1/DataHall1/Section4/Breaker/Breaker3B/Metering/CurrentB","random(4300.0, 5800.0, true)","Double"
"0","Exchange/DataCenterDemo/Site1/DataHall1/Section1/PDU/PDU4B/Outlet/Outlet16/RmsCurrent","random(10.0, 30.0, true)","Double"
"0","Exchange/DataCenterDemo/Site1/DataHall1/Section4/PDU/PDU10A/Outlet/Outlet4/RmsCurrent","random(10.0, 30.0, true)","Double"
"0","Exchange/DataCenterDemo/Site1/DataHall2/Section2/PDU/PDU8A/Outlet/Outlet9/RmsCurrent","random(10.0, 30.0, true)","Double"
"0","Exchange/DataCenterDemo/Site1/DataHall1/Section2/PDU/PDU1B/Outlet/Outlet12/RmsCurrent","random(10.0, 30.0, true)","Double"
"0","Exchange/DataCenterDemo/Site1/DataHall2/Section4/AHU/AHU6/Temperature/ReturnAirTemperature","sine(30.0, 34.0, 212.245, true)","Double"
"0","Exchange/DataCenterDemo/Site1/DataHall2/Section1/AHU/AHU1/Temperature/ReturnAirTemperature","sine(30.0, 34.0, 180.569, true)","Double"
"0","Exchange/DataCenterDemo/Site1/DataHall2/Section2/UPS/UPS1B/Output/SystemOutputVoltageCA","random(480.0, 480.5, true)","Double"
"0","Exchange/DataCenterDemo/Site1/DataHall1/Section3/UPS/UPS1A/Output/SystemOutputVoltageBC","random(480.0, 480.5, true)","Double"
"0","Exchange/DataCenterDemo/Site1/DataHall1/Section2/Heatmap/Aisle8/Sensor2/Temperature","random(38.0, 43.9, true)","Double"
"0","Exchange/DataCenterDemo/Site1/DataHall1/Section4/PDU/PDU11A/Outlet/Outlet2/RmsCurrent","random(10.0, 30.0, true)","Double"
"0","Exchange/DataCenterDemo/Site1/DataHall2/Section3/PDU/PDU7A/Outlet/Outlet8/RmsCurrent","random(10.0, 30.0, true)","Double"
"0","Exchange/DataCenterDemo/Site1/DataHall2/Section3/Heatmap/Aisle2/Sensor3/Humidity","cosine(42.0, 44.0, 106.862, true)","Double"
"0","Exchange/DataCenterDemo/Site1/DataHall2/Section1/PDU/PDU1B/Outlet/Outlet12/RmsCurrent","random(10.0, 30.0, true)","Double"
"0","Exchange/DataCenterDemo/Site1/DataHall2/Section1/PDU/PDU3A/Outlet/Outlet9/RmsCurrent","random(10.0, 30.0, true)","Double"
"0","Exchange/DataCenterDemo/Site1/DataHall1/Section4/PDU/PDU7A/Outlet/Outlet15/RmsCurrent","random(10.0, 30.0, true)","Double"
"0","Exchange/DataCenterDemo/Site1/DataHall1/Section2/PDU/PDU12B/Outlet/Outlet15/RmsCurrent","random(10.0, 30.0, true)","Double"
"0","Exchange/DataCenterDemo/Site1/DataHall2/Section3/PDU/PDU11B/Outlet/Outlet4/RmsCurrent","random(10.0, 30.0, true)","Double"
"0","Exchange/DataCenterDemo/Site1/DataHall2/Section3/PDU/PDU12B/Outlet/Outlet2/RmsCurrent","random(10.0, 30.0, true)","Double"
"0","Exchange/DataCenterDemo/Site1/DataHall1/Section4/Heatmap/Aisle8/Sensor2/Humidity","cosine(42.0, 44.0, 109.859, true)","Double"
"0","Exchange/DataCenterDemo/Site1/DataHall2/Section2/AHU/AHU5/Fan/FanSpeedFeedback","cosine(70.0, 100.0, 109.736, true)","Double"
"0","Exchange/DataCenterDemo/Site1/DataHall1/Section3/PDU/PDU7B/Outlet/Outlet13/RmsCurrent","random(10.0, 30.0, true)","Double"
"0","Exchange/DataCenterDemo/Site1/DataHall2/Section3/PDU/PDU3A/Outlet/Outlet3/RmsCurrent","random(10.0, 30.0, true)","Double"
"0","Exchange/DataCenterDemo/Site1/DataHall1/Section3/PDU/PDU7A/Outlet/Outlet15/RmsCurrent","random(10.0, 30.0, true)","Double"
"0","Exchange/DataCenterDemo/Site1/DataHall2/Section3/PDU/PDU4A/Outlet/Outlet11/RmsCurrent","random(10.0, 30.0, true)","Double"
"0","Exchange/DataCenterDemo/Site1/DataHall1/Section3/PDU/PDU11A/Outlet/Outlet2/RmsCurrent","random(10.0, 30.0, true)","Double"
"0","Exchange/DataCenterDemo/Site1/DataHall2/Section1/PDU/PDU8B/Outlet/Outlet4/RmsCurrent","random(10.0, 30.0, true)","Double"
"0","Exchange/DataCenterDemo/Site1/DataHall2/Section3/AHU/AHU6/Fan/FanSpeedFeedback","cosine(70.0, 100.0, 104.797, true)","Double"
"0","Exchange/DataCenterDemo/Site1/DataHall1/Section2/PDU/PDU12B/Outlet/Outlet9/RmsCurrent","random(10.0, 30.0, true)","Double"
"0","Exchange/DataCenterDemo/Site1/DataHall2/Section1/UPS/UPS1A/Battery/BatteryCapacityRemaining","ramp(95.0, 99.0, 90.014, true)","Double"
"0","Exchange/DataCenterDemo/Site1/DataHall2/Section3/PDU/PDU7A/Outlet/Outlet3/RmsCurrent","random(10.0, 30.0, true)","Double"
"0","Exchange/DataCenterDemo/Site1/DataHall1/Section4/Heatmap/Aisle6/Sensor1/Temperature","random(38.0, 43.9, true)","Double"
"0","Exchange/DataCenterDemo/Site1/DataHall1/Section4/UPS/UPS1B/Input/SystemInputVoltageBC","random(470.0, 490.0, true)","Double"
"0","Exchange/DataCenterDemo/Site1/DataHall2/Section4/PDU/PDU1B/Outlet/Outlet3/RmsCurrent","random(10.0, 30.0, true)","Double"
"0","Exchange/DataCenterDemo/Site1/DataHall1/Section2/Breaker/Breaker4A/Metering/VoltageMeanLL","random(470.0, 490.0, true)","Double"
"0","Exchange/DataCenterDemo/Site1/DataHall2/Section3/PDU/PDU4A/Outlet/Outlet16/RmsCurrent","random(10.0, 30.0, true)","Double"
"0","Exchange/DataCenterDemo/Site1/DataHall1/Section3/PDU/PDU11A/Outlet/Outlet13/RmsCurrent","random(10.0, 30.0, true)","Double"
"0","Exchange/DataCenterDemo/Site1/DataHall1/Section2/Heatmap/Aisle12/Sensor2/Humidity","cosine(42.0, 44.0, 90.025, true)","Double"
"0","Exchange/DataCenterDemo/Site1/DataHall1/Section2/PDU/PDU11B/Outlet/Outlet1/RmsCurrent","random(10.0, 30.0, true)","Double"
"0","Exchange/DataCenterDemo/Site1/DataHall1/Section4/Heatmap/Aisle3/Sensor2/Humidity","cosine(46.0, 48.0, 99.865, true)","Double"
"0","Exchange/DataCenterDemo/Site1/DataHall2/Section2/PDU/PDU10B/Outlet/Outlet8/RmsCurrent","random(10.0, 30.0, true)","Double"
"0","Exchange/DataCenterDemo/Site1/DataHall2/Section4/AHU/AHU3/Status/IsAhuRunning","1.0","Double"
"0","Exchange/DataCenterDemo/Site1/DataHall2/Section4/AHU/AHU4/Temperature/SupplyAirTemperature","sine(21.0, 22.0, 108.878, true)","Double"
"0","Exchange/DataCenterDemo/Site1/DataHall1/Section1/Breaker/Breaker5B/Metering/VoltageMeanLL","random(470.0, 490.0, true)","Double"
"0","Exchange/DataCenterDemo/Site1/DataHall1/Section3/PDU/PDU9B/Outlet/Outlet4/RmsCurrent","random(10.0, 30.0, true)","Double"
"0","Exchange/DataCenterDemo/Site1/DataHall2/Section3/AHU/AHU7/Fan/FanSpeedFeedback","cosine(70.0, 100.0, 109.381, true)","Double"
"0","Exchange/DataCenterDemo/Site1/DataHall1/Section2/PDU/PDU5B/Outlet/Outlet15/RmsCurrent","random(10.0, 30.0, true)","Double"
"0","Exchange/DataCenterDemo/Site1/DataHall2/Section1/PQM/PQM2A/PQ/ThdVoltageAN","3.3","Double"
"0","Exchange/DataCenterDemo/Site1/DataHall1/Section2/PDU/PDU7A/Outlet/Outlet9/RmsCurrent","random(10.0, 30.0, true)","Double"
"0","Exchange/DataCenterDemo/Site1/DataHall2/Section1/PDU/PDU8B/Outlet/Outlet12/RmsCurrent","random(10.0, 30.0, true)","Double"
"0","Exchange/DataCenterDemo/Site1/DataHall1/Section4/PDU/PDU3A/Outlet/Outlet8/RmsCurrent","random(10.0, 30.0, true)","Double"
"0","Exchange/DataCenterDemo/Site1/DataHall2/Section1/PDU/PDU11B/Outlet/Outlet6/RmsCurrent","random(10.0, 30.0, true)","Double"
"0","Exchange/DataCenterDemo/Site1/DataHall1/Section2/PDU/PDU3B/Outlet/Outlet1/RmsCurrent","random(10.0, 30.0, true)","Double"
"0","Exchange/DataCenterDemo/Site1/DataHall1/Section2/PDU/PDU6A/Outlet/Outlet1/RmsCurrent","random(10.0, 30.0, true)","Double"
"0","Exchange/DataCenterDemo/Site1/DataHall1/Section4/PDU/PDU8A/Outlet/Outlet14/RmsCurrent","random(10.0, 30.0, true)","Double"
"0","Exchange/DataCenterDemo/Site1/DataHall2/Section2/Heatmap/Aisle13/Sensor3/Humidity","cosine(46.0, 48.0, 109.603, true)","Double"
"0","Exchange/DataCenterDemo/Site1/DataHall2/Section2/UPS/UPS1B/Input/SystemInputVoltageAB","random(470.0, 490.0, true)","Double"
"0","Exchange/DataCenterDemo/Site1/DataHall1/Section2/Heatmap/Aisle2/Sensor1/Temperature","random(38.0, 43.9, true)","Double"
"0","Exchange/DataCenterDemo/Site1/DataHall1/Section4/UPS/UPS1B/Input/SystemInputVoltageAB","random(470.0, 490.0, true)","Double"
"0","Exchange/DataCenterDemo/Site1/DataHall2/Section4/PDU/PDU2B/Outlet/Outlet14/RmsCurrent","random(10.0, 30.0, true)","Double"
"0","Exchange/DataCenterDemo/Site1/DataHall1/Section1/AHU/AHU7/Temperature/SupplyAirTemperature","sine(21.0, 22.0, 103.755, true)","Double"
"0","Exchange/DataCenterDemo/Site1/DataHall2/Section3/PDU/PDU3A/Outlet/Outlet8/RmsCurrent","random(10.0, 30.0, true)","Double"
"0","Exchange/DataCenterDemo/Site1/DataHall1/Section3/PDU/PDU8B/Outlet/Outlet12/RmsCurrent","random(10.0, 30.0, true)","Double"
"0","Exchange/DataCenterDemo/Site1/DataHall1/Section1/PDU/PDU3A/Outlet/Outlet14/RmsCurrent","random(10.0, 30.0, true)","Double"
"0","Exchange/DataCenterDemo/Site1/DataHall2/Section3/PDU/PDU12B/Outlet/Outlet13/RmsCurrent","random(10.0, 30.0, true)","Double"
"0","Exchange/DataCenterDemo/Site1/DataHall2/Section2/PDU/PDU10A/Outlet/Outlet4/RmsCurrent","random(10.0, 30.0, true)","Double"
"0","Exchange/DataCenterDemo/Site1/DataHall2/Section2/PDU/PDU11B/Outlet/Outlet14/RmsCurrent","random(10.0, 30.0, true)","Double"
"0","Exchange/DataCenterDemo/Site1/DataHall1/Section4/PDU/PDU10B/Outlet/Outlet8/RmsCurrent","random(10.0, 30.0, true)","Double"
"0","Exchange/DataCenterDemo/Site1/DataHall2/Section1/PQM/PQM2B/Freq/Frequency","ramp(59.7, 60.3, 0.907, true)","Double"
"0","Exchange/DataCenterDemo/Site1/DataHall1/Section3/PDU/PDU5B/Outlet/Outlet9/RmsCurrent","random(10.0, 30.0, true)","Double"
"0","Exchange/DataCenterDemo/Site1/DataHall1/Section3/Heatmap/Aisle11/Sensor3/Humidity","cosine(46.0, 48.0, 90.189, true)","Double"
"0","Exchange/DataCenterDemo/Site1/DataHall1/Section1/UPS/UPS1A/Battery/BatteryCapacityRemaining","ramp(95.0, 99.0, 96.0, true)","Double"
"0","Exchange/DataCenterDemo/Site1/DataHall1/Section1/PDU/PDU5B/Outlet/Outlet10/RmsCurrent","random(10.0, 30.0, true)","Double"
"0","Exchange/DataCenterDemo/Site1/DataHall1/Section1/Heatmap/Aisle9/Sensor3/Humidity","cosine(46.0, 48.0, 99.16, true)","Double"
"0","Exchange/DataCenterDemo/Site1/DataHall1/Section4/PDU/PDU11A/Outlet/Outlet13/RmsCurrent","random(10.0, 30.0, true)","Double"
"0","Exchange/DataCenterDemo/Site1/DataHall1/Section4/AHU/AHU3/Status/IsAhuRunning","1.0","Double"
"0","Exchange/DataCenterDemo/Site1/DataHall2/Section4/PQM/PQM2B/Freq/Frequency","ramp(59.7, 60.3, 0.901, true)","Double"
"0","Exchange/DataCenterDemo/Site1/DataHall2/Section4/Heatmap/Aisle2/Sensor3/Temperature","random(38.0, 43.9, true)","Double"
"0","Exchange/DataCenterDemo/Site1/DataHall2/Section1/PDU/PDU3B/Outlet/Outlet1/RmsCurrent","random(10.0, 30.0, true)","Double"
"0","Exchange/DataCenterDemo/Site1/DataHall1/Section3/PDU/PDU11B/Outlet/Outlet6/RmsCurrent","random(10.0, 30.0, true)","Double"
"0","Exchange/DataCenterDemo/Site1/DataHall2/Section4/PDU/PDU5B/Outlet/Outlet3/RmsCurrent","random(10.0, 30.0, true)","Double"
"0","Exchange/DataCenterDemo/Site1/DataHall2/Section2/PDU/PDU5B/Outlet/Outlet4/RmsCurrent","random(10.0, 30.0, true)","Double"
"0","Exchange/DataCenterDemo/Site1/DataHall1/Section4/PDU/PDU4B/Outlet/Outlet14/RmsCurrent","random(10.0, 30.0, true)","Double"
"0","Exchange/DataCenterDemo/Site1/DataHall2/Section3/PDU/PDU7B/Outlet/Outlet11/RmsCurrent","random(10.0, 30.0, true)","Double"
"0","Exchange/DataCenterDemo/Site1/DataHall2/Section2/Heatmap/Aisle4/Sensor1/Temperature","random(38.0, 43.9, true)","Double"
"0","Exchange/DataCenterDemo/Site1/DataHall2/Section2/PDU/PDU4B/Outlet/Outlet14/RmsCurrent","random(10.0, 30.0, true)","Double"
"0","Exchange/DataCenterDemo/Site1/DataHall1/Section3/PDU/PDU5B/Outlet/Outlet4/RmsCurrent","random(10.0, 30.0, true)","Double"
"0","Exchange/DataCenterDemo/Site1/DataHall1/Section1/PDU/PDU1A/Outlet/Outlet6/RmsCurrent","random(10.0, 30.0, true)","Double"
"0","Exchange/DataCenterDemo/Site1/DataHall1/Section2/PDU/PDU12B/Outlet/Outlet4/RmsCurrent","random(10.0, 30.0, true)","Double"
"0","Exchange/DataCenterDemo/Site1/DataHall1/Section1/PDU/PDU9A/Outlet/Outlet1/RmsCurrent","random(10.0, 30.0, true)","Double"
"0","Exchange/DataCenterDemo/Site1/DataHall2/Section2/Heatmap/Aisle10/Sensor3/Temperature","random(38.0, 43.9, true)","Double"
"0","Exchange/DataCenterDemo/Site1/DataHall2/Section4/PDU/PDU7A/Outlet/Outlet13/RmsCurrent","random(10.0, 30.0, true)","Double"
"0","Exchange/DataCenterDemo/Site1/DataHall2/Section2/PDU/PDU12B/Outlet/Outlet13/RmsCurrent","random(10.0, 30.0, true)","Double"
"0","Exchange/DataCenterDemo/Site1/DataHall1/Section1/PDU/PDU6A/Outlet/Outlet9/RmsCurrent","random(10.0, 30.0, true)","Double"
"0","Exchange/DataCenterDemo/Site1/DataHall2/Section1/PDU/PDU11B/Outlet/Outlet14/RmsCurrent","random(10.0, 30.0, true)","Double"
"0","Exchange/DataCenterDemo/Site1/DataHall1/Section3/Heatmap/Aisle7/Sensor2/Humidity","cosine(46.0, 48.0, 92.177, true)","Double"
"0","Exchange/DataCenterDemo/Site1/DataHall2/Section2/PDU/PDU8A/Outlet/Outlet14/RmsCurrent","random(10.0, 30.0, true)","Double"
"0","Exchange/DataCenterDemo/Site1/DataHall1/Section1/PDU/PDU8B/Outlet/Outlet2/RmsCurrent","random(10.0, 30.0, true)","Double"
"0","Exchange/DataCenterDemo/Site1/DataHall1/Section3/PDU/PDU12A/Outlet/Outlet12/RmsCurrent","random(10.0, 30.0, true)","Double"
"0","Exchange/DataCenterDemo/Site1/DataHall2/Section1/PDU/PDU9B/Outlet/Outlet11/RmsCurrent","random(10.0, 30.0, true)","Double"
"0","Exchange/DataCenterDemo/Site1/DataHall1/Section2/PDU/PDU6A/Outlet/Outlet6/RmsCurrent","random(10.0, 30.0, true)","Double"
"0","Exchange/DataCenterDemo/Site1/DataHall1/Section4/Heatmap/Aisle1/Sensor3/Temperature","random(18.0, 23.9, true)","Double"
"0","Exchange/DataCenterDemo/Site1/DataHall1/Section1/Heatmap/Aisle12/Sensor2/Temperature","random(38.0, 43.9, true)","Double"
"0","Exchange/DataCenterDemo/Site1/DataHall1/Section2/PDU/PDU6B/Outlet/Outlet14/RmsCurrent","random(10.0, 30.0, true)","Double"
"0","Exchange/DataCenterDemo/Site1/DataHall1/Section2/PDU/PDU4B/Outlet/Outlet4/RmsCurrent","random(10.0, 30.0, true)","Double"
"0","Exchange/DataCenterDemo/Site1/DataHall2/Section2/AHU/AHU4/Fan/FanSpeedFeedback","cosine(70.0, 100.0, 108.84, true)","Double"
"0","Exchange/DataCenterDemo/Site1/DataHall2/Section1/AHU/AHU1/Temperature/SupplyAirTemperature","sine(21.0, 22.0, 96.744, true)","Double"
"0","Exchange/DataCenterDemo/Site1/DataHall2/Section4/PDU/PDU10A/Outlet/Outlet12/RmsCurrent","random(10.0, 30.0, true)","Double"
"0","Exchange/DataCenterDemo/Site1/DataHall2/Section1/PDU/PDU2A/Outlet/Outlet6/RmsCurrent","random(10.0, 30.0, true)","Double"
"0","Exchange/DataCenterDemo/Site1/DataHall2/Section2/PDU/PDU11A/Outlet/Outlet11/RmsCurrent","random(10.0, 30.0, true)","Double"
"0","Exchange/DataCenterDemo/Site1/DataHall2/Section4/PDU/PDU4A/Outlet/Outlet8/RmsCurrent","random(10.0, 30.0, true)","Double"
"0","Exchange/DataCenterDemo/Site1/DataHall2/Section2/PDU/PDU11A/Outlet/Outlet7/RmsCurrent","random(10.0, 30.0, true)","Double"
"0","Exchange/DataCenterDemo/Site1/DataHall2/Section4/UPS/UPS2A/Output/SystemOutputVoltageCA","random(480.0, 480.5, true)","Double"
"0","Exchange/DataCenterDemo/Site1/DataHall2/Section1/PDU/PDU9B/Outlet/Outlet7/RmsCurrent","random(10.0, 30.0, true)","Double"
"0","Exchange/DataCenterDemo/Site1/DataHall2/Section2/PDU/PDU6A/Outlet/Outlet3/RmsCurrent","random(10.0, 30.0, true)","Double"
"0","Exchange/DataCenterDemo/Site1/DataHall2/Section2/PDU/PDU2A/Outlet/Outlet3/RmsCurrent","random(10.0, 30.0, true)","Double"
"0","Exchange/DataCenterDemo/Site1/DataHall2/Section2/Heatmap/Aisle9/Sensor2/Temperature","random(18.0, 23.9, true)","Double"
"0","Exchange/DataCenterDemo/Site1/DataHall1/Section2/PDU/PDU5A/Outlet/Outlet12/RmsCurrent","random(10.0, 30.0, true)","Double"
"0","Exchange/DataCenterDemo/Site1/DataHall2/Section1/Heatmap/Aisle5/Sensor3/Temperature","random(18.0, 23.9, true)","Double"
"0","Exchange/DataCenterDemo/Site1/DataHall2/Section1/PDU/PDU7A/Outlet/Outlet9/RmsCurrent","random(10.0, 30.0, true)","Double"
"0","Exchange/DataCenterDemo/Site1/DataHall2/Section2/PDU/PDU3B/Outlet/Outlet15/RmsCurrent","random(10.0, 30.0, true)","Double"
"0","Exchange/DataCenterDemo/Site1/DataHall2/Section3/Heatmap/Aisle8/Sensor3/Temperature","random(38.0, 43.9, true)","Double"
"0","Exchange/DataCenterDemo/Site1/DataHall2/Section1/PDU/PDU12A/Outlet/Outlet5/RmsCurrent","random(10.0, 30.0, true)","Double"
"0","Exchange/DataCenterDemo/Site1/DataHall1/Section3/PDU/PDU6A/Outlet/Outlet16/RmsCurrent","random(10.0, 30.0, true)","Double"
"0","Exchange/DataCenterDemo/Site1/DataHall1/Section1/PDU/PDU2A/Outlet/Outlet9/RmsCurrent","random(10.0, 30.0, true)","Double"
"0","Exchange/DataCenterDemo/Site1/DataHall1/Section3/UPS/UPS2A/Battery/BatteryCapacityRemaining","ramp(95.0, 99.0, 106.864, true)","Double"
"0","Exchange/DataCenterDemo/Site1/DataHall2/Section4/PDU/PDU6A/Outlet/Outlet14/RmsCurrent","random(10.0, 30.0, true)","Double"
"0","Exchange/DataCenterDemo/Site1/DataHall2/Section4/UPS/UPS2A/Output/SystemOutputVoltageBC","random(480.0, 480.5, true)","Double"
"0","Exchange/DataCenterDemo/Site1/DataHall2/Section1/PDU/PDU12B/Outlet/Outlet13/RmsCurrent","random(10.0, 30.0, true)","Double"
"0","Exchange/DataCenterDemo/Site1/DataHall1/Section2/Heatmap/Aisle2/Sensor1/Humidity","cosine(42.0, 44.0, 92.759, true)","Double"
"0","Exchange/DataCenterDemo/Site1/DataHall1/Section2/PDU/PDU2A/Outlet/Outlet6/RmsCurrent","random(10.0, 30.0, true)","Double"
"0","Exchange/DataCenterDemo/Site1/DataHall2/Section2/PDU/PDU9A/Outlet/Outlet13/RmsCurrent","random(10.0, 30.0, true)","Double"
"0","Exchange/DataCenterDemo/Site1/DataHall2/Section4/PDU/PDU11B/Outlet/Outlet14/RmsCurrent","random(10.0, 30.0, true)","Double"
"0","Exchange/DataCenterDemo/Site1/DataHall2/Section4/PQM/PQM2A/Freq/Frequency","ramp(59.7, 60.3, 0.985, true)","Double"
"0","Exchange/DataCenterDemo/Site1/DataHall1/Section4/PDU/PDU12A/Outlet/Outlet12/RmsCurrent","random(10.0, 30.0, true)","Double"
"0","Exchange/DataCenterDemo/Site1/DataHall2/Section1/PDU/PDU6A/Outlet/Outlet16/RmsCurrent","random(10.0, 30.0, true)","Double"
"0","Exchange/DataCenterDemo/Site1/DataHall2/Section2/UPS/UPS1B/Input/SystemInputVoltageBC","random(470.0, 490.0, true)","Double"
"0","Exchange/DataCenterDemo/Site1/DataHall2/Section4/PDU/PDU6B/Outlet/Outlet6/RmsCurrent","random(10.0, 30.0, true)","Double"
"0","Exchange/DataCenterDemo/Site1/DataHall1/Section4/PDU/PDU7A/Outlet/Outlet3/RmsCurrent","random(10.0, 30.0, true)","Double"
"0","Exchange/DataCenterDemo/Site1/DataHall2/Section1/PDU/PDU10B/Outlet/Outlet3/RmsCurrent","random(10.0, 30.0, true)","Double"
"0","Exchange/DataCenterDemo/Site1/DataHall2/Section3/PDU/PDU9B/Outlet/Outlet1/RmsCurrent","random(10.0, 30.0, true)","Double"
"0","Exchange/DataCenterDemo/Site1/DataHall1/Section1/PDU/PDU5A/Outlet/Outlet1/RmsCurrent","random(10.0, 30.0, true)","Double"
"0","Exchange/DataCenterDemo/Site1/DataHall1/Section2/PDU/PDU9B/Outlet/Outlet7/RmsCurrent","random(10.0, 30.0, true)","Double"
"0","Exchange/DataCenterDemo/Site1/DataHall2/Section4/Heatmap/Aisle7/Sensor1/Temperature","random(18.0, 23.9, true)","Double"
"0","Exchange/DataCenterDemo/Site1/DataHall2/Section3/AHU/AHU3/Temperature/MixedAirTemperature","cosine(14.0, 16.0, 109.757, true)","Double"
"0","Exchange/DataCenterDemo/Site1/DataHall2/Section1/PDU/PDU11A/Outlet/Outlet11/RmsCurrent","random(10.0, 30.0, true)","Double"
"0","Exchange/DataCenterDemo/Site1/DataHall2/Section2/UPS/UPS1B/Input/SystemInputVoltageCA","random(470.0, 490.0, true)","Double"
"0","Exchange/DataCenterDemo/Site1/DataHall1/Section4/PDU/PDU3B/Outlet/Outlet15/RmsCurrent","random(10.0, 30.0, true)","Double"
"0","Exchange/DataCenterDemo/Site1/DataHall2/Section3/PDU/PDU10A/Outlet/Outlet12/RmsCurrent","random(10.0, 30.0, true)","Double"
"0","Exchange/DataCenterDemo/Site1/DataHall2/Section2/PDU/PDU1B/Outlet/Outlet9/RmsCurrent","random(10.0, 30.0, true)","Double"
"0","Exchange/DataCenterDemo/Site1/DataHall2/Section3/PDU/PDU1B/Outlet/Outlet6/RmsCurrent","random(10.0, 30.0, true)","Double"
"0","Exchange/DataCenterDemo/Site1/DataHall1/Section1/PDU/PDU10A/Outlet/Outlet1/RmsCurrent","random(10.0, 30.0, true)","Double"
"0","Exchange/DataCenterDemo/Site1/DataHall2/Section3/PDU/PDU6B/Outlet/Outlet12/RmsCurrent","random(10.0, 30.0, true)","Double"
"0","Exchange/DataCenterDemo/Site1/DataHall2/Section4/AHU/AHU5/Temperature/ReturnAirTemperature","sine(30.0, 34.0, 219.621, true)","Double"
"0","Exchange/DataCenterDemo/Site1/DataHall2/Section1/AHU/AHU2/Temperature/ReturnAirTemperature","sine(30.0, 34.0, 188.464, true)","Double"
"0","Exchange/DataCenterDemo/Site1/DataHall1/Section3/AHU/AHU2/Temperature/ReturnAirTemperature","sine(30.0, 34.0, 208.164, true)","Double"
"0","Exchange/DataCenterDemo/Site1/DataHall1/Section1/PDU/PDU4B/Outlet/Outlet7/RmsCurrent","random(10.0, 30.0, true)","Double"
"0","Exchange/DataCenterDemo/Site1/DataHall1/Section1/PDU/PDU8A/Outlet/Outlet16/RmsCurrent","random(10.0, 30.0, true)","Double"
"0","Exchange/DataCenterDemo/Site1/DataHall2/Section4/PDU/PDU7B/Outlet/Outlet16/RmsCurrent","random(10.0, 30.0, true)","Double"
"0","Exchange/DataCenterDemo/Site1/DataHall1/Section4/PDU/PDU6B/Outlet/Outlet9/RmsCurrent","random(10.0, 30.0, true)","Double"
"0","Exchange/DataCenterDemo/Site1/DataHall1/Section4/UPS/UPS1B/Input/SystemInputVoltageCA","random(470.0, 490.0, true)","Double"
"0","Exchange/DataCenterDemo/Site1/DataHall2/Section2/PDU/PDU4B/Outlet/Outlet1/RmsCurrent","random(10.0, 30.0, true)","Double"
"0","Exchange/DataCenterDemo/Site1/DataHall2/Section2/PDU/PDU9B/Outlet/Outlet4/RmsCurrent","random(10.0, 30.0, true)","Double"
"0","Exchange/DataCenterDemo/Site1/DataHall1/Section3/PDU/PDU10B/Outlet/Outlet3/RmsCurrent","random(10.0, 30.0, true)","Double"
"0","Exchange/DataCenterDemo/Site1/DataHall2/Section4/PDU/PDU12A/Outlet/Outlet3/RmsCurrent","random(10.0, 30.0, true)","Double"
"0","Exchange/DataCenterDemo/Site1/DataHall2/Section4/PDU/PDU1B/Outlet/Outlet15/RmsCurrent","random(10.0, 30.0, true)","Double"
"0","Exchange/DataCenterDemo/Site1/DataHall1/Section2/Heatmap/Aisle6/Sensor2/Humidity","cosine(42.0, 44.0, 100.576, true)","Double"
"0","Exchange/DataCenterDemo/Site1/DataHall1/Section4/PDU/PDU1B/Outlet/Outlet6/RmsCurrent","random(10.0, 30.0, true)","Double"
"0","Exchange/DataCenterDemo/Site1/DataHall2/Section3/PDU/PDU11B/Outlet/Outlet14/RmsCurrent","random(10.0, 30.0, true)","Double"
"0","Exchange/DataCenterDemo/Site1/DataHall1/Section1/AHU/AHU4/Fan/FanSpeedCommand","square(70.0, 100.0, 107.767, true)","Double"
"0","Exchange/DataCenterDemo/Site1/DataHall1/Section3/PDU/PDU1B/Outlet/Outlet9/RmsCurrent","random(10.0, 30.0, true)","Double"
"0","Exchange/DataCenterDemo/Site1/DataHall2/Section4/Breaker/Breaker6B/Metering/CurrentC","random(4300.0, 5800.0, true)","Double"
"0","Exchange/DataCenterDemo/Site1/DataHall1/Section1/PDU/PDU2A/Outlet/Outlet15/RmsCurrent","random(10.0, 30.0, true)","Double"
"0","Exchange/DataCenterDemo/Site1/DataHall2/Section1/PDU/PDU4B/Outlet/Outlet4/RmsCurrent","random(10.0, 30.0, true)","Double"
"0","Exchange/DataCenterDemo/Site1/DataHall1/Section3/PDU/PDU4B/Outlet/Outlet1/RmsCurrent","random(10.0, 30.0, true)","Double"
"0","Exchange/DataCenterDemo/Architecture/EAM/Agents/Edge 4/Independent/Metrics/Logging/Errors Per Hour","random(0.0, 5.0, true)","Double"
"0","Exchange/DataCenterDemo/Site1/DataHall2/Section4/Breaker/Breaker6B/Metering/CurrentB","random(4300.0, 5800.0, true)","Double"
"0","Exchange/DataCenterDemo/Site1/DataHall2/Section3/PDU/PDU10A/Outlet/Outlet9/RmsCurrent","random(10.0, 30.0, true)","Double"
"0","Exchange/DataCenterDemo/Site1/DataHall2/Section3/PDU/PDU6B/Outlet/Outlet9/RmsCurrent","random(10.0, 30.0, true)","Double"
"0","Exchange/DataCenterDemo/Site1/DataHall2/Section4/Breaker/Breaker6B/Metering/CurrentA","random(4300.0, 5800.0, true)","Double"
